step,uid,dataset,correct,cumulative_regret
0,ds1000#978,ds1000,0,1.0000
1,hotpotqa#0,hotpotqa,0,2.0000
2,ddxplus#0,ddxplus,1,2.0000
3,ddxplus#1,ddxplus,0,3.0000
4,ddxplus#2,ddxplus,1,3.0000
5,hotpotqa#1,hotpotqa,1,3.0000
6,ds1000#933,ds1000,1,3.0000
7,ddxplus#3,ddxplus,0,4.0000
8,ddxplus#4,ddxplus,0,5.0000
9,ddxplus#5,ddxplus,0,6.0000
10,ds1000#859,ds1000,0,7.0000
11,ds1000#916,ds1000,0,8.0000
12,ds1000#127,ds1000,0,9.0000
13,ddxplus#6,ddxplus,1,9.0000
14,ddxplus#7,ddxplus,0,10.0000
15,ddxplus#8,ddxplus,1,10.0000
16,ddxplus#9,ddxplus,1,10.0000
17,hotpotqa#2,hotpotqa,1,10.0000
18,ddxplus#10,ddxplus,0,11.0000
19,ds1000#608,ds1000,0,12.0000
20,hotpotqa#3,hotpotqa,0,13.0000
21,ddxplus#11,ddxplus,0,14.0000
22,ddxplus#12,ddxplus,1,14.0000
23,ddxplus#13,ddxplus,0,15.0000
24,hotpotqa#4,hotpotqa,0,16.0000
25,hotpotqa#5,hotpotqa,1,16.0000
26,ddxplus#14,ddxplus,0,17.0000
27,hotpotqa#6,hotpotqa,0,18.0000
28,ddxplus#15,ddxplus,0,19.0000
29,hotpotqa#7,hotpotqa,1,19.0000
30,hotpotqa#8,hotpotqa,1,19.0000
31,ds1000#856,ds1000,0,20.0000
32,ds1000#260,ds1000,0,21.0000
33,hotpotqa#9,hotpotqa,1,21.0000
34,ddxplus#16,ddxplus,0,22.0000
35,ds1000#147,ds1000,1,22.0000
36,ddxplus#17,ddxplus,1,22.0000
37,ddxplus#18,ddxplus,0,23.0000
38,ddxplus#19,ddxplus,1,23.0000
39,hotpotqa#10,hotpotqa,0,24.0000
40,hotpotqa#11,hotpotqa,1,24.0000
41,ddxplus#20,ddxplus,0,25.0000
42,ds1000#810,ds1000,0,26.0000
43,ddxplus#21,ddxplus,1,26.0000
44,hotpotqa#12,hotpotqa,0,27.0000
45,ds1000#635,ds1000,0,28.0000
46,hotpotqa#13,hotpotqa,0,29.0000
47,ddxplus#22,ddxplus,1,29.0000
48,hotpotqa#14,hotpotqa,0,30.0000
49,ddxplus#23,ddxplus,0,31.0000
50,ddxplus#24,ddxplus,0,32.0000
51,ddxplus#25,ddxplus,0,33.0000
52,hotpotqa#15,hotpotqa,1,33.0000
53,ddxplus#26,ddxplus,0,34.0000
54,ds1000#972,ds1000,1,34.0000
55,ds1000#593,ds1000,0,35.0000
56,hotpotqa#16,hotpotqa,0,36.0000
57,ddxplus#27,ddxplus,0,37.0000
58,hotpotqa#17,hotpotqa,0,38.0000
59,ddxplus#28,ddxplus,1,38.0000
60,ddxplus#29,ddxplus,0,39.0000
61,hotpotqa#18,hotpotqa,1,39.0000
62,hotpotqa#19,hotpotqa,1,39.0000
63,ds1000#994,ds1000,0,40.0000
64,hotpotqa#20,hotpotqa,1,40.0000
65,ddxplus#30,ddxplus,0,41.0000
66,hotpotqa#21,hotpotqa,1,41.0000
67,ds1000#285,ds1000,0,42.0000
68,hotpotqa#22,hotpotqa,1,42.0000
69,ddxplus#31,ddxplus,1,42.0000
70,ddxplus#32,ddxplus,0,43.0000
71,ds1000#554,ds1000,0,44.0000
72,ds1000#467,ds1000,1,44.0000
73,ddxplus#33,ddxplus,1,44.0000
74,ds1000#276,ds1000,1,44.0000
75,ds1000#55,ds1000,0,45.0000
76,hotpotqa#23,hotpotqa,1,45.0000
77,ddxplus#34,ddxplus,0,46.0000
78,ds1000#61,ds1000,0,47.0000
79,ds1000#839,ds1000,0,48.0000
80,hotpotqa#24,hotpotqa,0,49.0000
81,hotpotqa#25,hotpotqa,1,49.0000
82,ddxplus#35,ddxplus,1,49.0000
83,ds1000#425,ds1000,0,50.0000
84,ds1000#82,ds1000,1,50.0000
85,ds1000#620,ds1000,0,51.0000
86,ddxplus#36,ddxplus,1,51.0000
87,hotpotqa#26,hotpotqa,0,52.0000
88,ds1000#787,ds1000,0,53.0000
89,hotpotqa#27,hotpotqa,1,53.0000
90,hotpotqa#28,hotpotqa,1,53.0000
91,ddxplus#37,ddxplus,1,53.0000
92,hotpotqa#29,hotpotqa,1,53.0000
93,hotpotqa#30,hotpotqa,1,53.0000
94,hotpotqa#31,hotpotqa,1,53.0000
95,hotpotqa#32,hotpotqa,1,53.0000
96,ds1000#2,ds1000,0,54.0000
97,hotpotqa#33,hotpotqa,1,54.0000
98,ddxplus#38,ddxplus,0,55.0000
99,hotpotqa#34,hotpotqa,1,55.0000
100,ds1000#753,ds1000,1,55.0000
101,ddxplus#39,ddxplus,1,55.0000
102,ddxplus#40,ddxplus,0,56.0000
103,hotpotqa#35,hotpotqa,0,57.0000
104,hotpotqa#36,hotpotqa,1,57.0000
105,ddxplus#41,ddxplus,0,58.0000
106,hotpotqa#37,hotpotqa,0,59.0000
107,ds1000#7,ds1000,0,60.0000
108,ddxplus#42,ddxplus,1,60.0000
109,ds1000#903,ds1000,0,61.0000
110,ddxplus#43,ddxplus,0,62.0000
111,hotpotqa#38,hotpotqa,1,62.0000
112,ddxplus#44,ddxplus,1,62.0000
113,ddxplus#45,ddxplus,0,63.0000
114,ddxplus#46,ddxplus,0,64.0000
115,hotpotqa#39,hotpotqa,1,64.0000
116,hotpotqa#40,hotpotqa,1,64.0000
117,hotpotqa#41,hotpotqa,0,65.0000
118,ddxplus#47,ddxplus,1,65.0000
119,ddxplus#48,ddxplus,0,66.0000
120,hotpotqa#42,hotpotqa,1,66.0000
121,ddxplus#49,ddxplus,1,66.0000
122,ddxplus#50,ddxplus,1,66.0000
123,ddxplus#51,ddxplus,1,66.0000
124,ds1000#626,ds1000,0,67.0000
125,ds1000#51,ds1000,0,68.0000
126,hotpotqa#43,hotpotqa,1,68.0000
127,hotpotqa#44,hotpotqa,0,69.0000
128,hotpotqa#45,hotpotqa,0,70.0000
129,ds1000#557,ds1000,0,71.0000
130,ddxplus#52,ddxplus,1,71.0000
131,ds1000#310,ds1000,1,71.0000
132,hotpotqa#46,hotpotqa,0,72.0000
133,ds1000#100,ds1000,1,72.0000
134,hotpotqa#47,hotpotqa,1,72.0000
135,hotpotqa#48,hotpotqa,1,72.0000
136,ddxplus#53,ddxplus,0,73.0000
137,ds1000#848,ds1000,0,74.0000
138,ds1000#921,ds1000,0,75.0000
139,ddxplus#54,ddxplus,0,76.0000
140,ds1000#45,ds1000,0,77.0000
141,hotpotqa#49,hotpotqa,1,77.0000
142,hotpotqa#50,hotpotqa,1,77.0000
143,ds1000#976,ds1000,1,77.0000
144,ds1000#136,ds1000,0,78.0000
145,hotpotqa#51,hotpotqa,1,78.0000
146,hotpotqa#52,hotpotqa,0,79.0000
147,ddxplus#55,ddxplus,1,79.0000
148,hotpotqa#53,hotpotqa,0,80.0000
149,hotpotqa#54,hotpotqa,1,80.0000
150,hotpotqa#55,hotpotqa,0,81.0000
151,hotpotqa#56,hotpotqa,1,81.0000
152,ds1000#128,ds1000,0,82.0000
153,ddxplus#56,ddxplus,0,83.0000
154,ddxplus#57,ddxplus,1,83.0000
155,ds1000#605,ds1000,1,83.0000
156,ddxplus#58,ddxplus,0,84.0000
157,ds1000#945,ds1000,0,85.0000
158,ds1000#773,ds1000,0,86.0000
159,ddxplus#59,ddxplus,1,86.0000
160,ds1000#941,ds1000,1,86.0000
161,hotpotqa#57,hotpotqa,1,86.0000
162,ddxplus#60,ddxplus,0,87.0000
163,ddxplus#61,ddxplus,1,87.0000
164,ddxplus#62,ddxplus,1,87.0000
165,ds1000#613,ds1000,1,87.0000
166,ds1000#98,ds1000,1,87.0000
167,hotpotqa#58,hotpotqa,0,88.0000
168,ddxplus#63,ddxplus,0,89.0000
169,ddxplus#64,ddxplus,0,90.0000
170,ds1000#758,ds1000,1,90.0000
171,ddxplus#65,ddxplus,0,91.0000
172,hotpotqa#59,hotpotqa,1,91.0000
173,ddxplus#66,ddxplus,0,92.0000
174,ddxplus#67,ddxplus,0,93.0000
175,ds1000#595,ds1000,0,94.0000
176,hotpotqa#60,hotpotqa,1,94.0000
177,hotpotqa#61,hotpotqa,0,95.0000
178,ds1000#470,ds1000,0,96.0000
179,ddxplus#68,ddxplus,1,96.0000
180,ddxplus#69,ddxplus,0,97.0000
181,ddxplus#70,ddxplus,0,98.0000
182,ddxplus#71,ddxplus,1,98.0000
183,ddxplus#72,ddxplus,0,99.0000
184,hotpotqa#62,hotpotqa,0,100.0000
185,ddxplus#73,ddxplus,1,100.0000
186,ddxplus#74,ddxplus,0,101.0000
187,hotpotqa#63,hotpotqa,0,102.0000
188,hotpotqa#64,hotpotqa,0,103.0000
189,ds1000#25,ds1000,0,104.0000
190,hotpotqa#65,hotpotqa,1,104.0000
191,hotpotqa#66,hotpotqa,0,105.0000
192,ddxplus#75,ddxplus,1,105.0000
193,ds1000#514,ds1000,0,106.0000
194,ddxplus#76,ddxplus,1,106.0000
195,ds1000#239,ds1000,0,107.0000
196,ddxplus#77,ddxplus,0,108.0000
197,hotpotqa#67,hotpotqa,0,109.0000
198,hotpotqa#68,hotpotqa,1,109.0000
199,ddxplus#78,ddxplus,0,110.0000
200,hotpotqa#69,hotpotqa,0,111.0000
201,hotpotqa#70,hotpotqa,0,112.0000
202,ds1000#980,ds1000,1,112.0000
203,ds1000#623,ds1000,1,112.0000
204,ds1000#252,ds1000,0,113.0000
205,hotpotqa#71,hotpotqa,0,114.0000
206,hotpotqa#72,hotpotqa,0,115.0000
207,ds1000#662,ds1000,0,116.0000
208,hotpotqa#73,hotpotqa,1,116.0000
209,ddxplus#79,ddxplus,0,117.0000
210,ds1000#171,ds1000,0,118.0000
211,hotpotqa#74,hotpotqa,0,119.0000
212,ddxplus#80,ddxplus,0,120.0000
213,hotpotqa#75,hotpotqa,1,120.0000
214,hotpotqa#76,hotpotqa,0,121.0000
215,ddxplus#81,ddxplus,0,122.0000
216,ddxplus#82,ddxplus,0,123.0000
217,ds1000#408,ds1000,0,124.0000
218,hotpotqa#77,hotpotqa,0,125.0000
219,ddxplus#83,ddxplus,1,125.0000
220,ds1000#993,ds1000,0,126.0000
221,ds1000#592,ds1000,1,126.0000
222,ds1000#427,ds1000,0,127.0000
223,ddxplus#84,ddxplus,0,128.0000
224,hotpotqa#78,hotpotqa,0,129.0000
225,hotpotqa#79,hotpotqa,1,129.0000
226,hotpotqa#80,hotpotqa,1,129.0000
227,ds1000#457,ds1000,1,129.0000
228,ds1000#454,ds1000,0,130.0000
229,ddxplus#85,ddxplus,1,130.0000
230,hotpotqa#81,hotpotqa,0,131.0000
231,hotpotqa#82,hotpotqa,0,132.0000
232,ddxplus#86,ddxplus,1,132.0000
233,ddxplus#87,ddxplus,0,133.0000
234,ds1000#151,ds1000,0,134.0000
235,hotpotqa#83,hotpotqa,0,135.0000
236,ds1000#756,ds1000,0,136.0000
237,hotpotqa#84,hotpotqa,0,137.0000
238,ds1000#250,ds1000,0,138.0000
239,ds1000#904,ds1000,0,139.0000
240,ds1000#324,ds1000,1,139.0000
241,ddxplus#88,ddxplus,0,140.0000
242,ds1000#439,ds1000,0,141.0000
243,ddxplus#89,ddxplus,0,142.0000
244,ddxplus#90,ddxplus,0,143.0000
245,ds1000#650,ds1000,0,144.0000
246,hotpotqa#85,hotpotqa,0,145.0000
247,hotpotqa#86,hotpotqa,0,146.0000
248,ddxplus#91,ddxplus,0,147.0000
249,ds1000#238,ds1000,0,148.0000
250,ds1000#498,ds1000,0,149.0000
251,ds1000#806,ds1000,1,149.0000
252,hotpotqa#87,hotpotqa,0,150.0000
253,hotpotqa#88,hotpotqa,0,151.0000
254,ds1000#629,ds1000,0,152.0000
255,ddxplus#92,ddxplus,0,153.0000
256,ds1000#468,ds1000,0,154.0000
257,ddxplus#93,ddxplus,0,155.0000
258,ddxplus#94,ddxplus,1,155.0000
259,hotpotqa#89,hotpotqa,1,155.0000
260,ddxplus#95,ddxplus,0,156.0000
261,ds1000#343,ds1000,1,156.0000
262,hotpotqa#90,hotpotqa,1,156.0000
263,ddxplus#96,ddxplus,0,157.0000
264,ds1000#664,ds1000,1,157.0000
265,ddxplus#97,ddxplus,0,158.0000
266,ddxplus#98,ddxplus,1,158.0000
267,ds1000#652,ds1000,1,158.0000
268,hotpotqa#91,hotpotqa,0,159.0000
269,ds1000#346,ds1000,0,160.0000
270,hotpotqa#92,hotpotqa,1,160.0000
271,hotpotqa#93,hotpotqa,1,160.0000
272,ddxplus#99,ddxplus,1,160.0000
273,ddxplus#100,ddxplus,1,160.0000
274,ds1000#381,ds1000,1,160.0000
275,ds1000#493,ds1000,1,160.0000
276,hotpotqa#94,hotpotqa,1,160.0000
277,ddxplus#101,ddxplus,1,160.0000
278,ddxplus#102,ddxplus,0,161.0000
279,hotpotqa#95,hotpotqa,0,162.0000
280,hotpotqa#96,hotpotqa,1,162.0000
281,ddxplus#103,ddxplus,1,162.0000
282,ds1000#513,ds1000,0,163.0000
283,ddxplus#104,ddxplus,1,163.0000
284,ds1000#563,ds1000,1,163.0000
285,ddxplus#105,ddxplus,1,163.0000
286,ds1000#857,ds1000,0,164.0000
287,ds1000#781,ds1000,0,165.0000
288,ddxplus#106,ddxplus,1,165.0000
289,ddxplus#107,ddxplus,1,165.0000
290,ddxplus#108,ddxplus,0,166.0000
291,hotpotqa#97,hotpotqa,1,166.0000
292,hotpotqa#98,hotpotqa,1,166.0000
293,ds1000#135,ds1000,1,166.0000
294,ds1000#232,ds1000,1,166.0000
295,ddxplus#109,ddxplus,0,167.0000
296,hotpotqa#99,hotpotqa,1,167.0000
297,hotpotqa#100,hotpotqa,1,167.0000
298,ds1000#931,ds1000,0,168.0000
299,ddxplus#110,ddxplus,1,168.0000
300,hotpotqa#101,hotpotqa,0,169.0000
301,ds1000#426,ds1000,0,170.0000
302,ddxplus#111,ddxplus,0,171.0000
303,hotpotqa#102,hotpotqa,0,172.0000
304,hotpotqa#103,hotpotqa,1,172.0000
305,hotpotqa#104,hotpotqa,0,173.0000
306,ds1000#660,ds1000,1,173.0000
307,ds1000#995,ds1000,0,174.0000
308,hotpotqa#105,hotpotqa,1,174.0000
309,ds1000#36,ds1000,1,174.0000
310,hotpotqa#106,hotpotqa,0,175.0000
311,ds1000#545,ds1000,1,175.0000
312,ds1000#116,ds1000,0,176.0000
313,hotpotqa#107,hotpotqa,1,176.0000
314,hotpotqa#108,hotpotqa,1,176.0000
315,ds1000#434,ds1000,1,176.0000
316,ds1000#390,ds1000,0,177.0000
317,ddxplus#112,ddxplus,1,177.0000
318,ds1000#751,ds1000,0,178.0000
319,ds1000#797,ds1000,1,178.0000
320,ds1000#180,ds1000,1,178.0000
321,ddxplus#113,ddxplus,0,179.0000
322,ds1000#152,ds1000,0,180.0000
323,ds1000#38,ds1000,1,180.0000
324,ds1000#946,ds1000,0,181.0000
325,ds1000#789,ds1000,0,182.0000
326,hotpotqa#109,hotpotqa,1,182.0000
327,ddxplus#114,ddxplus,1,182.0000
328,ddxplus#115,ddxplus,0,183.0000
329,ddxplus#116,ddxplus,1,183.0000
330,ddxplus#117,ddxplus,0,184.0000
331,hotpotqa#110,hotpotqa,1,184.0000
332,ds1000#558,ds1000,0,185.0000
333,ddxplus#118,ddxplus,0,186.0000
334,hotpotqa#111,hotpotqa,1,186.0000
335,ddxplus#119,ddxplus,0,187.0000
336,ddxplus#120,ddxplus,1,187.0000
337,hotpotqa#112,hotpotqa,1,187.0000
338,ds1000#142,ds1000,0,188.0000
339,ddxplus#121,ddxplus,0,189.0000
340,ds1000#166,ds1000,1,189.0000
341,ds1000#990,ds1000,0,190.0000
342,ds1000#83,ds1000,0,191.0000
343,ddxplus#122,ddxplus,1,191.0000
344,ddxplus#123,ddxplus,0,192.0000
345,hotpotqa#113,hotpotqa,0,193.0000
346,hotpotqa#114,hotpotqa,0,194.0000
347,ddxplus#124,ddxplus,1,194.0000
348,ddxplus#125,ddxplus,1,194.0000
349,ddxplus#126,ddxplus,0,195.0000
350,ddxplus#127,ddxplus,0,196.0000
351,ddxplus#128,ddxplus,0,197.0000
352,ds1000#914,ds1000,0,198.0000
353,ds1000#230,ds1000,1,198.0000
354,ds1000#885,ds1000,0,199.0000
355,hotpotqa#115,hotpotqa,1,199.0000
356,ddxplus#129,ddxplus,1,199.0000
357,ddxplus#130,ddxplus,0,200.0000
358,hotpotqa#116,hotpotqa,1,200.0000
359,ds1000#413,ds1000,1,200.0000
360,ds1000#125,ds1000,1,200.0000
361,ds1000#726,ds1000,0,201.0000
362,ddxplus#131,ddxplus,0,202.0000
363,ddxplus#132,ddxplus,1,202.0000
364,hotpotqa#117,hotpotqa,0,203.0000
365,ddxplus#133,ddxplus,1,203.0000
366,ddxplus#134,ddxplus,0,204.0000
367,ddxplus#135,ddxplus,0,205.0000
368,ddxplus#136,ddxplus,1,205.0000
369,hotpotqa#118,hotpotqa,1,205.0000
370,hotpotqa#119,hotpotqa,1,205.0000
371,ddxplus#137,ddxplus,0,206.0000
372,ddxplus#138,ddxplus,1,206.0000
373,hotpotqa#120,hotpotqa,1,206.0000
374,ds1000#865,ds1000,0,207.0000
375,ds1000#638,ds1000,0,208.0000
376,hotpotqa#121,hotpotqa,1,208.0000
377,hotpotqa#122,hotpotqa,0,209.0000
378,hotpotqa#123,hotpotqa,0,210.0000
379,ddxplus#139,ddxplus,1,210.0000
380,ds1000#96,ds1000,0,211.0000
381,ds1000#764,ds1000,0,212.0000
382,ds1000#79,ds1000,0,213.0000
383,ds1000#579,ds1000,1,213.0000
384,ddxplus#140,ddxplus,1,213.0000
385,ds1000#421,ds1000,0,214.0000
386,ddxplus#141,ddxplus,1,214.0000
387,hotpotqa#124,hotpotqa,1,214.0000
388,ds1000#179,ds1000,0,215.0000
389,hotpotqa#125,hotpotqa,0,216.0000
390,ds1000#248,ds1000,1,216.0000
391,ddxplus#142,ddxplus,1,216.0000
392,hotpotqa#126,hotpotqa,0,217.0000
393,ddxplus#143,ddxplus,0,218.0000
394,ddxplus#144,ddxplus,0,219.0000
395,ddxplus#145,ddxplus,0,220.0000
396,ds1000#889,ds1000,0,221.0000
397,ddxplus#146,ddxplus,1,221.0000
398,ds1000#771,ds1000,1,221.0000
399,hotpotqa#127,hotpotqa,0,222.0000
400,ds1000#435,ds1000,0,223.0000
401,hotpotqa#128,hotpotqa,1,223.0000
402,hotpotqa#129,hotpotqa,0,224.0000
403,hotpotqa#130,hotpotqa,0,225.0000
404,hotpotqa#131,hotpotqa,0,226.0000
405,ds1000#860,ds1000,0,227.0000
406,ddxplus#147,ddxplus,1,227.0000
407,ddxplus#148,ddxplus,0,228.0000
408,ddxplus#149,ddxplus,0,229.0000
409,ddxplus#150,ddxplus,0,230.0000
410,ds1000#582,ds1000,0,231.0000
411,hotpotqa#132,hotpotqa,0,232.0000
412,ddxplus#151,ddxplus,1,232.0000
413,ds1000#302,ds1000,1,232.0000
414,ds1000#987,ds1000,0,233.0000
415,ddxplus#152,ddxplus,1,233.0000
416,hotpotqa#133,hotpotqa,1,233.0000
417,hotpotqa#134,hotpotqa,0,234.0000
418,ds1000#131,ds1000,0,235.0000
419,ddxplus#153,ddxplus,0,236.0000
420,hotpotqa#135,hotpotqa,0,237.0000
421,hotpotqa#136,hotpotqa,0,238.0000
422,ds1000#199,ds1000,0,239.0000
423,hotpotqa#137,hotpotqa,1,239.0000
424,ddxplus#154,ddxplus,1,239.0000
425,ddxplus#155,ddxplus,1,239.0000
426,ds1000#996,ds1000,0,240.0000
427,ddxplus#156,ddxplus,1,240.0000
428,hotpotqa#138,hotpotqa,1,240.0000
429,ds1000#898,ds1000,0,241.0000
430,hotpotqa#139,hotpotqa,0,242.0000
431,ddxplus#157,ddxplus,0,243.0000
432,ddxplus#158,ddxplus,0,244.0000
433,hotpotqa#140,hotpotqa,0,245.0000
434,ds1000#934,ds1000,1,245.0000
435,hotpotqa#141,hotpotqa,1,245.0000
436,ddxplus#159,ddxplus,1,245.0000
437,ddxplus#160,ddxplus,1,245.0000
438,ddxplus#161,ddxplus,1,245.0000
439,ddxplus#162,ddxplus,1,245.0000
440,ds1000#900,ds1000,0,246.0000
441,ddxplus#163,ddxplus,1,246.0000
442,ddxplus#164,ddxplus,1,246.0000
443,ddxplus#165,ddxplus,0,247.0000
444,ds1000#150,ds1000,0,248.0000
445,ds1000#143,ds1000,1,248.0000
446,ds1000#474,ds1000,0,249.0000
447,ds1000#371,ds1000,0,250.0000
448,ddxplus#166,ddxplus,1,250.0000
449,ddxplus#167,ddxplus,0,251.0000
450,ddxplus#168,ddxplus,1,251.0000
451,ddxplus#169,ddxplus,0,252.0000
452,ds1000#551,ds1000,0,253.0000
453,ds1000#222,ds1000,0,254.0000
454,ddxplus#170,ddxplus,1,254.0000
455,ddxplus#171,ddxplus,0,255.0000
456,ddxplus#172,ddxplus,1,255.0000
457,ddxplus#173,ddxplus,1,255.0000
458,hotpotqa#142,hotpotqa,1,255.0000
459,ds1000#835,ds1000,0,256.0000
460,hotpotqa#143,hotpotqa,0,257.0000
461,ds1000#306,ds1000,0,258.0000
462,hotpotqa#144,hotpotqa,0,259.0000
463,ddxplus#174,ddxplus,1,259.0000
464,hotpotqa#145,hotpotqa,1,259.0000
465,ddxplus#175,ddxplus,0,260.0000
466,ds1000#750,ds1000,1,260.0000
467,ds1000#963,ds1000,0,261.0000
468,ddxplus#176,ddxplus,1,261.0000
469,ds1000#340,ds1000,1,261.0000
470,ddxplus#177,ddxplus,1,261.0000
471,ddxplus#178,ddxplus,1,261.0000
472,ddxplus#179,ddxplus,0,262.0000
473,ds1000#767,ds1000,1,262.0000
474,ds1000#830,ds1000,0,263.0000
475,hotpotqa#146,hotpotqa,1,263.0000
476,hotpotqa#147,hotpotqa,0,264.0000
477,hotpotqa#148,hotpotqa,1,264.0000
478,hotpotqa#149,hotpotqa,1,264.0000
479,ddxplus#180,ddxplus,0,265.0000
480,ds1000#896,ds1000,0,266.0000
481,ds1000#387,ds1000,0,267.0000
482,ddxplus#181,ddxplus,1,267.0000
483,ds1000#66,ds1000,0,268.0000
484,ds1000#297,ds1000,1,268.0000
485,ds1000#881,ds1000,0,269.0000
486,hotpotqa#150,hotpotqa,0,270.0000
487,ddxplus#182,ddxplus,0,271.0000
488,ddxplus#183,ddxplus,0,272.0000
489,ddxplus#184,ddxplus,0,273.0000
490,ds1000#814,ds1000,0,274.0000
491,hotpotqa#151,hotpotqa,1,274.0000
492,ds1000#892,ds1000,0,275.0000
493,ds1000#724,ds1000,1,275.0000
494,hotpotqa#152,hotpotqa,0,276.0000
495,ddxplus#185,ddxplus,1,276.0000
496,ds1000#991,ds1000,0,277.0000
497,ds1000#193,ds1000,0,278.0000
498,hotpotqa#153,hotpotqa,1,278.0000
499,ddxplus#186,ddxplus,1,278.0000
500,hotpotqa#154,hotpotqa,1,278.0000
501,ddxplus#187,ddxplus,1,278.0000
502,ds1000#253,ds1000,0,279.0000
503,hotpotqa#155,hotpotqa,0,280.0000
504,hotpotqa#156,hotpotqa,0,281.0000
505,ds1000#236,ds1000,1,281.0000
506,ds1000#891,ds1000,1,281.0000
507,hotpotqa#157,hotpotqa,1,281.0000
508,ddxplus#188,ddxplus,1,281.0000
509,hotpotqa#158,hotpotqa,1,281.0000
510,ddxplus#189,ddxplus,1,281.0000
511,hotpotqa#159,hotpotqa,1,281.0000
512,ds1000#746,ds1000,0,282.0000
513,hotpotqa#160,hotpotqa,0,283.0000
514,hotpotqa#161,hotpotqa,0,284.0000
515,ddxplus#190,ddxplus,1,284.0000
516,ds1000#315,ds1000,0,285.0000
517,ddxplus#191,ddxplus,0,286.0000
518,ds1000#129,ds1000,0,287.0000
519,ds1000#21,ds1000,1,287.0000
520,ds1000#373,ds1000,0,288.0000
521,hotpotqa#162,hotpotqa,1,288.0000
522,ds1000#598,ds1000,0,289.0000
523,ds1000#853,ds1000,1,289.0000
524,hotpotqa#163,hotpotqa,0,290.0000
525,ds1000#130,ds1000,0,291.0000
526,ds1000#544,ds1000,0,292.0000
527,ddxplus#192,ddxplus,0,293.0000
528,ds1000#35,ds1000,0,294.0000
529,ddxplus#193,ddxplus,1,294.0000
530,hotpotqa#164,hotpotqa,1,294.0000
531,ddxplus#194,ddxplus,0,295.0000
532,ds1000#867,ds1000,0,296.0000
533,ddxplus#195,ddxplus,0,297.0000
534,hotpotqa#165,hotpotqa,1,297.0000
535,hotpotqa#166,hotpotqa,0,298.0000
536,ddxplus#196,ddxplus,1,298.0000
537,hotpotqa#167,hotpotqa,0,299.0000
538,hotpotqa#168,hotpotqa,0,300.0000
539,ddxplus#197,ddxplus,0,301.0000
540,hotpotqa#169,hotpotqa,1,301.0000
541,ds1000#203,ds1000,0,302.0000
542,ds1000#86,ds1000,0,303.0000
543,hotpotqa#170,hotpotqa,1,303.0000
544,ds1000#146,ds1000,1,303.0000
545,ds1000#433,ds1000,1,303.0000
546,ddxplus#198,ddxplus,0,304.0000
547,ddxplus#199,ddxplus,1,304.0000
548,ddxplus#200,ddxplus,1,304.0000
549,ds1000#224,ds1000,0,305.0000
550,hotpotqa#171,hotpotqa,1,305.0000
551,hotpotqa#172,hotpotqa,1,305.0000
552,ds1000#218,ds1000,1,305.0000
553,ddxplus#201,ddxplus,0,306.0000
554,ds1000#960,ds1000,0,307.0000
555,ds1000#417,ds1000,0,308.0000
556,hotpotqa#173,hotpotqa,1,308.0000
557,ddxplus#202,ddxplus,1,308.0000
558,hotpotqa#174,hotpotqa,1,308.0000
559,ds1000#552,ds1000,0,309.0000
560,ds1000#88,ds1000,0,310.0000
561,hotpotqa#175,hotpotqa,1,310.0000
562,ds1000#624,ds1000,0,311.0000
563,ddxplus#203,ddxplus,1,311.0000
564,ds1000#445,ds1000,0,312.0000
565,hotpotqa#176,hotpotqa,0,313.0000
566,hotpotqa#177,hotpotqa,1,313.0000
567,ds1000#268,ds1000,0,314.0000
568,ds1000#6,ds1000,0,315.0000
569,ddxplus#204,ddxplus,0,316.0000
570,ddxplus#205,ddxplus,0,317.0000
571,hotpotqa#178,hotpotqa,0,318.0000
572,hotpotqa#179,hotpotqa,1,318.0000
573,ddxplus#206,ddxplus,0,319.0000
574,ddxplus#207,ddxplus,0,320.0000
575,hotpotqa#180,hotpotqa,1,320.0000
576,ds1000#630,ds1000,1,320.0000
577,ddxplus#208,ddxplus,0,321.0000
578,hotpotqa#181,hotpotqa,0,322.0000
579,ddxplus#209,ddxplus,0,323.0000
580,hotpotqa#182,hotpotqa,0,324.0000
581,ds1000#805,ds1000,0,325.0000
582,ddxplus#210,ddxplus,0,326.0000
583,hotpotqa#183,hotpotqa,1,326.0000
584,ds1000#197,ds1000,0,327.0000
585,ddxplus#211,ddxplus,1,327.0000
586,ddxplus#212,ddxplus,1,327.0000
587,hotpotqa#184,hotpotqa,1,327.0000
588,ds1000#950,ds1000,0,328.0000
589,ddxplus#213,ddxplus,0,329.0000
590,hotpotqa#185,hotpotqa,0,330.0000
591,ddxplus#214,ddxplus,0,331.0000
592,ds1000#11,ds1000,1,331.0000
593,hotpotqa#186,hotpotqa,1,331.0000
594,ds1000#911,ds1000,0,332.0000
595,hotpotqa#187,hotpotqa,1,332.0000
596,hotpotqa#188,hotpotqa,0,333.0000
597,ds1000#356,ds1000,1,333.0000
598,ddxplus#215,ddxplus,0,334.0000
599,hotpotqa#189,hotpotqa,1,334.0000
600,hotpotqa#190,hotpotqa,1,334.0000
601,ds1000#388,ds1000,0,335.0000
602,ds1000#281,ds1000,0,336.0000
603,hotpotqa#191,hotpotqa,0,337.0000
604,ds1000#511,ds1000,0,338.0000
605,ddxplus#216,ddxplus,1,338.0000
606,ds1000#120,ds1000,0,339.0000
607,hotpotqa#192,hotpotqa,0,340.0000
608,ddxplus#217,ddxplus,1,340.0000
609,ddxplus#218,ddxplus,1,340.0000
610,ds1000#115,ds1000,0,341.0000
611,ds1000#29,ds1000,0,342.0000
612,hotpotqa#193,hotpotqa,0,343.0000
613,hotpotqa#194,hotpotqa,1,343.0000
614,ds1000#367,ds1000,0,344.0000
615,hotpotqa#195,hotpotqa,0,345.0000
616,ds1000#307,ds1000,1,345.0000
617,hotpotqa#196,hotpotqa,1,345.0000
618,hotpotqa#197,hotpotqa,1,345.0000
619,hotpotqa#198,hotpotqa,1,345.0000
620,hotpotqa#199,hotpotqa,0,346.0000
621,ds1000#206,ds1000,1,346.0000
622,ds1000#9,ds1000,0,347.0000
623,ddxplus#219,ddxplus,0,348.0000
624,ddxplus#220,ddxplus,1,348.0000
625,ds1000#319,ds1000,0,349.0000
626,ds1000#185,ds1000,0,350.0000
627,ds1000#808,ds1000,0,351.0000
628,ddxplus#221,ddxplus,1,351.0000
629,ddxplus#222,ddxplus,0,352.0000
630,hotpotqa#200,hotpotqa,0,353.0000
631,ddxplus#223,ddxplus,1,353.0000
632,ddxplus#224,ddxplus,0,354.0000
633,hotpotqa#201,hotpotqa,1,354.0000
634,ds1000#91,ds1000,1,354.0000
635,ds1000#836,ds1000,1,354.0000
636,ddxplus#225,ddxplus,0,355.0000
637,hotpotqa#202,hotpotqa,1,355.0000
638,ds1000#815,ds1000,1,355.0000
639,ddxplus#226,ddxplus,0,356.0000
640,ddxplus#227,ddxplus,0,357.0000
641,ddxplus#228,ddxplus,0,358.0000
642,ds1000#479,ds1000,1,358.0000
643,hotpotqa#203,hotpotqa,1,358.0000
644,ds1000#154,ds1000,0,359.0000
645,hotpotqa#204,hotpotqa,0,360.0000
646,ds1000#126,ds1000,0,361.0000
647,ds1000#909,ds1000,0,362.0000
648,ddxplus#229,ddxplus,0,363.0000
649,hotpotqa#205,hotpotqa,1,363.0000
650,ddxplus#230,ddxplus,0,364.0000
651,hotpotqa#206,hotpotqa,0,365.0000
652,ds1000#455,ds1000,0,366.0000
653,hotpotqa#207,hotpotqa,0,367.0000
654,ds1000#363,ds1000,1,367.0000
655,hotpotqa#208,hotpotqa,1,367.0000
656,ds1000#424,ds1000,0,368.0000
657,ds1000#278,ds1000,0,369.0000
658,hotpotqa#209,hotpotqa,0,370.0000
659,hotpotqa#210,hotpotqa,1,370.0000
660,ds1000#567,ds1000,0,371.0000
661,ddxplus#231,ddxplus,1,371.0000
662,hotpotqa#211,hotpotqa,1,371.0000
663,ds1000#43,ds1000,0,372.0000
664,ddxplus#232,ddxplus,1,372.0000
665,hotpotqa#212,hotpotqa,1,372.0000
666,ds1000#243,ds1000,0,373.0000
667,ds1000#321,ds1000,1,373.0000
668,ds1000#883,ds1000,0,374.0000
669,ddxplus#233,ddxplus,1,374.0000
670,ddxplus#234,ddxplus,0,375.0000
671,ddxplus#235,ddxplus,0,376.0000
672,hotpotqa#213,hotpotqa,1,376.0000
673,hotpotqa#214,hotpotqa,1,376.0000
674,hotpotqa#215,hotpotqa,1,376.0000
675,ddxplus#236,ddxplus,0,377.0000
676,ds1000#304,ds1000,0,378.0000
677,hotpotqa#216,hotpotqa,1,378.0000
678,hotpotqa#217,hotpotqa,1,378.0000
679,ddxplus#237,ddxplus,1,378.0000
680,hotpotqa#218,hotpotqa,0,379.0000
681,ddxplus#238,ddxplus,0,380.0000
682,hotpotqa#219,hotpotqa,0,381.0000
683,ds1000#717,ds1000,1,381.0000
684,ddxplus#239,ddxplus,1,381.0000
685,ddxplus#240,ddxplus,0,382.0000
686,hotpotqa#220,hotpotqa,1,382.0000
687,ds1000#231,ds1000,1,382.0000
688,ds1000#550,ds1000,0,383.0000
689,ddxplus#241,ddxplus,0,384.0000
690,ds1000#818,ds1000,1,384.0000
691,ddxplus#242,ddxplus,1,384.0000
692,ds1000#776,ds1000,0,385.0000
693,hotpotqa#221,hotpotqa,0,386.0000
694,hotpotqa#222,hotpotqa,1,386.0000
695,ds1000#328,ds1000,0,387.0000
696,ds1000#350,ds1000,1,387.0000
697,ds1000#849,ds1000,1,387.0000
698,ddxplus#243,ddxplus,1,387.0000
699,ddxplus#244,ddxplus,0,388.0000
700,hotpotqa#223,hotpotqa,0,389.0000
701,ds1000#201,ds1000,0,390.0000
702,ddxplus#245,ddxplus,1,390.0000
703,ddxplus#246,ddxplus,1,390.0000
704,hotpotqa#224,hotpotqa,1,390.0000
705,ds1000#368,ds1000,1,390.0000
706,ddxplus#247,ddxplus,1,390.0000
707,ddxplus#248,ddxplus,0,391.0000
708,ds1000#935,ds1000,1,391.0000
709,ddxplus#249,ddxplus,1,391.0000
710,hotpotqa#225,hotpotqa,1,391.0000
711,hotpotqa#226,hotpotqa,1,391.0000
712,hotpotqa#227,hotpotqa,0,392.0000
713,hotpotqa#228,hotpotqa,0,393.0000
714,hotpotqa#229,hotpotqa,0,394.0000
715,ddxplus#250,ddxplus,0,395.0000
716,hotpotqa#230,hotpotqa,1,395.0000
717,ds1000#107,ds1000,0,396.0000
718,ddxplus#251,ddxplus,1,396.0000
719,ds1000#273,ds1000,1,396.0000
720,ddxplus#252,ddxplus,1,396.0000
721,hotpotqa#231,hotpotqa,0,397.0000
722,ds1000#331,ds1000,0,398.0000
723,hotpotqa#232,hotpotqa,0,399.0000
724,ds1000#409,ds1000,1,399.0000
725,ddxplus#253,ddxplus,0,400.0000
726,hotpotqa#233,hotpotqa,1,400.0000
727,hotpotqa#234,hotpotqa,1,400.0000
728,hotpotqa#235,hotpotqa,1,400.0000
729,hotpotqa#236,hotpotqa,1,400.0000
730,hotpotqa#237,hotpotqa,1,400.0000
731,hotpotqa#238,hotpotqa,1,400.0000
732,hotpotqa#239,hotpotqa,1,400.0000
733,ds1000#631,ds1000,1,400.0000
734,hotpotqa#240,hotpotqa,1,400.0000
735,ds1000#245,ds1000,0,401.0000
736,ddxplus#254,ddxplus,1,401.0000
737,ds1000#783,ds1000,0,402.0000
738,ddxplus#255,ddxplus,0,403.0000
739,ddxplus#256,ddxplus,1,403.0000
740,hotpotqa#241,hotpotqa,0,404.0000
741,ddxplus#257,ddxplus,1,404.0000
742,ddxplus#258,ddxplus,1,404.0000
743,ds1000#448,ds1000,1,404.0000
744,hotpotqa#242,hotpotqa,1,404.0000
745,hotpotqa#243,hotpotqa,1,404.0000
746,hotpotqa#244,hotpotqa,0,405.0000
747,hotpotqa#245,hotpotqa,0,406.0000
748,hotpotqa#246,hotpotqa,0,407.0000
749,ds1000#888,ds1000,1,407.0000
750,ds1000#169,ds1000,1,407.0000
751,ds1000#612,ds1000,0,408.0000
752,ds1000#30,ds1000,1,408.0000
753,ddxplus#259,ddxplus,0,409.0000
754,ddxplus#260,ddxplus,1,409.0000
755,ds1000#542,ds1000,0,410.0000
756,hotpotqa#247,hotpotqa,0,411.0000
757,hotpotqa#248,hotpotqa,1,411.0000
758,ddxplus#261,ddxplus,1,411.0000
759,ddxplus#262,ddxplus,0,412.0000
760,ddxplus#263,ddxplus,1,412.0000
761,ddxplus#264,ddxplus,0,413.0000
762,ds1000#646,ds1000,0,414.0000
763,ddxplus#265,ddxplus,0,415.0000
764,hotpotqa#249,hotpotqa,1,415.0000
765,hotpotqa#250,hotpotqa,0,416.0000
766,ds1000#813,ds1000,0,417.0000
767,hotpotqa#251,hotpotqa,1,417.0000
768,ds1000#241,ds1000,0,418.0000
769,ds1000#395,ds1000,1,418.0000
770,ddxplus#266,ddxplus,0,419.0000
771,hotpotqa#252,hotpotqa,0,420.0000
772,ddxplus#267,ddxplus,0,421.0000
773,ddxplus#268,ddxplus,1,421.0000
774,hotpotqa#253,hotpotqa,0,422.0000
775,ds1000#119,ds1000,1,422.0000
776,ddxplus#269,ddxplus,1,422.0000
777,hotpotqa#254,hotpotqa,0,423.0000
778,ddxplus#270,ddxplus,1,423.0000
779,ds1000#902,ds1000,0,424.0000
780,ds1000#360,ds1000,0,425.0000
781,ds1000#645,ds1000,0,426.0000
782,ddxplus#271,ddxplus,1,426.0000
783,ddxplus#272,ddxplus,0,427.0000
784,hotpotqa#255,hotpotqa,1,427.0000
785,ds1000#614,ds1000,0,428.0000
786,ds1000#532,ds1000,0,429.0000
787,hotpotqa#256,hotpotqa,0,430.0000
788,ddxplus#273,ddxplus,1,430.0000
789,hotpotqa#257,hotpotqa,1,430.0000
790,ds1000#799,ds1000,0,431.0000
791,ddxplus#274,ddxplus,1,431.0000
792,hotpotqa#258,hotpotqa,0,432.0000
793,hotpotqa#259,hotpotqa,1,432.0000
794,ds1000#712,ds1000,1,432.0000
795,ddxplus#275,ddxplus,1,432.0000
796,ddxplus#276,ddxplus,0,433.0000
797,ds1000#527,ds1000,0,434.0000
798,hotpotqa#260,hotpotqa,1,434.0000
799,hotpotqa#261,hotpotqa,0,435.0000
800,ddxplus#277,ddxplus,0,436.0000
801,ds1000#657,ds1000,0,437.0000
802,hotpotqa#262,hotpotqa,1,437.0000
803,hotpotqa#263,hotpotqa,1,437.0000
804,ds1000#581,ds1000,0,438.0000
805,hotpotqa#264,hotpotqa,1,438.0000
806,hotpotqa#265,hotpotqa,1,438.0000
807,hotpotqa#266,hotpotqa,0,439.0000
808,ds1000#429,ds1000,1,439.0000
809,hotpotqa#267,hotpotqa,1,439.0000
800,ddxplus#277,ddxplus,0,436.0000
801,ds1000#657,ds1000,1,436.0000
802,hotpotqa#262,hotpotqa,1,436.0000
803,hotpotqa#263,hotpotqa,1,436.0000
804,ds1000#581,ds1000,1,436.0000
805,hotpotqa#264,hotpotqa,1,436.0000
806,hotpotqa#265,hotpotqa,1,436.0000
807,hotpotqa#266,hotpotqa,0,437.0000
808,ds1000#429,ds1000,1,437.0000
809,hotpotqa#267,hotpotqa,1,437.0000
810,ds1000#562,ds1000,1,437.0000
811,ddxplus#278,ddxplus,1,437.0000
812,ddxplus#279,ddxplus,1,437.0000
813,ds1000#793,ds1000,1,437.0000
814,ddxplus#280,ddxplus,1,437.0000
815,hotpotqa#268,hotpotqa,0,438.0000
816,ddxplus#281,ddxplus,0,439.0000
817,hotpotqa#269,hotpotqa,0,440.0000
818,hotpotqa#270,hotpotqa,0,441.0000
819,ds1000#0,ds1000,0,442.0000
820,hotpotqa#271,hotpotqa,0,443.0000
821,ds1000#156,ds1000,1,443.0000
822,ds1000#28,ds1000,0,444.0000
823,hotpotqa#272,hotpotqa,1,444.0000
824,ds1000#768,ds1000,0,445.0000
825,hotpotqa#273,hotpotqa,1,445.0000
826,ds1000#762,ds1000,0,446.0000
827,ds1000#588,ds1000,0,447.0000
828,hotpotqa#274,hotpotqa,0,448.0000
829,ds1000#570,ds1000,0,449.0000
830,ddxplus#282,ddxplus,1,449.0000
831,ddxplus#283,ddxplus,1,449.0000
832,hotpotqa#275,hotpotqa,1,449.0000
833,hotpotqa#276,hotpotqa,1,449.0000
834,ddxplus#284,ddxplus,1,449.0000
835,ddxplus#285,ddxplus,1,449.0000
836,ds1000#501,ds1000,0,450.0000
837,ddxplus#286,ddxplus,1,450.0000
838,ds1000#944,ds1000,0,451.0000
839,ddxplus#287,ddxplus,1,451.0000
800,ddxplus#277,ddxplus,0,436.0000
801,ds1000#657,ds1000,1,436.0000
802,hotpotqa#262,hotpotqa,1,436.0000
803,hotpotqa#263,hotpotqa,1,436.0000
804,ds1000#581,ds1000,1,436.0000
805,hotpotqa#264,hotpotqa,1,436.0000
806,hotpotqa#265,hotpotqa,1,436.0000
807,hotpotqa#266,hotpotqa,0,437.0000
808,ds1000#429,ds1000,1,437.0000
809,hotpotqa#267,hotpotqa,1,437.0000
810,ds1000#562,ds1000,1,437.0000
811,ddxplus#278,ddxplus,1,437.0000
812,ddxplus#279,ddxplus,1,437.0000
813,ds1000#793,ds1000,1,437.0000
814,ddxplus#280,ddxplus,1,437.0000
815,hotpotqa#268,hotpotqa,0,438.0000
816,ddxplus#281,ddxplus,0,439.0000
817,hotpotqa#269,hotpotqa,0,440.0000
818,hotpotqa#270,hotpotqa,0,441.0000
819,ds1000#0,ds1000,0,442.0000
820,hotpotqa#271,hotpotqa,0,443.0000
821,ds1000#156,ds1000,1,443.0000
822,ds1000#28,ds1000,0,444.0000
823,hotpotqa#272,hotpotqa,1,444.0000
824,ds1000#768,ds1000,0,445.0000
825,hotpotqa#273,hotpotqa,1,445.0000
826,ds1000#762,ds1000,0,446.0000
827,ds1000#588,ds1000,1,446.0000
828,hotpotqa#274,hotpotqa,0,447.0000
829,ds1000#570,ds1000,0,448.0000
830,ddxplus#282,ddxplus,1,448.0000
831,ddxplus#283,ddxplus,1,448.0000
832,hotpotqa#275,hotpotqa,1,448.0000
833,hotpotqa#276,hotpotqa,1,448.0000
834,ddxplus#284,ddxplus,1,448.0000
835,ddxplus#285,ddxplus,1,448.0000
836,ds1000#501,ds1000,0,449.0000
837,ddxplus#286,ddxplus,1,449.0000
838,ds1000#944,ds1000,0,450.0000
839,ddxplus#287,ddxplus,1,450.0000
840,ddxplus#288,ddxplus,0,451.0000
841,hotpotqa#277,hotpotqa,0,452.0000
842,ds1000#584,ds1000,1,452.0000
843,hotpotqa#278,hotpotqa,1,452.0000
844,ds1000#274,ds1000,1,452.0000
845,hotpotqa#279,hotpotqa,0,453.0000
846,ddxplus#289,ddxplus,1,453.0000
847,ddxplus#290,ddxplus,0,454.0000
848,ds1000#887,ds1000,0,455.0000
849,ddxplus#291,ddxplus,1,455.0000
850,ds1000#101,ds1000,1,455.0000
851,hotpotqa#280,hotpotqa,1,455.0000
852,ddxplus#292,ddxplus,1,455.0000
853,hotpotqa#281,hotpotqa,1,455.0000
854,ds1000#71,ds1000,0,456.0000
855,ds1000#464,ds1000,1,456.0000
856,hotpotqa#282,hotpotqa,0,457.0000
857,ddxplus#293,ddxplus,1,457.0000
858,hotpotqa#283,hotpotqa,1,457.0000
859,hotpotqa#284,hotpotqa,1,457.0000
860,ds1000#77,ds1000,0,458.0000
861,hotpotqa#285,hotpotqa,0,459.0000
862,hotpotqa#286,hotpotqa,1,459.0000
863,ds1000#940,ds1000,1,459.0000
864,hotpotqa#287,hotpotqa,1,459.0000
865,ds1000#937,ds1000,0,460.0000
866,hotpotqa#288,hotpotqa,0,461.0000
867,ddxplus#294,ddxplus,0,462.0000
868,ds1000#512,ds1000,0,463.0000
869,ddxplus#295,ddxplus,1,463.0000
870,hotpotqa#289,hotpotqa,0,464.0000
871,hotpotqa#290,hotpotqa,0,465.0000
872,hotpotqa#291,hotpotqa,0,466.0000
873,hotpotqa#292,hotpotqa,1,466.0000
874,ds1000#352,ds1000,1,466.0000
875,ddxplus#296,ddxplus,1,466.0000
876,ds1000#92,ds1000,1,466.0000
877,hotpotqa#293,hotpotqa,1,466.0000
878,ddxplus#297,ddxplus,1,466.0000
879,ds1000#394,ds1000,0,467.0000
880,ds1000#259,ds1000,0,468.0000
881,ds1000#868,ds1000,1,468.0000
882,ds1000#798,ds1000,0,469.0000
883,ds1000#164,ds1000,0,470.0000
884,ddxplus#298,ddxplus,1,470.0000
885,hotpotqa#294,hotpotqa,1,470.0000
886,ds1000#244,ds1000,0,471.0000
887,ddxplus#299,ddxplus,1,471.0000
888,hotpotqa#295,hotpotqa,1,471.0000
889,hotpotqa#296,hotpotqa,1,471.0000
890,ds1000#829,ds1000,1,471.0000
891,hotpotqa#297,hotpotqa,0,472.0000
892,ds1000#796,ds1000,0,473.0000
893,ds1000#444,ds1000,0,474.0000
894,ds1000#354,ds1000,0,475.0000
895,ds1000#775,ds1000,1,475.0000
896,hotpotqa#298,hotpotqa,0,476.0000
897,ds1000#330,ds1000,0,477.0000
898,ds1000#382,ds1000,1,477.0000
899,hotpotqa#299,hotpotqa,0,478.0000
900,hotpotqa#300,hotpotqa,0,479.0000
901,ddxplus#300,ddxplus,1,479.0000
902,ddxplus#301,ddxplus,1,479.0000
903,hotpotqa#301,hotpotqa,0,480.0000
904,ds1000#62,ds1000,1,480.0000
905,hotpotqa#302,hotpotqa,0,481.0000
906,ddxplus#302,ddxplus,1,481.0000
907,ddxplus#303,ddxplus,1,481.0000
908,ds1000#878,ds1000,0,482.0000
909,ddxplus#304,ddxplus,0,483.0000
910,ds1000#842,ds1000,0,484.0000
911,hotpotqa#303,hotpotqa,1,484.0000
912,ddxplus#305,ddxplus,1,484.0000
913,ddxplus#306,ddxplus,1,484.0000
914,ds1000#344,ds1000,1,484.0000
915,ds1000#745,ds1000,0,485.0000
916,ds1000#336,ds1000,1,485.0000
917,ddxplus#307,ddxplus,1,485.0000
918,hotpotqa#304,hotpotqa,1,485.0000
919,hotpotqa#305,hotpotqa,1,485.0000
920,hotpotqa#306,hotpotqa,0,486.0000
921,ddxplus#308,ddxplus,1,486.0000
922,ddxplus#309,ddxplus,1,486.0000
923,ddxplus#310,ddxplus,1,486.0000
924,hotpotqa#307,hotpotqa,0,487.0000
925,hotpotqa#308,hotpotqa,1,487.0000
926,ds1000#44,ds1000,0,488.0000
927,ddxplus#311,ddxplus,1,488.0000
928,ddxplus#312,ddxplus,1,488.0000
929,ddxplus#313,ddxplus,0,489.0000
930,hotpotqa#309,hotpotqa,0,490.0000
931,hotpotqa#310,hotpotqa,0,491.0000
932,ddxplus#314,ddxplus,1,491.0000
933,ddxplus#315,ddxplus,1,491.0000
934,ddxplus#316,ddxplus,1,491.0000
935,ddxplus#317,ddxplus,0,492.0000
936,ddxplus#318,ddxplus,0,493.0000
937,hotpotqa#311,hotpotqa,0,494.0000
938,ddxplus#319,ddxplus,0,495.0000
939,hotpotqa#312,hotpotqa,0,496.0000
940,ddxplus#320,ddxplus,1,496.0000
941,ds1000#163,ds1000,1,496.0000
942,hotpotqa#313,hotpotqa,0,497.0000
943,ddxplus#321,ddxplus,1,497.0000
944,ddxplus#322,ddxplus,1,497.0000
945,ds1000#890,ds1000,1,497.0000
946,ds1000#936,ds1000,0,498.0000
947,hotpotqa#314,hotpotqa,0,499.0000
948,hotpotqa#315,hotpotqa,0,500.0000
949,hotpotqa#316,hotpotqa,1,500.0000
950,hotpotqa#317,hotpotqa,0,501.0000
951,ddxplus#323,ddxplus,1,501.0000
952,hotpotqa#318,hotpotqa,1,501.0000
953,ddxplus#324,ddxplus,0,502.0000
954,hotpotqa#319,hotpotqa,0,503.0000
955,hotpotqa#320,hotpotqa,0,504.0000
956,ds1000#153,ds1000,0,505.0000
957,ddxplus#325,ddxplus,0,506.0000
958,ddxplus#326,ddxplus,0,507.0000
959,hotpotqa#321,hotpotqa,1,507.0000
950,hotpotqa#317,hotpotqa,0,501.0000
951,ddxplus#323,ddxplus,1,501.0000
952,hotpotqa#318,hotpotqa,1,501.0000
953,ddxplus#324,ddxplus,0,502.0000
954,hotpotqa#319,hotpotqa,0,503.0000
955,hotpotqa#320,hotpotqa,0,504.0000
956,ds1000#153,ds1000,0,505.0000
957,ddxplus#325,ddxplus,0,506.0000
958,ddxplus#326,ddxplus,0,507.0000
959,hotpotqa#321,hotpotqa,1,507.0000
960,ds1000#219,ds1000,1,507.0000
961,ds1000#213,ds1000,1,507.0000
962,hotpotqa#322,hotpotqa,1,507.0000
963,hotpotqa#323,hotpotqa,1,507.0000
964,ddxplus#327,ddxplus,1,507.0000
965,ddxplus#328,ddxplus,0,508.0000
966,ddxplus#329,ddxplus,0,509.0000
967,ddxplus#330,ddxplus,0,510.0000
968,ddxplus#331,ddxplus,0,511.0000
969,hotpotqa#324,hotpotqa,1,511.0000
970,ds1000#591,ds1000,1,511.0000
971,ddxplus#332,ddxplus,0,512.0000
972,hotpotqa#325,hotpotqa,0,513.0000
973,ddxplus#333,ddxplus,1,513.0000
974,ddxplus#334,ddxplus,1,513.0000
975,hotpotqa#326,hotpotqa,0,514.0000
976,ddxplus#335,ddxplus,0,515.0000
977,ddxplus#336,ddxplus,0,516.0000
978,hotpotqa#327,hotpotqa,0,517.0000
979,ddxplus#337,ddxplus,0,518.0000
980,hotpotqa#328,hotpotqa,0,519.0000
981,hotpotqa#329,hotpotqa,1,519.0000
982,ddxplus#338,ddxplus,0,520.0000
983,hotpotqa#330,hotpotqa,1,520.0000
984,hotpotqa#331,hotpotqa,1,520.0000
985,ddxplus#339,ddxplus,1,520.0000
986,hotpotqa#332,hotpotqa,1,520.0000
987,ddxplus#340,ddxplus,1,520.0000
988,ddxplus#341,ddxplus,1,520.0000
989,ddxplus#342,ddxplus,0,521.0000
990,ds1000#12,ds1000,0,522.0000
991,hotpotqa#333,hotpotqa,0,523.0000
992,ddxplus#343,ddxplus,1,523.0000
993,hotpotqa#334,hotpotqa,0,524.0000
994,hotpotqa#335,hotpotqa,1,524.0000
995,hotpotqa#336,hotpotqa,0,525.0000
996,hotpotqa#337,hotpotqa,1,525.0000
997,ddxplus#344,ddxplus,0,526.0000
998,ddxplus#345,ddxplus,1,526.0000
999,ddxplus#346,ddxplus,1,526.0000
1000,hotpotqa#338,hotpotqa,0,527.0000
1001,ds1000#56,ds1000,0,528.0000
1002,ds1000#133,ds1000,0,529.0000
1003,ddxplus#347,ddxplus,1,529.0000
1004,ddxplus#348,ddxplus,0,530.0000
1005,ddxplus#349,ddxplus,0,531.0000
1006,hotpotqa#339,hotpotqa,1,531.0000
1007,hotpotqa#340,hotpotqa,1,531.0000
1008,ds1000#572,ds1000,1,531.0000
1009,ddxplus#350,ddxplus,1,531.0000
1010,hotpotqa#341,hotpotqa,1,531.0000
1011,ddxplus#351,ddxplus,1,531.0000
1012,hotpotqa#342,hotpotqa,0,532.0000
1013,ds1000#305,ds1000,0,533.0000
1014,ds1000#955,ds1000,1,533.0000
1015,hotpotqa#343,hotpotqa,1,533.0000
1016,ds1000#785,ds1000,1,533.0000
1017,ddxplus#352,ddxplus,1,533.0000
1018,ds1000#334,ds1000,0,534.0000
1019,ddxplus#353,ddxplus,1,534.0000
1020,ddxplus#354,ddxplus,0,535.0000
1021,hotpotqa#344,hotpotqa,1,535.0000
1022,ds1000#288,ds1000,0,536.0000
1023,ddxplus#355,ddxplus,1,536.0000
1024,ddxplus#356,ddxplus,1,536.0000
1025,ddxplus#357,ddxplus,1,536.0000
1026,ddxplus#358,ddxplus,1,536.0000
1027,hotpotqa#345,hotpotqa,1,536.0000
1028,hotpotqa#346,hotpotqa,0,537.0000
1029,ddxplus#359,ddxplus,0,538.0000
1030,ddxplus#360,ddxplus,0,539.0000
1031,ddxplus#361,ddxplus,0,540.0000
1032,ddxplus#362,ddxplus,0,541.0000
1033,ds1000#326,ds1000,1,541.0000
1034,ddxplus#363,ddxplus,1,541.0000
1035,ds1000#225,ds1000,0,542.0000
1036,ddxplus#364,ddxplus,1,542.0000
1037,hotpotqa#347,hotpotqa,1,542.0000
1038,ds1000#576,ds1000,1,542.0000
1039,ddxplus#365,ddxplus,1,542.0000
1040,ds1000#380,ds1000,0,543.0000
1041,ds1000#998,ds1000,0,544.0000
1042,ddxplus#366,ddxplus,0,545.0000
1043,hotpotqa#348,hotpotqa,1,545.0000
1044,ddxplus#367,ddxplus,1,545.0000
1045,ddxplus#368,ddxplus,0,546.0000
1046,ds1000#803,ds1000,1,546.0000
1047,hotpotqa#349,hotpotqa,0,547.0000
1048,ddxplus#369,ddxplus,0,548.0000
1049,ds1000#420,ds1000,0,549.0000
1050,ddxplus#370,ddxplus,1,549.0000
1051,ddxplus#371,ddxplus,0,550.0000
1052,ddxplus#372,ddxplus,1,550.0000
1053,ddxplus#373,ddxplus,1,550.0000
1054,hotpotqa#350,hotpotqa,1,550.0000
1055,ds1000#299,ds1000,0,551.0000
1056,ddxplus#374,ddxplus,0,552.0000
1057,ddxplus#375,ddxplus,0,553.0000
1058,ds1000#447,ds1000,0,554.0000
1059,ddxplus#376,ddxplus,1,554.0000
1060,ds1000#875,ds1000,1,554.0000
1061,ddxplus#377,ddxplus,0,555.0000
1062,ddxplus#378,ddxplus,0,556.0000
1063,ddxplus#379,ddxplus,1,556.0000
1064,hotpotqa#351,hotpotqa,0,557.0000
1065,ds1000#788,ds1000,1,557.0000
1066,hotpotqa#352,hotpotqa,1,557.0000
1067,hotpotqa#353,hotpotqa,0,558.0000
1068,hotpotqa#354,hotpotqa,1,558.0000
1069,hotpotqa#355,hotpotqa,1,558.0000
1070,hotpotqa#356,hotpotqa,1,558.0000
1071,hotpotqa#357,hotpotqa,0,559.0000
1072,hotpotqa#358,hotpotqa,1,559.0000
1073,hotpotqa#359,hotpotqa,1,559.0000
1074,hotpotqa#360,hotpotqa,0,560.0000
1075,ddxplus#380,ddxplus,1,560.0000
1076,ds1000#872,ds1000,0,561.0000
1077,ddxplus#381,ddxplus,0,562.0000
1078,ddxplus#382,ddxplus,0,563.0000
1079,hotpotqa#361,hotpotqa,1,563.0000
1080,ddxplus#383,ddxplus,1,563.0000
1081,hotpotqa#362,hotpotqa,0,564.0000
1082,ddxplus#384,ddxplus,1,564.0000
1083,ddxplus#385,ddxplus,1,564.0000
1084,hotpotqa#363,hotpotqa,0,565.0000
1085,hotpotqa#364,hotpotqa,1,565.0000
1086,hotpotqa#365,hotpotqa,1,565.0000
1087,hotpotqa#366,hotpotqa,1,565.0000
1088,ds1000#402,ds1000,0,566.0000
1089,ddxplus#386,ddxplus,0,567.0000
1090,hotpotqa#367,hotpotqa,0,568.0000
1091,ddxplus#387,ddxplus,0,569.0000
1092,ddxplus#388,ddxplus,1,569.0000
1093,ddxplus#389,ddxplus,0,570.0000
1094,hotpotqa#368,hotpotqa,0,571.0000
1095,ds1000#536,ds1000,1,571.0000
1096,ddxplus#390,ddxplus,1,571.0000
1097,hotpotqa#369,hotpotqa,0,572.0000
1098,ddxplus#391,ddxplus,1,572.0000
1099,ddxplus#392,ddxplus,0,573.0000
1100,ddxplus#393,ddxplus,0,574.0000
1101,hotpotqa#370,hotpotqa,1,574.0000
1102,hotpotqa#371,hotpotqa,0,575.0000
1103,hotpotqa#372,hotpotqa,1,575.0000
1104,ddxplus#394,ddxplus,1,575.0000
1105,ddxplus#395,ddxplus,1,575.0000
1106,ds1000#761,ds1000,1,575.0000
1107,hotpotqa#373,hotpotqa,0,576.0000
1108,hotpotqa#374,hotpotqa,1,576.0000
1109,ds1000#312,ds1000,1,576.0000
1100,ddxplus#393,ddxplus,0,574.0000
1101,hotpotqa#370,hotpotqa,1,574.0000
1102,hotpotqa#371,hotpotqa,0,575.0000
1103,hotpotqa#372,hotpotqa,1,575.0000
1104,ddxplus#394,ddxplus,1,575.0000
1105,ddxplus#395,ddxplus,1,575.0000
1106,ds1000#761,ds1000,1,575.0000
1107,hotpotqa#373,hotpotqa,0,576.0000
1108,hotpotqa#374,hotpotqa,1,576.0000
1109,ds1000#312,ds1000,1,576.0000
1110,ddxplus#396,ddxplus,1,576.0000
1111,ddxplus#397,ddxplus,0,577.0000
1112,ds1000#204,ds1000,0,578.0000
1113,ds1000#217,ds1000,1,578.0000
1114,ddxplus#398,ddxplus,0,579.0000
1115,hotpotqa#375,hotpotqa,0,580.0000
1116,ddxplus#399,ddxplus,1,580.0000
1117,ddxplus#400,ddxplus,0,581.0000
1118,ddxplus#401,ddxplus,0,582.0000
1119,ddxplus#402,ddxplus,0,583.0000
1120,ddxplus#403,ddxplus,0,584.0000
1121,ds1000#48,ds1000,0,585.0000
1122,ds1000#496,ds1000,1,585.0000
1123,hotpotqa#376,hotpotqa,0,586.0000
1124,ddxplus#404,ddxplus,0,587.0000
1125,ds1000#14,ds1000,0,588.0000
1126,ddxplus#405,ddxplus,1,588.0000
1127,hotpotqa#377,hotpotqa,0,589.0000
1128,ddxplus#406,ddxplus,1,589.0000
1129,ds1000#833,ds1000,1,589.0000
1130,ddxplus#407,ddxplus,1,589.0000
1131,ds1000#616,ds1000,1,589.0000
1132,hotpotqa#378,hotpotqa,1,589.0000
1133,ddxplus#408,ddxplus,1,589.0000
1134,hotpotqa#379,hotpotqa,1,589.0000
1135,ds1000#659,ds1000,1,589.0000
1136,ddxplus#409,ddxplus,1,589.0000
1137,ddxplus#410,ddxplus,0,590.0000
1138,ddxplus#411,ddxplus,0,591.0000
1139,hotpotqa#380,hotpotqa,1,591.0000
1140,ddxplus#412,ddxplus,1,591.0000
1141,ddxplus#413,ddxplus,1,591.0000
1142,ddxplus#414,ddxplus,0,592.0000
1143,ddxplus#415,ddxplus,1,592.0000
1144,hotpotqa#381,hotpotqa,1,592.0000
1145,ddxplus#416,ddxplus,0,593.0000
1146,ddxplus#417,ddxplus,1,593.0000
1147,ddxplus#418,ddxplus,0,594.0000
1148,hotpotqa#382,hotpotqa,0,595.0000
1149,hotpotqa#383,hotpotqa,0,596.0000
1150,ddxplus#419,ddxplus,1,596.0000
1151,ds1000#379,ds1000,0,597.0000
1152,ddxplus#420,ddxplus,1,597.0000
1153,hotpotqa#384,hotpotqa,0,598.0000
1154,ds1000#176,ds1000,1,598.0000
1155,hotpotqa#385,hotpotqa,1,598.0000
1156,hotpotqa#386,hotpotqa,0,599.0000
1157,ds1000#539,ds1000,0,600.0000
1158,ddxplus#421,ddxplus,0,601.0000
1159,ds1000#173,ds1000,0,602.0000
1160,ds1000#556,ds1000,0,603.0000
1161,ds1000#546,ds1000,0,604.0000
1162,ds1000#983,ds1000,0,605.0000
1163,ddxplus#422,ddxplus,0,606.0000
1164,hotpotqa#387,hotpotqa,0,607.0000
1165,hotpotqa#388,hotpotqa,1,607.0000
1166,hotpotqa#389,hotpotqa,1,607.0000
1167,ddxplus#423,ddxplus,1,607.0000
1168,ddxplus#424,ddxplus,1,607.0000
1169,ddxplus#425,ddxplus,0,608.0000
1170,hotpotqa#390,hotpotqa,0,609.0000
1171,hotpotqa#391,hotpotqa,0,610.0000
1172,ds1000#159,ds1000,0,611.0000
1173,hotpotqa#392,hotpotqa,0,612.0000
1174,ddxplus#426,ddxplus,0,613.0000
1175,ddxplus#427,ddxplus,1,613.0000
1176,ddxplus#428,ddxplus,1,613.0000
1177,hotpotqa#393,hotpotqa,1,613.0000
1178,ds1000#50,ds1000,0,614.0000
1179,hotpotqa#394,hotpotqa,1,614.0000
1180,ddxplus#429,ddxplus,0,615.0000
1181,hotpotqa#395,hotpotqa,0,616.0000
1182,hotpotqa#396,hotpotqa,0,617.0000
1183,hotpotqa#397,hotpotqa,1,617.0000
1184,hotpotqa#398,hotpotqa,1,617.0000
1185,ds1000#8,ds1000,0,618.0000
1186,ddxplus#430,ddxplus,1,618.0000
1187,ddxplus#431,ddxplus,1,618.0000
1188,hotpotqa#399,hotpotqa,0,619.0000
1189,ddxplus#432,ddxplus,0,620.0000
1190,ddxplus#433,ddxplus,1,620.0000
1191,hotpotqa#400,hotpotqa,1,620.0000
1192,ddxplus#434,ddxplus,1,620.0000
1193,hotpotqa#401,hotpotqa,0,621.0000
1194,ddxplus#435,ddxplus,0,622.0000
1195,hotpotqa#402,hotpotqa,1,622.0000
1196,ddxplus#436,ddxplus,1,622.0000
1197,ddxplus#437,ddxplus,1,622.0000
1198,ddxplus#438,ddxplus,1,622.0000
1199,hotpotqa#403,hotpotqa,0,623.0000
1200,ddxplus#439,ddxplus,0,624.0000
1201,hotpotqa#404,hotpotqa,1,624.0000
1202,ds1000#541,ds1000,1,624.0000
1203,hotpotqa#405,hotpotqa,1,624.0000
1204,ddxplus#440,ddxplus,1,624.0000
1205,hotpotqa#406,hotpotqa,0,625.0000
1206,ds1000#298,ds1000,1,625.0000
1207,ds1000#365,ds1000,1,625.0000
1208,ds1000#198,ds1000,0,626.0000
1209,ddxplus#441,ddxplus,1,626.0000
1210,ddxplus#442,ddxplus,0,627.0000
1211,ddxplus#443,ddxplus,0,628.0000
1212,ddxplus#444,ddxplus,0,629.0000
1213,hotpotqa#407,hotpotqa,0,630.0000
1214,ds1000#60,ds1000,0,631.0000
1215,ds1000#361,ds1000,0,632.0000
1216,hotpotqa#408,hotpotqa,0,633.0000
1217,hotpotqa#409,hotpotqa,1,633.0000
1218,ds1000#289,ds1000,1,633.0000
1219,ddxplus#445,ddxplus,0,634.0000
1220,ddxplus#446,ddxplus,1,634.0000
1221,ddxplus#447,ddxplus,1,634.0000
1222,ds1000#975,ds1000,1,634.0000
1223,ds1000#905,ds1000,0,635.0000
1224,ddxplus#448,ddxplus,1,635.0000
1225,ddxplus#449,ddxplus,1,635.0000
1226,ddxplus#450,ddxplus,1,635.0000
1227,ddxplus#451,ddxplus,0,636.0000
1228,hotpotqa#410,hotpotqa,1,636.0000
1229,hotpotqa#411,hotpotqa,1,636.0000
1230,ddxplus#452,ddxplus,0,637.0000
1231,ds1000#817,ds1000,1,637.0000
1232,ddxplus#453,ddxplus,1,637.0000
1233,ds1000#748,ds1000,1,637.0000
1234,ds1000#565,ds1000,0,638.0000
1235,ddxplus#454,ddxplus,1,638.0000
1236,hotpotqa#412,hotpotqa,1,638.0000
1237,hotpotqa#413,hotpotqa,0,639.0000
1238,hotpotqa#414,hotpotqa,0,640.0000
1239,ddxplus#455,ddxplus,1,640.0000
1240,hotpotqa#415,hotpotqa,1,640.0000
1241,ddxplus#456,ddxplus,0,641.0000
1242,hotpotqa#416,hotpotqa,1,641.0000
1243,ddxplus#457,ddxplus,0,642.0000
1244,ds1000#734,ds1000,1,642.0000
1245,ddxplus#458,ddxplus,1,642.0000
1246,hotpotqa#417,hotpotqa,1,642.0000
1247,ddxplus#459,ddxplus,1,642.0000
1248,ddxplus#460,ddxplus,1,642.0000
1249,hotpotqa#418,hotpotqa,0,643.0000
1250,ddxplus#461,ddxplus,0,644.0000
1251,hotpotqa#419,hotpotqa,1,644.0000
1252,hotpotqa#420,hotpotqa,0,645.0000
1253,ds1000#237,ds1000,0,646.0000
1254,ddxplus#462,ddxplus,1,646.0000
1255,ds1000#774,ds1000,0,647.0000
1256,hotpotqa#421,hotpotqa,1,647.0000
1257,hotpotqa#422,hotpotqa,1,647.0000
1258,ddxplus#463,ddxplus,0,648.0000
1259,ddxplus#464,ddxplus,1,648.0000
1260,hotpotqa#423,hotpotqa,0,649.0000
1261,hotpotqa#424,hotpotqa,0,650.0000
1262,ds1000#894,ds1000,1,650.0000
1263,hotpotqa#425,hotpotqa,0,651.0000
1264,hotpotqa#426,hotpotqa,1,651.0000
1265,ddxplus#465,ddxplus,0,652.0000
1266,ddxplus#466,ddxplus,1,652.0000
1267,hotpotqa#427,hotpotqa,0,653.0000
1268,ds1000#988,ds1000,0,654.0000
1269,ddxplus#467,ddxplus,0,655.0000
1270,ddxplus#468,ddxplus,0,656.0000
1271,hotpotqa#428,hotpotqa,1,656.0000
1272,ds1000#825,ds1000,0,657.0000
1273,ddxplus#469,ddxplus,0,658.0000
1274,hotpotqa#429,hotpotqa,1,658.0000
1275,hotpotqa#430,hotpotqa,1,658.0000
1276,ds1000#20,ds1000,1,658.0000
1277,hotpotqa#431,hotpotqa,1,658.0000
1278,hotpotqa#432,hotpotqa,1,658.0000
1279,ds1000#480,ds1000,1,658.0000
1280,ddxplus#470,ddxplus,1,658.0000
1281,hotpotqa#433,hotpotqa,1,658.0000
1282,ds1000#271,ds1000,0,659.0000
1283,ddxplus#471,ddxplus,1,659.0000
1284,ddxplus#472,ddxplus,0,660.0000
1285,ddxplus#473,ddxplus,1,660.0000
1286,hotpotqa#434,hotpotqa,0,661.0000
1287,hotpotqa#435,hotpotqa,0,662.0000
1288,ddxplus#474,ddxplus,1,662.0000
1289,ds1000#476,ds1000,0,663.0000
1290,ddxplus#475,ddxplus,1,663.0000
1291,ds1000#834,ds1000,1,663.0000
1292,hotpotqa#436,hotpotqa,1,663.0000
1293,hotpotqa#437,hotpotqa,0,664.0000
1294,ds1000#530,ds1000,0,665.0000
1295,ds1000#780,ds1000,0,666.0000
1296,ddxplus#476,ddxplus,1,666.0000
1297,hotpotqa#438,hotpotqa,0,667.0000
1298,ddxplus#477,ddxplus,1,667.0000
1299,ds1000#986,ds1000,1,667.0000
1300,ds1000#183,ds1000,0,668.0000
1301,ddxplus#478,ddxplus,1,668.0000
1302,ddxplus#479,ddxplus,1,668.0000
1303,ds1000#140,ds1000,1,668.0000
1304,ds1000#393,ds1000,1,668.0000
1305,ddxplus#480,ddxplus,1,668.0000
1306,hotpotqa#439,hotpotqa,0,669.0000
1307,ddxplus#481,ddxplus,0,670.0000
1308,ds1000#202,ds1000,0,671.0000
1309,hotpotqa#440,hotpotqa,0,672.0000
1310,hotpotqa#441,hotpotqa,1,672.0000
1311,ddxplus#482,ddxplus,0,673.0000
1312,ddxplus#483,ddxplus,0,674.0000
1313,ds1000#725,ds1000,1,674.0000
1314,hotpotqa#442,hotpotqa,1,674.0000
1315,ddxplus#484,ddxplus,1,674.0000
1316,ds1000#743,ds1000,0,675.0000
1317,hotpotqa#443,hotpotqa,0,676.0000
1318,hotpotqa#444,hotpotqa,1,676.0000
1319,hotpotqa#445,hotpotqa,0,677.0000
1320,ddxplus#485,ddxplus,1,677.0000
1321,ddxplus#486,ddxplus,0,678.0000
1322,hotpotqa#446,hotpotqa,0,679.0000
1323,ddxplus#487,ddxplus,1,679.0000
1324,hotpotqa#447,hotpotqa,1,679.0000
1325,hotpotqa#448,hotpotqa,0,680.0000
1326,ddxplus#488,ddxplus,0,681.0000
1327,hotpotqa#449,hotpotqa,1,681.0000
1328,ddxplus#489,ddxplus,1,681.0000
1329,ddxplus#490,ddxplus,0,682.0000
1330,ddxplus#491,ddxplus,0,683.0000
1331,hotpotqa#450,hotpotqa,1,683.0000
1332,ds1000#124,ds1000,1,683.0000
1333,ds1000#951,ds1000,1,683.0000
1334,hotpotqa#451,hotpotqa,0,684.0000
1335,ddxplus#492,ddxplus,1,684.0000
1336,ddxplus#493,ddxplus,0,685.0000
1337,hotpotqa#452,hotpotqa,1,685.0000
1338,ddxplus#494,ddxplus,1,685.0000
1339,ddxplus#495,ddxplus,1,685.0000
1340,hotpotqa#453,hotpotqa,1,685.0000
1341,ddxplus#496,ddxplus,1,685.0000
1342,hotpotqa#454,hotpotqa,1,685.0000
1343,hotpotqa#455,hotpotqa,1,685.0000
1344,ds1000#59,ds1000,0,686.0000
1345,ddxplus#497,ddxplus,1,686.0000
1346,hotpotqa#456,hotpotqa,1,686.0000
1347,ds1000#823,ds1000,0,687.0000
1348,ddxplus#498,ddxplus,1,687.0000
1349,hotpotqa#457,hotpotqa,0,688.0000
1350,hotpotqa#458,hotpotqa,1,688.0000
1351,ddxplus#499,ddxplus,0,689.0000
1352,ddxplus#500,ddxplus,1,689.0000
1353,ddxplus#501,ddxplus,1,689.0000
1354,ddxplus#502,ddxplus,0,690.0000
1355,hotpotqa#459,hotpotqa,1,690.0000
1356,hotpotqa#460,hotpotqa,1,690.0000
1357,ddxplus#503,ddxplus,1,690.0000
1358,ddxplus#504,ddxplus,0,691.0000
1359,hotpotqa#461,hotpotqa,0,692.0000
1360,ddxplus#505,ddxplus,1,692.0000
1361,hotpotqa#462,hotpotqa,1,692.0000
1362,hotpotqa#463,hotpotqa,1,692.0000
1363,hotpotqa#464,hotpotqa,1,692.0000
1364,ds1000#716,ds1000,1,692.0000
1365,ddxplus#506,ddxplus,0,693.0000
1366,hotpotqa#465,hotpotqa,0,694.0000
1367,hotpotqa#466,hotpotqa,1,694.0000
1368,ds1000#766,ds1000,0,695.0000
1369,ddxplus#507,ddxplus,1,695.0000
1370,ddxplus#508,ddxplus,0,696.0000
1371,ds1000#472,ds1000,1,696.0000
1372,ddxplus#509,ddxplus,0,697.0000
1373,ds1000#64,ds1000,0,698.0000
1374,ddxplus#510,ddxplus,0,699.0000
1375,hotpotqa#467,hotpotqa,1,699.0000
1376,ds1000#234,ds1000,1,699.0000
1377,ddxplus#511,ddxplus,0,700.0000
1378,ddxplus#512,ddxplus,1,700.0000
1379,ds1000#873,ds1000,0,701.0000
1380,hotpotqa#468,hotpotqa,0,702.0000
1381,hotpotqa#469,hotpotqa,0,703.0000
1382,ds1000#719,ds1000,1,703.0000
1383,ds1000#585,ds1000,0,704.0000
1384,ddxplus#513,ddxplus,1,704.0000
1385,hotpotqa#470,hotpotqa,0,705.0000
1386,hotpotqa#471,hotpotqa,1,705.0000
1387,hotpotqa#472,hotpotqa,1,705.0000
1388,ds1000#461,ds1000,0,706.0000
1389,ds1000#40,ds1000,0,707.0000
1390,ddxplus#514,ddxplus,1,707.0000
1391,ddxplus#515,ddxplus,0,708.0000
1392,ddxplus#516,ddxplus,1,708.0000
1393,ddxplus#517,ddxplus,1,708.0000
1394,hotpotqa#473,hotpotqa,1,708.0000
1395,ds1000#977,ds1000,1,708.0000
1396,ddxplus#518,ddxplus,1,708.0000
1397,hotpotqa#474,hotpotqa,0,709.0000
1398,ds1000#601,ds1000,1,709.0000
1399,ddxplus#519,ddxplus,1,709.0000
1400,hotpotqa#475,hotpotqa,0,710.0000
1401,ddxplus#520,ddxplus,1,710.0000
1402,ddxplus#521,ddxplus,1,710.0000
1403,ddxplus#522,ddxplus,1,710.0000
1404,hotpotqa#476,hotpotqa,1,710.0000
1405,hotpotqa#477,hotpotqa,0,711.0000
1406,hotpotqa#478,hotpotqa,0,712.0000
1407,ddxplus#523,ddxplus,1,712.0000
1408,hotpotqa#479,hotpotqa,0,713.0000
1409,ddxplus#524,ddxplus,1,713.0000
1410,ds1000#478,ds1000,1,713.0000
1411,ddxplus#525,ddxplus,1,713.0000
1412,hotpotqa#480,hotpotqa,1,713.0000
1413,ddxplus#526,ddxplus,0,714.0000
1414,hotpotqa#481,hotpotqa,0,715.0000
1415,hotpotqa#482,hotpotqa,1,715.0000
1416,ddxplus#527,ddxplus,1,715.0000
1417,hotpotqa#483,hotpotqa,0,716.0000
1418,hotpotqa#484,hotpotqa,1,716.0000
1419,ddxplus#528,ddxplus,0,717.0000
1420,ds1000#589,ds1000,1,717.0000
1421,ddxplus#529,ddxplus,0,718.0000
1422,ddxplus#530,ddxplus,0,719.0000
1423,hotpotqa#485,hotpotqa,1,719.0000
1424,ddxplus#531,ddxplus,1,719.0000
1425,ds1000#915,ds1000,0,720.0000
1426,hotpotqa#486,hotpotqa,0,721.0000
1427,ddxplus#532,ddxplus,0,722.0000
1428,ddxplus#533,ddxplus,1,722.0000
1429,hotpotqa#487,hotpotqa,1,722.0000
1430,ddxplus#534,ddxplus,1,722.0000
1431,ddxplus#535,ddxplus,0,723.0000
1432,ddxplus#536,ddxplus,1,723.0000
1433,ddxplus#537,ddxplus,0,724.0000
1434,ddxplus#538,ddxplus,0,725.0000
1435,ds1000#132,ds1000,0,726.0000
1436,ddxplus#539,ddxplus,1,726.0000
1437,ddxplus#540,ddxplus,1,726.0000
1438,ddxplus#541,ddxplus,1,726.0000
1439,ddxplus#542,ddxplus,1,726.0000
1440,hotpotqa#488,hotpotqa,0,727.0000
1441,hotpotqa#489,hotpotqa,1,727.0000
1442,hotpotqa#490,hotpotqa,0,728.0000
1443,hotpotqa#491,hotpotqa,0,729.0000
1444,ddxplus#543,ddxplus,1,729.0000
1445,ds1000#72,ds1000,0,730.0000
1446,hotpotqa#492,hotpotqa,1,730.0000
1447,ds1000#138,ds1000,0,731.0000
1448,ds1000#121,ds1000,0,732.0000
1449,ds1000#46,ds1000,0,733.0000
1450,ddxplus#544,ddxplus,0,734.0000
1451,ddxplus#545,ddxplus,1,734.0000
1452,hotpotqa#493,hotpotqa,1,734.0000
1453,ddxplus#546,ddxplus,1,734.0000
1454,ddxplus#547,ddxplus,1,734.0000
1455,ds1000#482,ds1000,1,734.0000
1456,ds1000#184,ds1000,0,735.0000
1457,ddxplus#548,ddxplus,1,735.0000
1458,ddxplus#549,ddxplus,1,735.0000
1459,ddxplus#550,ddxplus,1,735.0000
1460,ds1000#53,ds1000,0,736.0000
1461,ddxplus#551,ddxplus,1,736.0000
1462,ddxplus#552,ddxplus,1,736.0000
1463,hotpotqa#494,hotpotqa,0,737.0000
1464,hotpotqa#495,hotpotqa,1,737.0000
1465,ddxplus#553,ddxplus,1,737.0000
1466,hotpotqa#496,hotpotqa,1,737.0000
1467,hotpotqa#497,hotpotqa,0,738.0000
1468,ddxplus#554,ddxplus,0,739.0000
1469,ddxplus#555,ddxplus,1,739.0000
1470,hotpotqa#498,hotpotqa,0,740.0000
1471,hotpotqa#499,hotpotqa,0,741.0000
1472,ddxplus#556,ddxplus,0,742.0000
1473,ddxplus#557,ddxplus,1,742.0000
1474,ds1000#715,ds1000,1,742.0000
1475,hotpotqa#500,hotpotqa,1,742.0000
1476,ds1000#33,ds1000,0,743.0000
1477,ddxplus#558,ddxplus,1,743.0000
1478,ds1000#966,ds1000,1,743.0000
1479,hotpotqa#501,hotpotqa,1,743.0000
1480,ddxplus#559,ddxplus,1,743.0000
1481,ddxplus#560,ddxplus,0,744.0000
1482,ddxplus#561,ddxplus,0,745.0000
1483,ddxplus#562,ddxplus,1,745.0000
1484,hotpotqa#502,hotpotqa,0,746.0000
1485,ds1000#794,ds1000,1,746.0000
1486,hotpotqa#503,hotpotqa,1,746.0000
1487,ds1000#26,ds1000,0,747.0000
1488,hotpotqa#504,hotpotqa,1,747.0000
1489,hotpotqa#505,hotpotqa,1,747.0000
1490,hotpotqa#506,hotpotqa,0,748.0000
1491,ds1000#415,ds1000,0,749.0000
1492,ddxplus#563,ddxplus,1,749.0000
1493,hotpotqa#507,hotpotqa,0,750.0000
1494,hotpotqa#508,hotpotqa,1,750.0000
1495,ddxplus#564,ddxplus,1,750.0000
1496,ddxplus#565,ddxplus,1,750.0000
1497,ddxplus#566,ddxplus,0,751.0000
1498,hotpotqa#509,hotpotqa,0,752.0000
1499,hotpotqa#510,hotpotqa,1,752.0000
1500,ds1000#509,ds1000,0,753.0000
1501,ds1000#772,ds1000,0,754.0000
1502,hotpotqa#511,hotpotqa,0,755.0000
1503,ds1000#374,ds1000,1,755.0000
1504,ds1000#431,ds1000,0,756.0000
1505,ds1000#742,ds1000,0,757.0000
1506,hotpotqa#512,hotpotqa,1,757.0000
1507,ds1000#168,ds1000,1,757.0000
1508,hotpotqa#513,hotpotqa,0,758.0000
1509,ddxplus#567,ddxplus,0,759.0000
1510,hotpotqa#514,hotpotqa,0,760.0000
1511,ddxplus#568,ddxplus,1,760.0000
1512,ds1000#531,ds1000,0,761.0000
1513,ds1000#399,ds1000,1,761.0000
1514,hotpotqa#515,hotpotqa,1,761.0000
1515,hotpotqa#516,hotpotqa,0,762.0000
1516,ds1000#471,ds1000,0,763.0000
1517,ds1000#172,ds1000,1,763.0000
1518,hotpotqa#517,hotpotqa,0,764.0000
1519,ds1000#269,ds1000,0,765.0000
1520,hotpotqa#518,hotpotqa,0,766.0000
1521,ddxplus#569,ddxplus,1,766.0000
1522,ds1000#596,ds1000,0,767.0000
1523,hotpotqa#519,hotpotqa,1,767.0000
1524,ds1000#258,ds1000,0,768.0000
1525,ddxplus#570,ddxplus,0,769.0000
1526,ds1000#731,ds1000,1,769.0000
1527,ddxplus#571,ddxplus,0,770.0000
1528,ddxplus#572,ddxplus,1,770.0000
1529,hotpotqa#520,hotpotqa,1,770.0000
1530,ddxplus#573,ddxplus,0,771.0000
1531,hotpotqa#521,hotpotqa,1,771.0000
1532,hotpotqa#522,hotpotqa,0,772.0000
1533,ds1000#879,ds1000,0,773.0000
1534,ds1000#714,ds1000,1,773.0000
1535,hotpotqa#523,hotpotqa,1,773.0000
1536,ds1000#144,ds1000,1,773.0000
1537,ddxplus#574,ddxplus,1,773.0000
1538,ds1000#463,ds1000,0,774.0000
1539,ds1000#220,ds1000,0,775.0000
1540,hotpotqa#524,hotpotqa,0,776.0000
1541,ddxplus#575,ddxplus,1,776.0000
1542,hotpotqa#525,hotpotqa,1,776.0000
1543,ddxplus#576,ddxplus,0,777.0000
1544,ddxplus#577,ddxplus,1,777.0000
1545,ds1000#740,ds1000,0,778.0000
1546,ds1000#85,ds1000,0,779.0000
1547,hotpotqa#526,hotpotqa,0,780.0000
1548,ds1000#852,ds1000,1,780.0000
1549,ds1000#627,ds1000,1,780.0000
1550,ddxplus#578,ddxplus,0,781.0000
1551,hotpotqa#527,hotpotqa,1,781.0000
1552,ddxplus#579,ddxplus,1,781.0000
1553,ddxplus#580,ddxplus,0,782.0000
1554,hotpotqa#528,hotpotqa,0,783.0000
1555,ddxplus#581,ddxplus,0,784.0000
1556,ddxplus#582,ddxplus,1,784.0000
1557,hotpotqa#529,hotpotqa,0,785.0000
1558,ddxplus#583,ddxplus,1,785.0000
1559,ds1000#723,ds1000,0,786.0000
1560,hotpotqa#530,hotpotqa,1,786.0000
1561,hotpotqa#531,hotpotqa,1,786.0000
1562,hotpotqa#532,hotpotqa,0,787.0000
1563,ddxplus#584,ddxplus,1,787.0000
1564,ddxplus#585,ddxplus,0,788.0000
1565,hotpotqa#533,hotpotqa,1,788.0000
1566,hotpotqa#534,hotpotqa,0,789.0000
1567,ds1000#807,ds1000,0,790.0000
1568,hotpotqa#535,hotpotqa,1,790.0000
1569,ds1000#226,ds1000,0,791.0000
1570,hotpotqa#536,hotpotqa,1,791.0000
1571,ddxplus#586,ddxplus,0,792.0000
1572,ddxplus#587,ddxplus,1,792.0000
1573,hotpotqa#537,hotpotqa,0,793.0000
1574,ddxplus#588,ddxplus,0,794.0000
1575,ddxplus#589,ddxplus,1,794.0000
1576,ds1000#110,ds1000,0,795.0000
1577,hotpotqa#538,hotpotqa,1,795.0000
1578,hotpotqa#539,hotpotqa,0,796.0000
1579,ds1000#869,ds1000,1,796.0000
1580,ddxplus#590,ddxplus,1,796.0000
1581,ddxplus#591,ddxplus,0,797.0000
1582,ddxplus#592,ddxplus,0,798.0000
1583,ddxplus#593,ddxplus,0,799.0000
1584,ddxplus#594,ddxplus,1,799.0000
1585,ds1000#984,ds1000,0,800.0000
1586,ddxplus#595,ddxplus,1,800.0000
1587,hotpotqa#540,hotpotqa,0,801.0000
1588,ddxplus#596,ddxplus,1,801.0000
1589,ddxplus#597,ddxplus,0,802.0000
1590,hotpotqa#541,hotpotqa,0,803.0000
1591,ddxplus#598,ddxplus,1,803.0000
1592,ddxplus#599,ddxplus,1,803.0000
1593,hotpotqa#542,hotpotqa,1,803.0000
1594,hotpotqa#543,hotpotqa,0,804.0000
1595,hotpotqa#544,hotpotqa,0,805.0000
1596,ddxplus#600,ddxplus,1,805.0000
1597,hotpotqa#545,hotpotqa,1,805.0000
1598,ddxplus#601,ddxplus,0,806.0000
1599,ddxplus#602,ddxplus,1,806.0000
1600,hotpotqa#546,hotpotqa,1,806.0000
1601,ddxplus#603,ddxplus,1,806.0000
1602,hotpotqa#547,hotpotqa,0,807.0000
1603,ds1000#663,ds1000,1,807.0000
1604,ddxplus#604,ddxplus,0,808.0000
1605,ds1000#561,ds1000,1,808.0000
1606,ddxplus#605,ddxplus,0,809.0000
1607,ddxplus#606,ddxplus,0,810.0000
1608,ddxplus#607,ddxplus,1,810.0000
1609,ds1000#802,ds1000,0,811.0000
1610,hotpotqa#548,hotpotqa,1,811.0000
1611,hotpotqa#549,hotpotqa,1,811.0000
1612,ddxplus#608,ddxplus,1,811.0000
1613,ds1000#729,ds1000,0,812.0000
1614,hotpotqa#550,hotpotqa,1,812.0000
1615,ddxplus#609,ddxplus,0,813.0000
1616,ds1000#952,ds1000,1,813.0000
1617,hotpotqa#551,hotpotqa,0,814.0000
1618,ds1000#377,ds1000,1,814.0000
1619,ddxplus#610,ddxplus,1,814.0000
1620,hotpotqa#552,hotpotqa,0,815.0000
1621,ddxplus#611,ddxplus,1,815.0000
1622,ddxplus#612,ddxplus,1,815.0000
1623,ddxplus#613,ddxplus,0,816.0000
1624,ds1000#351,ds1000,0,817.0000
1625,hotpotqa#553,hotpotqa,1,817.0000
1626,hotpotqa#554,hotpotqa,0,818.0000
1627,ddxplus#614,ddxplus,1,818.0000
1628,ddxplus#615,ddxplus,1,818.0000
1629,ds1000#174,ds1000,0,819.0000
1630,ds1000#784,ds1000,0,820.0000
1631,ddxplus#616,ddxplus,0,821.0000
1632,hotpotqa#555,hotpotqa,0,822.0000
1633,hotpotqa#556,hotpotqa,0,823.0000
1634,ds1000#155,ds1000,0,824.0000
1635,hotpotqa#557,hotpotqa,0,825.0000
1636,ddxplus#617,ddxplus,1,825.0000
1637,ddxplus#618,ddxplus,1,825.0000
1638,ddxplus#619,ddxplus,0,826.0000
1639,ddxplus#620,ddxplus,0,827.0000
1640,ddxplus#621,ddxplus,1,827.0000
1641,ddxplus#622,ddxplus,0,828.0000
1642,ddxplus#623,ddxplus,0,829.0000
1643,hotpotqa#558,hotpotqa,0,830.0000
1644,ddxplus#624,ddxplus,0,831.0000
1645,ds1000#795,ds1000,1,831.0000
1646,ds1000#816,ds1000,0,832.0000
1647,ddxplus#625,ddxplus,0,833.0000
1648,ddxplus#626,ddxplus,1,833.0000
1649,ddxplus#627,ddxplus,0,834.0000
1650,ddxplus#628,ddxplus,0,835.0000
1651,ddxplus#629,ddxplus,1,835.0000
1652,hotpotqa#559,hotpotqa,1,835.0000
1653,ddxplus#630,ddxplus,1,835.0000
1654,ddxplus#631,ddxplus,1,835.0000
1655,ddxplus#632,ddxplus,1,835.0000
1656,ddxplus#633,ddxplus,1,835.0000
1657,ddxplus#634,ddxplus,1,835.0000
1658,hotpotqa#560,hotpotqa,1,835.0000
1659,ddxplus#635,ddxplus,0,836.0000
1660,hotpotqa#561,hotpotqa,0,837.0000
1661,hotpotqa#562,hotpotqa,0,838.0000
1662,ddxplus#636,ddxplus,0,839.0000
1663,hotpotqa#563,hotpotqa,1,839.0000
1664,ds1000#964,ds1000,1,839.0000
1665,ddxplus#637,ddxplus,0,840.0000
1666,ds1000#47,ds1000,0,841.0000
1667,ddxplus#638,ddxplus,0,842.0000
1668,ddxplus#639,ddxplus,0,843.0000
1669,hotpotqa#564,hotpotqa,1,843.0000
1670,hotpotqa#565,hotpotqa,0,844.0000
1671,hotpotqa#566,hotpotqa,0,845.0000
1672,ddxplus#640,ddxplus,1,845.0000
1673,ddxplus#641,ddxplus,0,846.0000
1674,hotpotqa#567,hotpotqa,1,846.0000
1675,ddxplus#642,ddxplus,0,847.0000
1676,hotpotqa#568,hotpotqa,0,848.0000
1677,ddxplus#643,ddxplus,1,848.0000
1678,ddxplus#644,ddxplus,0,849.0000
1679,ddxplus#645,ddxplus,1,849.0000
1680,ddxplus#646,ddxplus,0,850.0000
1681,hotpotqa#569,hotpotqa,0,851.0000
1682,ddxplus#647,ddxplus,0,852.0000
1683,ds1000#400,ds1000,1,852.0000
1684,ddxplus#648,ddxplus,1,852.0000
1685,hotpotqa#570,hotpotqa,1,852.0000
1686,ds1000#97,ds1000,0,853.0000
1687,hotpotqa#571,hotpotqa,1,853.0000
1688,ds1000#840,ds1000,0,854.0000
1689,hotpotqa#572,hotpotqa,1,854.0000
1690,ddxplus#649,ddxplus,0,855.0000
1691,ddxplus#650,ddxplus,1,855.0000
1692,ds1000#778,ds1000,0,856.0000
1693,ddxplus#651,ddxplus,1,856.0000
1694,hotpotqa#573,hotpotqa,0,857.0000
1695,ddxplus#652,ddxplus,1,857.0000
1696,ds1000#211,ds1000,0,858.0000
1697,ddxplus#653,ddxplus,1,858.0000
1698,ddxplus#654,ddxplus,1,858.0000
1699,ddxplus#655,ddxplus,0,859.0000
1700,ddxplus#656,ddxplus,1,859.0000
1701,ddxplus#657,ddxplus,0,860.0000
1702,ddxplus#658,ddxplus,0,861.0000
1703,hotpotqa#574,hotpotqa,1,861.0000
1704,ddxplus#659,ddxplus,0,862.0000
1705,hotpotqa#575,hotpotqa,1,862.0000
1706,ddxplus#660,ddxplus,0,863.0000
1707,hotpotqa#576,hotpotqa,0,864.0000
1708,ddxplus#661,ddxplus,1,864.0000
1709,hotpotqa#577,hotpotqa,0,865.0000
1710,ds1000#309,ds1000,1,865.0000
1711,ddxplus#662,ddxplus,0,866.0000
1712,hotpotqa#578,hotpotqa,0,867.0000
1713,hotpotqa#579,hotpotqa,1,867.0000
1714,hotpotqa#580,hotpotqa,1,867.0000
1715,ddxplus#663,ddxplus,1,867.0000
1716,ddxplus#664,ddxplus,1,867.0000
1717,ds1000#619,ds1000,1,867.0000
1718,hotpotqa#581,hotpotqa,0,868.0000
1719,hotpotqa#582,hotpotqa,0,869.0000
1720,ds1000#845,ds1000,1,869.0000
1721,ddxplus#665,ddxplus,1,869.0000
1722,hotpotqa#583,hotpotqa,1,869.0000
1723,ddxplus#666,ddxplus,1,869.0000
1724,ddxplus#667,ddxplus,1,869.0000
1725,hotpotqa#584,hotpotqa,0,870.0000
1726,ddxplus#668,ddxplus,1,870.0000
1727,ds1000#3,ds1000,0,871.0000
1728,hotpotqa#585,hotpotqa,1,871.0000
1729,ddxplus#669,ddxplus,1,871.0000
1730,ddxplus#670,ddxplus,1,871.0000
1731,hotpotqa#586,hotpotqa,1,871.0000
1732,ds1000#971,ds1000,0,872.0000
1733,ddxplus#671,ddxplus,1,872.0000
1734,hotpotqa#587,hotpotqa,0,873.0000
1735,hotpotqa#588,hotpotqa,1,873.0000
1736,ddxplus#672,ddxplus,1,873.0000
1737,ds1000#192,ds1000,0,874.0000
1738,ddxplus#673,ddxplus,1,874.0000
1739,ddxplus#674,ddxplus,0,875.0000
1740,hotpotqa#589,hotpotqa,1,875.0000
1741,hotpotqa#590,hotpotqa,0,876.0000
1742,ddxplus#675,ddxplus,1,876.0000
1743,ddxplus#676,ddxplus,0,877.0000
1744,ds1000#406,ds1000,1,877.0000
1745,hotpotqa#591,hotpotqa,1,877.0000
1746,ds1000#738,ds1000,1,877.0000
1747,hotpotqa#592,hotpotqa,0,878.0000
1748,hotpotqa#593,hotpotqa,1,878.0000
1749,hotpotqa#594,hotpotqa,1,878.0000
1750,ddxplus#677,ddxplus,0,879.0000
1751,ddxplus#678,ddxplus,1,879.0000
1752,ddxplus#679,ddxplus,1,879.0000
1753,hotpotqa#595,hotpotqa,0,880.0000
1754,ddxplus#680,ddxplus,1,880.0000
1755,ddxplus#681,ddxplus,1,880.0000
1756,ddxplus#682,ddxplus,0,881.0000
1757,hotpotqa#596,hotpotqa,0,882.0000
1758,hotpotqa#597,hotpotqa,0,883.0000
1759,ds1000#80,ds1000,0,884.0000
1760,ds1000#744,ds1000,0,885.0000
1761,ddxplus#683,ddxplus,1,885.0000
1762,ddxplus#684,ddxplus,1,885.0000
1763,ddxplus#685,ddxplus,0,886.0000
1764,hotpotqa#598,hotpotqa,1,886.0000
1765,ddxplus#686,ddxplus,1,886.0000
1766,ds1000#419,ds1000,0,887.0000
1767,ds1000#357,ds1000,0,888.0000
1768,ddxplus#687,ddxplus,1,888.0000
1769,hotpotqa#599,hotpotqa,1,888.0000
1770,hotpotqa#600,hotpotqa,1,888.0000
1771,hotpotqa#601,hotpotqa,0,889.0000
1772,ddxplus#688,ddxplus,0,890.0000
1773,ds1000#644,ds1000,1,890.0000
1774,ddxplus#689,ddxplus,1,890.0000
1775,ds1000#422,ds1000,0,891.0000
1776,ddxplus#690,ddxplus,1,891.0000
1777,hotpotqa#602,hotpotqa,1,891.0000
1778,hotpotqa#603,hotpotqa,1,891.0000
1779,ddxplus#691,ddxplus,0,892.0000
1780,hotpotqa#604,hotpotqa,1,892.0000
1781,ddxplus#692,ddxplus,1,892.0000
1782,hotpotqa#605,hotpotqa,1,892.0000
1783,hotpotqa#606,hotpotqa,0,893.0000
1784,hotpotqa#607,hotpotqa,1,893.0000
1785,hotpotqa#608,hotpotqa,1,893.0000
1786,ds1000#923,ds1000,0,894.0000
1787,ds1000#929,ds1000,0,895.0000
1788,ds1000#603,ds1000,0,896.0000
1789,hotpotqa#609,hotpotqa,1,896.0000
1790,ddxplus#693,ddxplus,1,896.0000
1791,hotpotqa#610,hotpotqa,1,896.0000
1792,ddxplus#694,ddxplus,0,897.0000
1793,hotpotqa#611,hotpotqa,0,898.0000
1794,hotpotqa#612,hotpotqa,1,898.0000
1795,ds1000#208,ds1000,0,899.0000
1796,hotpotqa#613,hotpotqa,1,899.0000
1797,ddxplus#695,ddxplus,0,900.0000
1798,ddxplus#696,ddxplus,0,901.0000
1799,hotpotqa#614,hotpotqa,0,902.0000
1800,ddxplus#697,ddxplus,1,902.0000
1801,ddxplus#698,ddxplus,1,902.0000
1802,hotpotqa#615,hotpotqa,0,903.0000
1803,ddxplus#699,ddxplus,0,904.0000
1804,ddxplus#700,ddxplus,1,904.0000
1805,ddxplus#701,ddxplus,1,904.0000
1806,hotpotqa#616,hotpotqa,1,904.0000
1807,ddxplus#702,ddxplus,1,904.0000
1808,hotpotqa#617,hotpotqa,1,904.0000
1809,ddxplus#703,ddxplus,0,905.0000
1810,hotpotqa#618,hotpotqa,1,905.0000
1811,hotpotqa#619,hotpotqa,1,905.0000
1812,hotpotqa#620,hotpotqa,0,906.0000
1813,ds1000#345,ds1000,0,907.0000
1814,ddxplus#704,ddxplus,1,907.0000
1815,hotpotqa#621,hotpotqa,1,907.0000
1816,hotpotqa#622,hotpotqa,1,907.0000
1817,ds1000#256,ds1000,1,907.0000
1818,ddxplus#705,ddxplus,0,908.0000
1819,ddxplus#706,ddxplus,0,909.0000
1820,hotpotqa#623,hotpotqa,1,909.0000
1821,hotpotqa#624,hotpotqa,1,909.0000
1822,hotpotqa#625,hotpotqa,0,910.0000
1823,hotpotqa#626,hotpotqa,0,911.0000
1824,hotpotqa#627,hotpotqa,1,911.0000
1825,ds1000#145,ds1000,1,911.0000
1826,ddxplus#707,ddxplus,0,912.0000
1827,ddxplus#708,ddxplus,1,912.0000
1828,ddxplus#709,ddxplus,0,913.0000
1829,ds1000#854,ds1000,1,913.0000
1830,ds1000#488,ds1000,0,914.0000
1831,hotpotqa#628,hotpotqa,1,914.0000
1832,ddxplus#710,ddxplus,0,915.0000
1833,hotpotqa#629,hotpotqa,1,915.0000
1834,hotpotqa#630,hotpotqa,0,916.0000
1835,ddxplus#711,ddxplus,1,916.0000
1836,ddxplus#712,ddxplus,1,916.0000
1837,ds1000#713,ds1000,1,916.0000
1838,ddxplus#713,ddxplus,1,916.0000
1839,ddxplus#714,ddxplus,1,916.0000
1840,hotpotqa#631,hotpotqa,0,917.0000
1841,hotpotqa#632,hotpotqa,0,918.0000
1842,ddxplus#715,ddxplus,1,918.0000
1843,ddxplus#716,ddxplus,1,918.0000
1844,ds1000#90,ds1000,0,919.0000
1845,hotpotqa#633,hotpotqa,1,919.0000
1846,ds1000#469,ds1000,0,920.0000
1847,hotpotqa#634,hotpotqa,1,920.0000
1848,ddxplus#717,ddxplus,1,920.0000
1849,hotpotqa#635,hotpotqa,0,921.0000
1850,hotpotqa#636,hotpotqa,1,921.0000
1851,hotpotqa#637,hotpotqa,1,921.0000
1852,hotpotqa#638,hotpotqa,0,922.0000
1853,ddxplus#718,ddxplus,1,922.0000
1854,ds1000#800,ds1000,0,923.0000
1855,hotpotqa#639,hotpotqa,1,923.0000
1856,ddxplus#719,ddxplus,1,923.0000
1857,hotpotqa#640,hotpotqa,1,923.0000
1858,ds1000#441,ds1000,1,923.0000
1859,hotpotqa#641,hotpotqa,0,924.0000
1860,ddxplus#720,ddxplus,1,924.0000
1861,hotpotqa#642,hotpotqa,1,924.0000
1862,ddxplus#721,ddxplus,1,924.0000
1863,ds1000#108,ds1000,0,925.0000
1864,hotpotqa#643,hotpotqa,1,925.0000
1865,ddxplus#722,ddxplus,0,926.0000
1866,hotpotqa#644,hotpotqa,0,927.0000
1867,ddxplus#723,ddxplus,0,928.0000
1868,hotpotqa#645,hotpotqa,0,929.0000
1869,hotpotqa#646,hotpotqa,0,930.0000
1870,hotpotqa#647,hotpotqa,1,930.0000
1871,ddxplus#724,ddxplus,0,931.0000
1872,ddxplus#725,ddxplus,0,932.0000
1873,ddxplus#726,ddxplus,0,933.0000
1874,ds1000#404,ds1000,0,934.0000
1875,ds1000#338,ds1000,0,935.0000
1876,ds1000#68,ds1000,0,936.0000
1877,hotpotqa#648,hotpotqa,1,936.0000
1878,ddxplus#727,ddxplus,0,937.0000
1879,ddxplus#728,ddxplus,0,938.0000
1880,hotpotqa#649,hotpotqa,0,939.0000
1881,ds1000#575,ds1000,0,940.0000
1882,ds1000#741,ds1000,0,941.0000
1883,ddxplus#729,ddxplus,0,942.0000
1884,ds1000#728,ds1000,1,942.0000
1885,ddxplus#730,ddxplus,0,943.0000
1886,hotpotqa#650,hotpotqa,0,944.0000
1887,hotpotqa#651,hotpotqa,1,944.0000
1888,ddxplus#731,ddxplus,1,944.0000
1889,ds1000#747,ds1000,0,945.0000
1890,ddxplus#732,ddxplus,1,945.0000
1891,ddxplus#733,ddxplus,1,945.0000
1892,ddxplus#734,ddxplus,0,946.0000
1893,hotpotqa#652,hotpotqa,1,946.0000
1894,hotpotqa#653,hotpotqa,1,946.0000
1895,hotpotqa#654,hotpotqa,1,946.0000
1896,ddxplus#735,ddxplus,0,947.0000
1897,ddxplus#736,ddxplus,1,947.0000
1898,ddxplus#737,ddxplus,1,947.0000
1899,ds1000#194,ds1000,0,948.0000
1900,ddxplus#738,ddxplus,1,948.0000
1901,ds1000#925,ds1000,0,949.0000
1902,ddxplus#739,ddxplus,0,950.0000
1903,ddxplus#740,ddxplus,1,950.0000
1904,ds1000#569,ds1000,0,951.0000
1905,hotpotqa#655,hotpotqa,1,951.0000
1906,ddxplus#741,ddxplus,1,951.0000
1907,ddxplus#742,ddxplus,0,952.0000
1908,ds1000#855,ds1000,1,952.0000
1909,hotpotqa#656,hotpotqa,1,952.0000
1910,hotpotqa#657,hotpotqa,1,952.0000
1911,ddxplus#743,ddxplus,0,953.0000
1912,ddxplus#744,ddxplus,1,953.0000
1913,ds1000#58,ds1000,0,954.0000
1914,hotpotqa#658,hotpotqa,1,954.0000
1915,ds1000#462,ds1000,0,955.0000
1916,ddxplus#745,ddxplus,1,955.0000
1917,ddxplus#746,ddxplus,1,955.0000
1918,ddxplus#747,ddxplus,0,956.0000
1919,ddxplus#748,ddxplus,1,956.0000
1920,ddxplus#749,ddxplus,0,957.0000
1921,hotpotqa#659,hotpotqa,1,957.0000
1922,ddxplus#750,ddxplus,1,957.0000
1923,ddxplus#751,ddxplus,0,958.0000
1924,ddxplus#752,ddxplus,1,958.0000
1925,hotpotqa#660,hotpotqa,1,958.0000
1926,hotpotqa#661,hotpotqa,1,958.0000
1927,hotpotqa#662,hotpotqa,1,958.0000
1928,ddxplus#753,ddxplus,1,958.0000
1929,ds1000#901,ds1000,0,959.0000
1930,hotpotqa#663,hotpotqa,0,960.0000
1931,ddxplus#754,ddxplus,0,961.0000
1932,ddxplus#755,ddxplus,1,961.0000
1933,hotpotqa#664,hotpotqa,0,962.0000
1934,ds1000#261,ds1000,1,962.0000
1935,ddxplus#756,ddxplus,1,962.0000
1936,ddxplus#757,ddxplus,0,963.0000
1937,ddxplus#758,ddxplus,0,964.0000
1938,ddxplus#759,ddxplus,1,964.0000
1939,hotpotqa#665,hotpotqa,1,964.0000
1940,hotpotqa#666,hotpotqa,1,964.0000
1941,ddxplus#760,ddxplus,1,964.0000
1942,ddxplus#761,ddxplus,0,965.0000
1943,hotpotqa#667,hotpotqa,1,965.0000
1944,hotpotqa#668,hotpotqa,1,965.0000
1945,ddxplus#762,ddxplus,1,965.0000
1946,hotpotqa#669,hotpotqa,0,966.0000
1947,ddxplus#763,ddxplus,0,967.0000
1948,ddxplus#764,ddxplus,0,968.0000
1949,ddxplus#765,ddxplus,1,968.0000
1950,hotpotqa#670,hotpotqa,0,969.0000
1951,hotpotqa#671,hotpotqa,1,969.0000
1952,ddxplus#766,ddxplus,0,970.0000
1953,hotpotqa#672,hotpotqa,1,970.0000
1954,ddxplus#767,ddxplus,1,970.0000
1955,ds1000#398,ds1000,1,970.0000
1956,hotpotqa#673,hotpotqa,1,970.0000
1957,ds1000#755,ds1000,0,971.0000
1958,ddxplus#768,ddxplus,1,971.0000
1959,hotpotqa#674,hotpotqa,0,972.0000
1960,ds1000#871,ds1000,1,972.0000
1961,hotpotqa#675,hotpotqa,1,972.0000
1962,ddxplus#769,ddxplus,0,973.0000
1963,hotpotqa#676,hotpotqa,0,974.0000
1964,hotpotqa#677,hotpotqa,0,975.0000
1965,hotpotqa#678,hotpotqa,1,975.0000
1966,hotpotqa#679,hotpotqa,1,975.0000
1967,ds1000#459,ds1000,1,975.0000
1968,hotpotqa#680,hotpotqa,0,976.0000
1969,hotpotqa#681,hotpotqa,0,977.0000
1970,ds1000#632,ds1000,0,978.0000
1971,ds1000#647,ds1000,0,979.0000
1972,ddxplus#770,ddxplus,1,979.0000
1973,hotpotqa#682,hotpotqa,1,979.0000
1974,hotpotqa#683,hotpotqa,1,979.0000
1975,hotpotqa#684,hotpotqa,1,979.0000
1976,hotpotqa#685,hotpotqa,0,980.0000
1977,ds1000#580,ds1000,0,981.0000
1978,hotpotqa#686,hotpotqa,0,982.0000
1979,ddxplus#771,ddxplus,1,982.0000
1980,hotpotqa#687,hotpotqa,1,982.0000
1981,ds1000#954,ds1000,0,983.0000
1982,ds1000#235,ds1000,1,983.0000
1983,hotpotqa#688,hotpotqa,0,984.0000
1984,hotpotqa#689,hotpotqa,0,985.0000
1985,hotpotqa#690,hotpotqa,1,985.0000
1986,ddxplus#772,ddxplus,0,986.0000
1987,ddxplus#773,ddxplus,0,987.0000
1988,ddxplus#774,ddxplus,1,987.0000
1989,hotpotqa#691,hotpotqa,1,987.0000
1990,hotpotqa#692,hotpotqa,1,987.0000
1991,hotpotqa#693,hotpotqa,1,987.0000
1992,ddxplus#775,ddxplus,1,987.0000
1993,hotpotqa#694,hotpotqa,0,988.0000
1994,ddxplus#776,ddxplus,0,989.0000
1995,ddxplus#777,ddxplus,0,990.0000
1996,hotpotqa#695,hotpotqa,1,990.0000
1997,hotpotqa#696,hotpotqa,1,990.0000
1998,ds1000#280,ds1000,0,991.0000
1999,ds1000#922,ds1000,0,992.0000
2000,hotpotqa#697,hotpotqa,0,993.0000
2001,ddxplus#778,ddxplus,1,993.0000
2002,ddxplus#779,ddxplus,0,994.0000
2003,ddxplus#780,ddxplus,1,994.0000
2004,hotpotqa#698,hotpotqa,0,995.0000
2005,hotpotqa#699,hotpotqa,1,995.0000
2006,ds1000#618,ds1000,0,996.0000
2007,hotpotqa#700,hotpotqa,0,997.0000
2008,ddxplus#781,ddxplus,0,998.0000
2009,ddxplus#782,ddxplus,1,998.0000
2010,ddxplus#783,ddxplus,0,999.0000
2011,ds1000#573,ds1000,1,999.0000
2012,ddxplus#784,ddxplus,1,999.0000
2013,hotpotqa#701,hotpotqa,0,1000.0000
2014,hotpotqa#702,hotpotqa,1,1000.0000
2015,ddxplus#785,ddxplus,0,1001.0000
2016,hotpotqa#703,hotpotqa,1,1001.0000
2017,ddxplus#786,ddxplus,0,1002.0000
2018,ds1000#293,ds1000,0,1003.0000
2019,hotpotqa#704,hotpotqa,0,1004.0000
2020,hotpotqa#705,hotpotqa,0,1005.0000
2021,hotpotqa#706,hotpotqa,0,1006.0000
2022,ddxplus#787,ddxplus,0,1007.0000
2023,ds1000#538,ds1000,0,1008.0000
2024,hotpotqa#707,hotpotqa,0,1009.0000
2025,hotpotqa#708,hotpotqa,1,1009.0000
2026,hotpotqa#709,hotpotqa,1,1009.0000
2027,hotpotqa#710,hotpotqa,0,1010.0000
2028,ds1000#178,ds1000,0,1011.0000
2029,hotpotqa#711,hotpotqa,1,1011.0000
2030,ddxplus#788,ddxplus,0,1012.0000
2031,ddxplus#789,ddxplus,1,1012.0000
2032,ddxplus#790,ddxplus,1,1012.0000
2033,hotpotqa#712,hotpotqa,1,1012.0000
2034,hotpotqa#713,hotpotqa,1,1012.0000
2035,ddxplus#791,ddxplus,1,1012.0000
2036,hotpotqa#714,hotpotqa,1,1012.0000
2037,ddxplus#792,ddxplus,0,1013.0000
2038,ddxplus#793,ddxplus,1,1013.0000
2039,ds1000#516,ds1000,0,1014.0000
2040,hotpotqa#715,hotpotqa,0,1015.0000
2041,hotpotqa#716,hotpotqa,0,1016.0000
2042,ddxplus#794,ddxplus,1,1016.0000
2043,hotpotqa#717,hotpotqa,0,1017.0000
2044,hotpotqa#718,hotpotqa,0,1018.0000
2045,ddxplus#795,ddxplus,1,1018.0000
2046,hotpotqa#719,hotpotqa,0,1019.0000
2047,ddxplus#796,ddxplus,1,1019.0000
2048,hotpotqa#720,hotpotqa,0,1020.0000
2049,ds1000#981,ds1000,0,1021.0000
2050,ddxplus#797,ddxplus,0,1022.0000
2051,ds1000#229,ds1000,0,1023.0000
2052,hotpotqa#721,hotpotqa,1,1023.0000
2053,hotpotqa#722,hotpotqa,0,1024.0000
2054,hotpotqa#723,hotpotqa,1,1024.0000
2055,ddxplus#798,ddxplus,0,1025.0000
2056,hotpotqa#724,hotpotqa,0,1026.0000
2057,ddxplus#799,ddxplus,0,1027.0000
2058,hotpotqa#725,hotpotqa,0,1028.0000
2059,hotpotqa#726,hotpotqa,0,1029.0000
2060,ddxplus#800,ddxplus,1,1029.0000
2061,ds1000#353,ds1000,0,1030.0000
2062,hotpotqa#727,hotpotqa,1,1030.0000
2063,hotpotqa#728,hotpotqa,0,1031.0000
2064,hotpotqa#729,hotpotqa,0,1032.0000
2065,ds1000#84,ds1000,0,1033.0000
2066,hotpotqa#730,hotpotqa,0,1034.0000
2067,hotpotqa#731,hotpotqa,0,1035.0000
2068,hotpotqa#732,hotpotqa,0,1036.0000
2069,hotpotqa#733,hotpotqa,1,1036.0000
2070,ddxplus#801,ddxplus,0,1037.0000
2071,hotpotqa#734,hotpotqa,0,1038.0000
2072,ddxplus#802,ddxplus,1,1038.0000
2073,hotpotqa#735,hotpotqa,1,1038.0000
2074,hotpotqa#736,hotpotqa,0,1039.0000
2075,hotpotqa#737,hotpotqa,0,1040.0000
2076,hotpotqa#738,hotpotqa,0,1041.0000
2077,hotpotqa#739,hotpotqa,0,1042.0000
2078,ds1000#607,ds1000,0,1043.0000
2079,hotpotqa#740,hotpotqa,0,1044.0000
2080,hotpotqa#741,hotpotqa,0,1045.0000
2081,hotpotqa#742,hotpotqa,0,1046.0000
2082,hotpotqa#743,hotpotqa,0,1047.0000
2083,hotpotqa#744,hotpotqa,0,1048.0000
2084,ddxplus#803,ddxplus,0,1049.0000
2085,ds1000#559,ds1000,1,1049.0000
2086,ds1000#870,ds1000,1,1049.0000
2087,ddxplus#804,ddxplus,0,1050.0000
2088,ds1000#282,ds1000,0,1051.0000
2089,hotpotqa#745,hotpotqa,1,1051.0000
2090,hotpotqa#746,hotpotqa,0,1052.0000
2091,ds1000#522,ds1000,0,1053.0000
2092,ddxplus#805,ddxplus,1,1053.0000
2093,ddxplus#806,ddxplus,0,1054.0000
2094,ddxplus#807,ddxplus,0,1055.0000
2095,hotpotqa#747,hotpotqa,0,1056.0000
2096,hotpotqa#748,hotpotqa,0,1057.0000
2097,ddxplus#808,ddxplus,0,1058.0000
2098,ds1000#438,ds1000,0,1059.0000
2099,ddxplus#809,ddxplus,1,1059.0000
2100,ds1000#160,ds1000,0,1060.0000
2101,ds1000#74,ds1000,0,1061.0000
2102,ddxplus#810,ddxplus,0,1062.0000
2103,hotpotqa#749,hotpotqa,0,1063.0000
2104,hotpotqa#750,hotpotqa,0,1064.0000
2105,hotpotqa#751,hotpotqa,0,1065.0000
2106,hotpotqa#752,hotpotqa,0,1066.0000
2107,hotpotqa#753,hotpotqa,0,1067.0000
2108,ds1000#733,ds1000,1,1067.0000
2109,hotpotqa#754,hotpotqa,0,1068.0000
2110,ds1000#938,ds1000,1,1068.0000
2111,ddxplus#811,ddxplus,0,1069.0000
2112,ddxplus#812,ddxplus,0,1070.0000
2113,hotpotqa#755,hotpotqa,0,1071.0000
2114,hotpotqa#756,hotpotqa,0,1072.0000
2115,ds1000#969,ds1000,0,1073.0000
2116,ddxplus#813,ddxplus,1,1073.0000
2117,ddxplus#814,ddxplus,1,1073.0000
2118,ddxplus#815,ddxplus,1,1073.0000
2119,ddxplus#816,ddxplus,1,1073.0000
2120,ddxplus#817,ddxplus,0,1074.0000
2121,hotpotqa#757,hotpotqa,0,1075.0000
2122,ddxplus#818,ddxplus,0,1076.0000
2123,hotpotqa#758,hotpotqa,0,1077.0000
2124,ddxplus#819,ddxplus,1,1077.0000
2125,hotpotqa#759,hotpotqa,0,1078.0000
2126,ds1000#200,ds1000,0,1079.0000
2127,ddxplus#820,ddxplus,0,1080.0000
2128,ddxplus#821,ddxplus,0,1081.0000
2129,hotpotqa#760,hotpotqa,0,1082.0000
2130,ddxplus#822,ddxplus,0,1083.0000
2131,hotpotqa#761,hotpotqa,0,1084.0000
2132,hotpotqa#762,hotpotqa,0,1085.0000
2133,hotpotqa#763,hotpotqa,0,1086.0000
2134,hotpotqa#764,hotpotqa,0,1087.0000
2135,ddxplus#823,ddxplus,0,1088.0000
2136,hotpotqa#765,hotpotqa,0,1089.0000
2137,ddxplus#824,ddxplus,0,1090.0000
2138,ddxplus#825,ddxplus,1,1090.0000
2139,ddxplus#826,ddxplus,1,1090.0000
2140,ddxplus#827,ddxplus,1,1090.0000
2141,ddxplus#828,ddxplus,0,1091.0000
2142,hotpotqa#766,hotpotqa,0,1092.0000
2143,hotpotqa#767,hotpotqa,0,1093.0000
2144,ds1000#757,ds1000,0,1094.0000
2145,ds1000#517,ds1000,0,1095.0000
2146,ddxplus#829,ddxplus,0,1096.0000
2147,hotpotqa#768,hotpotqa,0,1097.0000
2148,hotpotqa#769,hotpotqa,0,1098.0000
2149,hotpotqa#770,hotpotqa,0,1099.0000
2150,ddxplus#830,ddxplus,0,1100.0000
2151,ddxplus#831,ddxplus,0,1101.0000
2152,ds1000#754,ds1000,0,1102.0000
2153,hotpotqa#771,hotpotqa,0,1103.0000
2154,ddxplus#832,ddxplus,1,1103.0000
2155,ddxplus#833,ddxplus,0,1104.0000
2156,ddxplus#834,ddxplus,0,1105.0000
2157,hotpotqa#772,hotpotqa,0,1106.0000
2158,ds1000#979,ds1000,0,1107.0000
2159,hotpotqa#773,hotpotqa,0,1108.0000
2160,ddxplus#835,ddxplus,0,1109.0000
2161,ddxplus#836,ddxplus,0,1110.0000
2162,hotpotqa#774,hotpotqa,0,1111.0000
2163,ds1000#295,ds1000,0,1112.0000
2164,hotpotqa#775,hotpotqa,0,1113.0000
2165,ddxplus#837,ddxplus,0,1114.0000
2166,hotpotqa#776,hotpotqa,0,1115.0000
2167,ddxplus#838,ddxplus,0,1116.0000
2168,hotpotqa#777,hotpotqa,0,1117.0000
2169,hotpotqa#778,hotpotqa,0,1118.0000
2170,hotpotqa#779,hotpotqa,0,1119.0000
2171,ddxplus#839,ddxplus,0,1120.0000
2172,ddxplus#840,ddxplus,0,1121.0000
2173,ddxplus#841,ddxplus,0,1122.0000
2174,ddxplus#842,ddxplus,0,1123.0000
2175,ddxplus#843,ddxplus,0,1124.0000
2176,hotpotqa#780,hotpotqa,0,1125.0000
2177,ddxplus#844,ddxplus,0,1126.0000
2178,ddxplus#845,ddxplus,0,1127.0000
2179,hotpotqa#781,hotpotqa,0,1128.0000
2180,hotpotqa#782,hotpotqa,0,1129.0000
2181,ds1000#423,ds1000,0,1130.0000
2182,hotpotqa#783,hotpotqa,0,1131.0000
2183,hotpotqa#784,hotpotqa,0,1132.0000
2184,ddxplus#846,ddxplus,0,1133.0000
2185,hotpotqa#785,hotpotqa,0,1134.0000
2186,ddxplus#847,ddxplus,0,1135.0000
2187,ddxplus#848,ddxplus,0,1136.0000
2188,ddxplus#849,ddxplus,0,1137.0000
2189,hotpotqa#786,hotpotqa,0,1138.0000
2190,ds1000#118,ds1000,0,1139.0000
2191,ddxplus#850,ddxplus,0,1140.0000
2192,ds1000#337,ds1000,0,1141.0000
2193,ddxplus#851,ddxplus,0,1142.0000
2194,hotpotqa#787,hotpotqa,0,1143.0000
2195,ddxplus#852,ddxplus,0,1144.0000
2196,hotpotqa#788,hotpotqa,0,1145.0000
2197,ddxplus#853,ddxplus,0,1146.0000
2198,ddxplus#854,ddxplus,0,1147.0000
2199,ddxplus#855,ddxplus,0,1148.0000
2200,ddxplus#856,ddxplus,0,1149.0000
2201,hotpotqa#789,hotpotqa,0,1150.0000
2202,hotpotqa#790,hotpotqa,0,1151.0000
2203,hotpotqa#791,hotpotqa,0,1152.0000
2204,ddxplus#857,ddxplus,0,1153.0000
2205,ddxplus#858,ddxplus,0,1154.0000
2206,ddxplus#859,ddxplus,0,1155.0000
2207,ddxplus#860,ddxplus,0,1156.0000
2208,ds1000#985,ds1000,0,1157.0000
2209,ds1000#947,ds1000,0,1158.0000
2210,ddxplus#861,ddxplus,0,1159.0000
2211,hotpotqa#792,hotpotqa,0,1160.0000
2212,hotpotqa#793,hotpotqa,0,1161.0000
2213,ddxplus#862,ddxplus,0,1162.0000
2214,ddxplus#863,ddxplus,0,1163.0000
2215,hotpotqa#794,hotpotqa,0,1164.0000
2216,hotpotqa#795,hotpotqa,0,1165.0000
2217,ddxplus#864,ddxplus,0,1166.0000
2218,ddxplus#865,ddxplus,0,1167.0000
2219,hotpotqa#796,hotpotqa,0,1168.0000
2220,hotpotqa#797,hotpotqa,0,1169.0000
2221,hotpotqa#798,hotpotqa,0,1170.0000
2222,hotpotqa#799,hotpotqa,0,1171.0000
2223,hotpotqa#800,hotpotqa,0,1172.0000
2224,ddxplus#866,ddxplus,0,1173.0000
2225,ddxplus#867,ddxplus,0,1174.0000
2226,ddxplus#868,ddxplus,0,1175.0000
2227,ddxplus#869,ddxplus,0,1176.0000
2228,hotpotqa#801,hotpotqa,0,1177.0000
2229,ddxplus#870,ddxplus,0,1178.0000
2230,hotpotqa#802,hotpotqa,0,1179.0000
2231,ddxplus#871,ddxplus,0,1180.0000
2232,ds1000#215,ds1000,0,1181.0000
2233,ddxplus#872,ddxplus,0,1182.0000
2234,ddxplus#873,ddxplus,0,1183.0000
2235,ddxplus#874,ddxplus,1,1183.0000
2236,ddxplus#875,ddxplus,0,1184.0000
2237,ds1000#924,ds1000,0,1185.0000
2238,ds1000#54,ds1000,0,1186.0000
2239,ddxplus#876,ddxplus,0,1187.0000
2240,ddxplus#877,ddxplus,0,1188.0000
2241,ddxplus#878,ddxplus,0,1189.0000
2242,hotpotqa#803,hotpotqa,0,1190.0000
2243,ds1000#880,ds1000,0,1191.0000
2244,hotpotqa#804,hotpotqa,0,1192.0000
2245,hotpotqa#805,hotpotqa,0,1193.0000
2246,ds1000#737,ds1000,1,1193.0000
2247,ddxplus#879,ddxplus,0,1194.0000
2248,ds1000#847,ds1000,0,1195.0000
2249,ds1000#643,ds1000,0,1196.0000
2250,ddxplus#880,ddxplus,0,1197.0000
2251,ds1000#765,ds1000,0,1198.0000
2252,hotpotqa#806,hotpotqa,0,1199.0000
2253,ds1000#446,ds1000,0,1200.0000
2254,hotpotqa#807,hotpotqa,0,1201.0000
2255,ddxplus#881,ddxplus,0,1202.0000
2256,ddxplus#882,ddxplus,0,1203.0000
2257,ddxplus#883,ddxplus,0,1204.0000
2258,hotpotqa#808,hotpotqa,0,1205.0000
2259,ddxplus#884,ddxplus,0,1206.0000
2260,hotpotqa#809,hotpotqa,0,1207.0000
2261,ddxplus#885,ddxplus,0,1208.0000
2262,ddxplus#886,ddxplus,0,1209.0000
2263,ddxplus#887,ddxplus,0,1210.0000
2264,ddxplus#888,ddxplus,0,1211.0000
2265,hotpotqa#810,hotpotqa,1,1211.0000
2266,ddxplus#889,ddxplus,0,1212.0000
2267,ddxplus#890,ddxplus,0,1213.0000
2268,ddxplus#891,ddxplus,0,1214.0000
2269,ds1000#284,ds1000,0,1215.0000
2270,ddxplus#892,ddxplus,0,1216.0000
2271,ddxplus#893,ddxplus,0,1217.0000
2272,ds1000#897,ds1000,0,1218.0000
2273,ddxplus#894,ddxplus,0,1219.0000
2274,hotpotqa#811,hotpotqa,0,1220.0000
2275,hotpotqa#812,hotpotqa,0,1221.0000
2276,hotpotqa#813,hotpotqa,0,1222.0000
2277,ddxplus#895,ddxplus,0,1223.0000
2278,ddxplus#896,ddxplus,0,1224.0000
2279,ddxplus#897,ddxplus,0,1225.0000
2280,ddxplus#898,ddxplus,0,1226.0000
2281,ddxplus#899,ddxplus,0,1227.0000
2282,ddxplus#900,ddxplus,0,1228.0000
2283,ddxplus#901,ddxplus,0,1229.0000
2284,ddxplus#902,ddxplus,0,1230.0000
2285,hotpotqa#814,hotpotqa,0,1231.0000
2286,hotpotqa#815,hotpotqa,0,1232.0000
2287,ddxplus#903,ddxplus,0,1233.0000
2288,hotpotqa#816,hotpotqa,0,1234.0000
2289,ddxplus#904,ddxplus,0,1235.0000
2290,ddxplus#905,ddxplus,0,1236.0000
2291,ddxplus#906,ddxplus,0,1237.0000
2292,hotpotqa#817,hotpotqa,0,1238.0000
2293,ddxplus#907,ddxplus,0,1239.0000
2294,ddxplus#908,ddxplus,0,1240.0000
2295,hotpotqa#818,hotpotqa,0,1241.0000
2296,hotpotqa#819,hotpotqa,0,1242.0000
2297,hotpotqa#820,hotpotqa,0,1243.0000
2298,hotpotqa#821,hotpotqa,0,1244.0000
2299,ddxplus#909,ddxplus,0,1245.0000
2300,hotpotqa#822,hotpotqa,0,1246.0000
2301,ds1000#874,ds1000,1,1246.0000
2302,ds1000#99,ds1000,0,1247.0000
2303,ddxplus#910,ddxplus,0,1248.0000
2304,hotpotqa#823,hotpotqa,0,1249.0000
2305,ddxplus#911,ddxplus,0,1250.0000
2306,ddxplus#912,ddxplus,0,1251.0000
2307,ddxplus#913,ddxplus,0,1252.0000
2308,hotpotqa#824,hotpotqa,0,1253.0000
2309,hotpotqa#825,hotpotqa,0,1254.0000
2310,hotpotqa#826,hotpotqa,0,1255.0000
2311,ddxplus#914,ddxplus,0,1256.0000
2312,ds1000#139,ds1000,0,1257.0000
2313,hotpotqa#827,hotpotqa,0,1258.0000
2314,ds1000#926,ds1000,0,1259.0000
2315,ds1000#320,ds1000,0,1260.0000
2316,ddxplus#915,ddxplus,0,1261.0000
2317,hotpotqa#828,hotpotqa,0,1262.0000
2318,ddxplus#916,ddxplus,0,1263.0000
2319,hotpotqa#829,hotpotqa,0,1264.0000
2320,hotpotqa#830,hotpotqa,0,1265.0000
2321,hotpotqa#831,hotpotqa,0,1266.0000
2322,hotpotqa#832,hotpotqa,0,1267.0000
2323,ddxplus#917,ddxplus,0,1268.0000
2324,hotpotqa#833,hotpotqa,0,1269.0000
2325,ddxplus#918,ddxplus,0,1270.0000
2326,hotpotqa#834,hotpotqa,0,1271.0000
2327,hotpotqa#835,hotpotqa,0,1272.0000
2328,hotpotqa#836,hotpotqa,0,1273.0000
2329,ds1000#246,ds1000,0,1274.0000
2330,ddxplus#919,ddxplus,0,1275.0000
2331,hotpotqa#837,hotpotqa,0,1276.0000
2332,ddxplus#920,ddxplus,0,1277.0000
2333,ddxplus#921,ddxplus,0,1278.0000
2334,ddxplus#922,ddxplus,0,1279.0000
2335,ddxplus#923,ddxplus,0,1280.0000
2336,ds1000#23,ds1000,0,1281.0000
2337,hotpotqa#838,hotpotqa,0,1282.0000
2338,ds1000#191,ds1000,0,1283.0000
2339,hotpotqa#839,hotpotqa,0,1284.0000
2340,ddxplus#924,ddxplus,0,1285.0000
2341,hotpotqa#840,hotpotqa,0,1286.0000
2342,ddxplus#925,ddxplus,0,1287.0000
2343,ddxplus#926,ddxplus,0,1288.0000
2344,ds1000#505,ds1000,0,1289.0000
2345,hotpotqa#841,hotpotqa,0,1290.0000
2346,hotpotqa#842,hotpotqa,0,1291.0000
2347,hotpotqa#843,hotpotqa,0,1292.0000
2348,ds1000#264,ds1000,0,1293.0000
2349,hotpotqa#844,hotpotqa,0,1294.0000
2350,ddxplus#927,ddxplus,0,1295.0000
2351,ddxplus#928,ddxplus,0,1296.0000
2352,hotpotqa#845,hotpotqa,0,1297.0000
2353,hotpotqa#846,hotpotqa,0,1298.0000
2354,ddxplus#929,ddxplus,0,1299.0000
2355,hotpotqa#847,hotpotqa,0,1300.0000
2356,hotpotqa#848,hotpotqa,0,1301.0000
2357,ddxplus#930,ddxplus,0,1302.0000
2358,ddxplus#931,ddxplus,0,1303.0000
2359,hotpotqa#849,hotpotqa,0,1304.0000
2360,ddxplus#932,ddxplus,0,1305.0000
2361,hotpotqa#850,hotpotqa,0,1306.0000
2362,ddxplus#933,ddxplus,0,1307.0000
2363,hotpotqa#851,hotpotqa,0,1308.0000
2364,ddxplus#934,ddxplus,0,1309.0000
2365,ddxplus#935,ddxplus,0,1310.0000
2366,hotpotqa#852,hotpotqa,0,1311.0000
2367,ddxplus#936,ddxplus,0,1312.0000
2368,ddxplus#937,ddxplus,0,1313.0000
2369,ds1000#824,ds1000,0,1314.0000
2370,hotpotqa#853,hotpotqa,0,1315.0000
2371,ddxplus#938,ddxplus,0,1316.0000
2372,ddxplus#939,ddxplus,0,1317.0000
2373,hotpotqa#854,hotpotqa,0,1318.0000
2374,hotpotqa#855,hotpotqa,0,1319.0000
2375,ddxplus#940,ddxplus,0,1320.0000
2376,ds1000#465,ds1000,0,1321.0000
2377,ds1000#792,ds1000,0,1322.0000
2378,ds1000#610,ds1000,0,1323.0000
2379,hotpotqa#856,hotpotqa,0,1324.0000
2380,hotpotqa#857,hotpotqa,0,1325.0000
2381,ds1000#636,ds1000,0,1326.0000
2382,hotpotqa#858,hotpotqa,0,1327.0000
2383,ddxplus#941,ddxplus,0,1328.0000
2384,ddxplus#942,ddxplus,0,1329.0000
2385,ds1000#653,ds1000,0,1330.0000
2386,ddxplus#943,ddxplus,0,1331.0000
2387,ds1000#801,ds1000,0,1332.0000
2388,ddxplus#944,ddxplus,0,1333.0000
2389,ds1000#520,ds1000,0,1334.0000
2390,ddxplus#945,ddxplus,0,1335.0000
2391,ddxplus#946,ddxplus,0,1336.0000
2392,ddxplus#947,ddxplus,0,1337.0000
2393,ddxplus#948,ddxplus,0,1338.0000
2394,ddxplus#949,ddxplus,0,1339.0000
2395,hotpotqa#859,hotpotqa,0,1340.0000
2396,ddxplus#950,ddxplus,0,1341.0000
2397,ds1000#436,ds1000,0,1342.0000
2398,ddxplus#951,ddxplus,0,1343.0000
2399,hotpotqa#860,hotpotqa,0,1344.0000
2400,ds1000#430,ds1000,0,1345.0000
2401,ds1000#262,ds1000,0,1346.0000
2402,ddxplus#952,ddxplus,0,1347.0000
2403,hotpotqa#861,hotpotqa,0,1348.0000
2404,hotpotqa#862,hotpotqa,0,1349.0000
2405,hotpotqa#863,hotpotqa,0,1350.0000
2406,hotpotqa#864,hotpotqa,0,1351.0000
2407,hotpotqa#865,hotpotqa,0,1352.0000
2408,hotpotqa#866,hotpotqa,0,1353.0000
2409,ddxplus#953,ddxplus,0,1354.0000
2410,ddxplus#954,ddxplus,0,1355.0000
2411,ddxplus#955,ddxplus,0,1356.0000
2412,ds1000#242,ds1000,0,1357.0000
2413,hotpotqa#867,hotpotqa,0,1358.0000
2414,hotpotqa#868,hotpotqa,0,1359.0000
2415,ddxplus#956,ddxplus,0,1360.0000
2416,hotpotqa#869,hotpotqa,0,1361.0000
2417,ddxplus#957,ddxplus,0,1362.0000
2418,ddxplus#958,ddxplus,0,1363.0000
2419,ddxplus#959,ddxplus,0,1364.0000
2420,ddxplus#960,ddxplus,0,1365.0000
2421,ddxplus#961,ddxplus,0,1366.0000
2422,ddxplus#962,ddxplus,0,1367.0000
2423,ddxplus#963,ddxplus,0,1368.0000
2424,ddxplus#964,ddxplus,0,1369.0000
2425,hotpotqa#870,hotpotqa,0,1370.0000
2426,ddxplus#965,ddxplus,0,1371.0000
2427,hotpotqa#871,hotpotqa,0,1372.0000
2428,hotpotqa#872,hotpotqa,0,1373.0000
2429,ddxplus#966,ddxplus,0,1374.0000
2430,hotpotqa#873,hotpotqa,0,1375.0000
2431,ds1000#822,ds1000,0,1376.0000
2432,ddxplus#967,ddxplus,0,1377.0000
2433,hotpotqa#874,hotpotqa,0,1378.0000
2434,ddxplus#968,ddxplus,0,1379.0000
2435,hotpotqa#875,hotpotqa,0,1380.0000
2436,ds1000#656,ds1000,0,1381.0000
2437,hotpotqa#876,hotpotqa,0,1382.0000
2438,ds1000#594,ds1000,0,1383.0000
2439,hotpotqa#877,hotpotqa,0,1384.0000
2440,ddxplus#969,ddxplus,0,1385.0000
2441,ddxplus#970,ddxplus,0,1386.0000
2442,ddxplus#971,ddxplus,0,1387.0000
2443,ddxplus#972,ddxplus,0,1388.0000
2444,hotpotqa#878,hotpotqa,0,1389.0000
2445,ddxplus#973,ddxplus,0,1390.0000
2446,hotpotqa#879,hotpotqa,0,1391.0000
2447,ddxplus#974,ddxplus,1,1391.0000
2448,ds1000#907,ds1000,0,1392.0000
2449,hotpotqa#880,hotpotqa,0,1393.0000
2450,hotpotqa#881,hotpotqa,0,1394.0000
2451,ddxplus#975,ddxplus,0,1395.0000
2452,hotpotqa#882,hotpotqa,0,1396.0000
2453,ddxplus#976,ddxplus,0,1397.0000
2454,hotpotqa#883,hotpotqa,0,1398.0000
2455,ds1000#486,ds1000,0,1399.0000
2456,ddxplus#977,ddxplus,0,1400.0000
2457,hotpotqa#884,hotpotqa,0,1401.0000
2458,ddxplus#978,ddxplus,0,1402.0000
2459,ddxplus#979,ddxplus,0,1403.0000
2460,ds1000#103,ds1000,0,1404.0000
2461,ds1000#414,ds1000,0,1405.0000
2462,hotpotqa#885,hotpotqa,0,1406.0000
2463,hotpotqa#886,hotpotqa,0,1407.0000
2464,ddxplus#980,ddxplus,0,1408.0000
2465,ddxplus#981,ddxplus,0,1409.0000
2466,ddxplus#982,ddxplus,0,1410.0000
2467,hotpotqa#887,hotpotqa,0,1411.0000
2468,ddxplus#983,ddxplus,0,1412.0000
2469,ds1000#327,ds1000,0,1413.0000
2470,ddxplus#984,ddxplus,0,1414.0000
2471,ddxplus#985,ddxplus,0,1415.0000
2472,ddxplus#986,ddxplus,0,1416.0000
2473,hotpotqa#888,hotpotqa,0,1417.0000
2474,hotpotqa#889,hotpotqa,0,1418.0000
2475,ds1000#104,ds1000,0,1419.0000
2476,ddxplus#987,ddxplus,0,1420.0000
2477,ddxplus#988,ddxplus,0,1421.0000
2478,ds1000#844,ds1000,0,1422.0000
2479,ds1000#906,ds1000,0,1423.0000
2480,ddxplus#989,ddxplus,0,1424.0000
2481,ddxplus#990,ddxplus,0,1425.0000
2482,ddxplus#991,ddxplus,0,1426.0000
2483,hotpotqa#890,hotpotqa,0,1427.0000
2484,hotpotqa#891,hotpotqa,0,1428.0000
2485,ddxplus#992,ddxplus,0,1429.0000
2486,ds1000#841,ds1000,0,1430.0000
2487,hotpotqa#892,hotpotqa,0,1431.0000
2488,hotpotqa#893,hotpotqa,0,1432.0000
2489,ds1000#443,ds1000,0,1433.0000
2490,hotpotqa#894,hotpotqa,0,1434.0000
2491,hotpotqa#895,hotpotqa,0,1435.0000
2492,ddxplus#993,ddxplus,0,1436.0000
2493,ddxplus#994,ddxplus,0,1437.0000
2494,ddxplus#995,ddxplus,0,1438.0000
2495,ddxplus#996,ddxplus,0,1439.0000
2496,ddxplus#997,ddxplus,1,1439.0000
2497,ddxplus#998,ddxplus,0,1440.0000
2498,hotpotqa#896,hotpotqa,0,1441.0000
2499,ddxplus#999,ddxplus,0,1442.0000
2500,ddxplus#1000,ddxplus,0,1443.0000
2501,hotpotqa#897,hotpotqa,0,1444.0000
2502,ddxplus#1001,ddxplus,0,1445.0000
2503,hotpotqa#898,hotpotqa,0,1446.0000
2504,hotpotqa#899,hotpotqa,0,1447.0000
2505,ddxplus#1002,ddxplus,0,1448.0000
2506,ddxplus#1003,ddxplus,0,1449.0000
2507,ds1000#31,ds1000,0,1450.0000
2508,ds1000#383,ds1000,0,1451.0000
2509,ddxplus#1004,ddxplus,0,1452.0000
2510,ds1000#254,ds1000,0,1453.0000
2511,hotpotqa#900,hotpotqa,0,1454.0000
2512,ds1000#17,ds1000,0,1455.0000
2513,hotpotqa#901,hotpotqa,0,1456.0000
2514,ddxplus#1005,ddxplus,0,1457.0000
2515,hotpotqa#902,hotpotqa,0,1458.0000
2516,ddxplus#1006,ddxplus,0,1459.0000
2517,ddxplus#1007,ddxplus,0,1460.0000
2518,hotpotqa#903,hotpotqa,0,1461.0000
2519,ddxplus#1008,ddxplus,0,1462.0000
2520,hotpotqa#904,hotpotqa,0,1463.0000
2521,ddxplus#1009,ddxplus,0,1464.0000
2522,ds1000#24,ds1000,0,1465.0000
2523,hotpotqa#905,hotpotqa,0,1466.0000
2524,ds1000#355,ds1000,0,1467.0000
2525,ddxplus#1010,ddxplus,0,1468.0000
2526,ddxplus#1011,ddxplus,0,1469.0000
2527,ddxplus#1012,ddxplus,0,1470.0000
2528,hotpotqa#906,hotpotqa,0,1471.0000
2529,hotpotqa#907,hotpotqa,0,1472.0000
2530,ddxplus#1013,ddxplus,1,1472.0000
2531,ddxplus#1014,ddxplus,0,1473.0000
2532,ds1000#378,ds1000,0,1474.0000
2533,hotpotqa#908,hotpotqa,0,1475.0000
2534,hotpotqa#909,hotpotqa,0,1476.0000
2535,hotpotqa#910,hotpotqa,0,1477.0000
2536,ddxplus#1015,ddxplus,1,1477.0000
2537,ddxplus#1016,ddxplus,0,1478.0000
2538,hotpotqa#911,hotpotqa,0,1479.0000
2539,ddxplus#1017,ddxplus,0,1480.0000
2540,ddxplus#1018,ddxplus,0,1481.0000
2541,ddxplus#1019,ddxplus,0,1482.0000
2542,ddxplus#1020,ddxplus,0,1483.0000
2543,hotpotqa#912,hotpotqa,0,1484.0000
2544,hotpotqa#913,hotpotqa,0,1485.0000
2545,ddxplus#1021,ddxplus,0,1486.0000
2546,hotpotqa#914,hotpotqa,0,1487.0000
2547,hotpotqa#915,hotpotqa,0,1488.0000
2548,ddxplus#1022,ddxplus,0,1489.0000
2549,hotpotqa#916,hotpotqa,0,1490.0000
2550,ddxplus#1023,ddxplus,0,1491.0000
2551,ddxplus#1024,ddxplus,0,1492.0000
2552,ddxplus#1025,ddxplus,0,1493.0000
2553,ddxplus#1026,ddxplus,0,1494.0000
2554,ds1000#782,ds1000,0,1495.0000
2555,hotpotqa#917,hotpotqa,0,1496.0000
2556,ddxplus#1027,ddxplus,0,1497.0000
2557,ddxplus#1028,ddxplus,0,1498.0000
2558,ddxplus#1029,ddxplus,0,1499.0000
2559,ddxplus#1030,ddxplus,1,1499.0000
2560,hotpotqa#918,hotpotqa,0,1500.0000
2561,ddxplus#1031,ddxplus,0,1501.0000
2562,hotpotqa#919,hotpotqa,0,1502.0000
2563,hotpotqa#920,hotpotqa,0,1503.0000
2564,hotpotqa#921,hotpotqa,0,1504.0000
2565,ddxplus#1032,ddxplus,0,1505.0000
2566,ddxplus#1033,ddxplus,0,1506.0000
2567,ddxplus#1034,ddxplus,0,1507.0000
2568,ddxplus#1035,ddxplus,1,1507.0000
2569,ds1000#769,ds1000,0,1508.0000
2570,hotpotqa#922,hotpotqa,0,1509.0000
2571,ddxplus#1036,ddxplus,0,1510.0000
2572,ddxplus#1037,ddxplus,0,1511.0000
2573,hotpotqa#923,hotpotqa,0,1512.0000
2574,ddxplus#1038,ddxplus,0,1513.0000
2575,hotpotqa#924,hotpotqa,0,1514.0000
2576,hotpotqa#925,hotpotqa,0,1515.0000
2577,ds1000#568,ds1000,0,1516.0000
2578,hotpotqa#926,hotpotqa,0,1517.0000
2579,ddxplus#1039,ddxplus,0,1518.0000
2580,ddxplus#1040,ddxplus,0,1519.0000
2581,ddxplus#1041,ddxplus,0,1520.0000
2582,hotpotqa#927,hotpotqa,0,1521.0000
2583,ddxplus#1042,ddxplus,0,1522.0000
2584,hotpotqa#928,hotpotqa,0,1523.0000
2585,hotpotqa#929,hotpotqa,0,1524.0000
2586,hotpotqa#930,hotpotqa,0,1525.0000
2587,hotpotqa#931,hotpotqa,0,1526.0000
2588,ds1000#460,ds1000,0,1527.0000
2589,ddxplus#1043,ddxplus,0,1528.0000
2590,hotpotqa#932,hotpotqa,0,1529.0000
2591,ds1000#19,ds1000,0,1530.0000
2592,ds1000#162,ds1000,0,1531.0000
2593,hotpotqa#933,hotpotqa,0,1532.0000
2594,hotpotqa#934,hotpotqa,0,1533.0000
2595,ddxplus#1044,ddxplus,0,1534.0000
2596,ddxplus#1045,ddxplus,0,1535.0000
2597,ds1000#16,ds1000,0,1536.0000
2598,hotpotqa#935,hotpotqa,0,1537.0000
2599,ddxplus#1046,ddxplus,0,1538.0000
2600,ddxplus#1047,ddxplus,0,1539.0000
2601,ddxplus#1048,ddxplus,0,1540.0000
2602,ddxplus#1049,ddxplus,0,1541.0000
2603,ddxplus#1050,ddxplus,0,1542.0000
2604,hotpotqa#936,hotpotqa,0,1543.0000
2605,ddxplus#1051,ddxplus,0,1544.0000
2606,ddxplus#1052,ddxplus,0,1545.0000
2607,ds1000#899,ds1000,0,1546.0000
2608,hotpotqa#937,hotpotqa,0,1547.0000
2609,ds1000#308,ds1000,0,1548.0000
2610,ddxplus#1053,ddxplus,0,1549.0000
2611,hotpotqa#938,hotpotqa,0,1550.0000
2612,ds1000#968,ds1000,0,1551.0000
2613,ds1000#495,ds1000,0,1552.0000
2614,ds1000#325,ds1000,0,1553.0000
2615,ddxplus#1054,ddxplus,0,1554.0000
2616,hotpotqa#939,hotpotqa,0,1555.0000
2617,hotpotqa#940,hotpotqa,0,1556.0000
2618,ddxplus#1055,ddxplus,0,1557.0000
2619,ds1000#73,ds1000,0,1558.0000
2620,hotpotqa#941,hotpotqa,0,1559.0000
2621,ddxplus#1056,ddxplus,0,1560.0000
2622,hotpotqa#942,hotpotqa,0,1561.0000
2623,ds1000#75,ds1000,0,1562.0000
2624,ddxplus#1057,ddxplus,0,1563.0000
2625,ddxplus#1058,ddxplus,0,1564.0000
2626,hotpotqa#943,hotpotqa,0,1565.0000
2627,ds1000#515,ds1000,0,1566.0000
2628,hotpotqa#944,hotpotqa,0,1567.0000
2629,ds1000#831,ds1000,0,1568.0000
2630,ds1000#997,ds1000,0,1569.0000
2631,hotpotqa#945,hotpotqa,0,1570.0000
2632,hotpotqa#946,hotpotqa,0,1571.0000
2633,ddxplus#1059,ddxplus,0,1572.0000
2634,hotpotqa#947,hotpotqa,0,1573.0000
2635,ds1000#577,ds1000,0,1574.0000
2636,hotpotqa#948,hotpotqa,0,1575.0000
2637,hotpotqa#949,hotpotqa,0,1576.0000
2638,hotpotqa#950,hotpotqa,0,1577.0000
2639,hotpotqa#951,hotpotqa,0,1578.0000
2640,ddxplus#1060,ddxplus,0,1579.0000
2641,ddxplus#1061,ddxplus,0,1580.0000
2642,hotpotqa#952,hotpotqa,0,1581.0000
2643,hotpotqa#953,hotpotqa,0,1582.0000
2644,ddxplus#1062,ddxplus,0,1583.0000
2645,ds1000#913,ds1000,0,1584.0000
2646,ddxplus#1063,ddxplus,0,1585.0000
2647,ds1000#958,ds1000,0,1586.0000
2648,ddxplus#1064,ddxplus,0,1587.0000
2649,ddxplus#1065,ddxplus,0,1588.0000
2650,ds1000#283,ds1000,0,1589.0000
2651,ds1000#574,ds1000,0,1590.0000
2652,ds1000#456,ds1000,0,1591.0000
2653,ddxplus#1066,ddxplus,0,1592.0000
2654,hotpotqa#954,hotpotqa,0,1593.0000
2655,ddxplus#1067,ddxplus,0,1594.0000
2656,hotpotqa#955,hotpotqa,0,1595.0000
2657,ddxplus#1068,ddxplus,0,1596.0000
2658,ddxplus#1069,ddxplus,0,1597.0000
2659,ddxplus#1070,ddxplus,0,1598.0000
2660,ds1000#862,ds1000,0,1599.0000
2661,ddxplus#1071,ddxplus,0,1600.0000
2662,hotpotqa#956,hotpotqa,0,1601.0000
2663,ddxplus#1072,ddxplus,0,1602.0000
2664,ds1000#639,ds1000,0,1603.0000
2665,ddxplus#1073,ddxplus,0,1604.0000
2666,hotpotqa#957,hotpotqa,0,1605.0000
2667,ddxplus#1074,ddxplus,0,1606.0000
2668,ds1000#466,ds1000,0,1607.0000
2669,hotpotqa#958,hotpotqa,0,1608.0000
2670,ddxplus#1075,ddxplus,0,1609.0000
2671,ds1000#658,ds1000,1,1609.0000
2672,hotpotqa#959,hotpotqa,0,1610.0000
2673,hotpotqa#960,hotpotqa,0,1611.0000
2674,ddxplus#1076,ddxplus,0,1612.0000
2675,ddxplus#1077,ddxplus,0,1613.0000
2676,ds1000#777,ds1000,0,1614.0000
2677,hotpotqa#961,hotpotqa,0,1615.0000
2678,hotpotqa#962,hotpotqa,0,1616.0000
2679,ds1000#739,ds1000,1,1616.0000
2680,ddxplus#1078,ddxplus,0,1617.0000
2681,ddxplus#1079,ddxplus,0,1618.0000
2682,ddxplus#1080,ddxplus,0,1619.0000
2683,ds1000#27,ds1000,0,1620.0000
2684,ds1000#249,ds1000,0,1621.0000
2685,ddxplus#1081,ddxplus,0,1622.0000
2686,hotpotqa#963,hotpotqa,0,1623.0000
2687,ddxplus#1082,ddxplus,0,1624.0000
2688,hotpotqa#964,hotpotqa,0,1625.0000
2689,ddxplus#1083,ddxplus,0,1626.0000
2690,ddxplus#1084,ddxplus,0,1627.0000
2691,ddxplus#1085,ddxplus,0,1628.0000
2692,hotpotqa#965,hotpotqa,0,1629.0000
2693,ddxplus#1086,ddxplus,0,1630.0000
2694,hotpotqa#966,hotpotqa,0,1631.0000
2695,hotpotqa#967,hotpotqa,0,1632.0000
2696,ddxplus#1087,ddxplus,0,1633.0000
2697,hotpotqa#968,hotpotqa,0,1634.0000
2698,ddxplus#1088,ddxplus,0,1635.0000
2699,hotpotqa#969,hotpotqa,0,1636.0000
2700,hotpotqa#970,hotpotqa,0,1637.0000
2701,hotpotqa#971,hotpotqa,0,1638.0000
2702,ddxplus#1089,ddxplus,0,1639.0000
2703,hotpotqa#972,hotpotqa,0,1640.0000
2704,hotpotqa#973,hotpotqa,0,1641.0000
2705,hotpotqa#974,hotpotqa,0,1642.0000
2706,hotpotqa#975,hotpotqa,0,1643.0000
2707,ddxplus#1090,ddxplus,0,1644.0000
2708,ddxplus#1091,ddxplus,0,1645.0000
2709,ds1000#292,ds1000,0,1646.0000
2710,ddxplus#1092,ddxplus,0,1647.0000
2711,hotpotqa#976,hotpotqa,0,1648.0000
2712,hotpotqa#977,hotpotqa,0,1649.0000
2713,hotpotqa#978,hotpotqa,0,1650.0000
2714,ds1000#477,ds1000,0,1651.0000
2715,ddxplus#1093,ddxplus,0,1652.0000
2716,ddxplus#1094,ddxplus,0,1653.0000
2717,ddxplus#1095,ddxplus,0,1654.0000
2718,hotpotqa#979,hotpotqa,0,1655.0000
2719,ds1000#265,ds1000,0,1656.0000
2720,ds1000#819,ds1000,0,1657.0000
2721,ddxplus#1096,ddxplus,0,1658.0000
2722,ddxplus#1097,ddxplus,0,1659.0000
2723,ddxplus#1098,ddxplus,0,1660.0000
2724,ds1000#247,ds1000,0,1661.0000
2725,hotpotqa#980,hotpotqa,0,1662.0000
2726,hotpotqa#981,hotpotqa,0,1663.0000
2727,ddxplus#1099,ddxplus,0,1664.0000
2728,hotpotqa#982,hotpotqa,0,1665.0000
2729,ddxplus#1100,ddxplus,0,1666.0000
2730,ds1000#858,ds1000,0,1667.0000
2731,ds1000#228,ds1000,0,1668.0000
2732,ddxplus#1101,ddxplus,0,1669.0000
2733,hotpotqa#983,hotpotqa,0,1670.0000
2734,hotpotqa#984,hotpotqa,0,1671.0000
2735,hotpotqa#985,hotpotqa,0,1672.0000
2736,ddxplus#1102,ddxplus,0,1673.0000
2737,ddxplus#1103,ddxplus,0,1674.0000
2738,ddxplus#1104,ddxplus,0,1675.0000
2739,ddxplus#1105,ddxplus,0,1676.0000
2740,ds1000#655,ds1000,0,1677.0000
2741,hotpotqa#986,hotpotqa,0,1678.0000
2742,hotpotqa#987,hotpotqa,0,1679.0000
2743,ddxplus#1106,ddxplus,0,1680.0000
2744,ddxplus#1107,ddxplus,0,1681.0000
2745,ds1000#876,ds1000,0,1682.0000
2746,hotpotqa#988,hotpotqa,0,1683.0000
2747,ddxplus#1108,ddxplus,0,1684.0000
2748,hotpotqa#989,hotpotqa,0,1685.0000
2749,hotpotqa#990,hotpotqa,0,1686.0000
2750,hotpotqa#991,hotpotqa,0,1687.0000
2751,ds1000#294,ds1000,0,1688.0000
2752,hotpotqa#992,hotpotqa,0,1689.0000
2753,ddxplus#1109,ddxplus,0,1690.0000
2754,ddxplus#1110,ddxplus,0,1691.0000
2755,ddxplus#1111,ddxplus,0,1692.0000
2756,hotpotqa#993,hotpotqa,0,1693.0000
2757,ddxplus#1112,ddxplus,0,1694.0000
2758,hotpotqa#994,hotpotqa,0,1695.0000
2759,ddxplus#1113,ddxplus,0,1696.0000
2760,ddxplus#1114,ddxplus,0,1697.0000
2761,ddxplus#1115,ddxplus,0,1698.0000
2762,ds1000#22,ds1000,0,1699.0000
2763,hotpotqa#995,hotpotqa,0,1700.0000
2764,ddxplus#1116,ddxplus,0,1701.0000
2765,ddxplus#1117,ddxplus,0,1702.0000
2766,ddxplus#1118,ddxplus,0,1703.0000
2767,ds1000#210,ds1000,0,1704.0000
2768,ddxplus#1119,ddxplus,0,1705.0000
2769,ddxplus#1120,ddxplus,0,1706.0000
2770,ddxplus#1121,ddxplus,0,1707.0000
2771,hotpotqa#996,hotpotqa,0,1708.0000
2772,hotpotqa#997,hotpotqa,0,1709.0000
2773,hotpotqa#998,hotpotqa,0,1710.0000
2774,ddxplus#1122,ddxplus,0,1711.0000
2775,ddxplus#1123,ddxplus,0,1712.0000
2776,ds1000#89,ds1000,0,1713.0000
2777,ddxplus#1124,ddxplus,0,1714.0000
2778,hotpotqa#999,hotpotqa,0,1715.0000
2779,ds1000#661,ds1000,0,1716.0000
2780,ddxplus#1125,ddxplus,0,1717.0000
2781,ddxplus#1126,ddxplus,0,1718.0000
2782,hotpotqa#1000,hotpotqa,0,1719.0000
2783,ds1000#148,ds1000,0,1720.0000
2784,hotpotqa#1001,hotpotqa,0,1721.0000
2785,ds1000#485,ds1000,0,1722.0000
2786,ddxplus#1127,ddxplus,0,1723.0000
2787,ddxplus#1128,ddxplus,0,1724.0000
2788,ddxplus#1129,ddxplus,0,1725.0000
2789,ddxplus#1130,ddxplus,0,1726.0000
2790,hotpotqa#1002,hotpotqa,0,1727.0000
2791,ds1000#196,ds1000,0,1728.0000
2792,hotpotqa#1003,hotpotqa,0,1729.0000
2793,hotpotqa#1004,hotpotqa,0,1730.0000
2794,ddxplus#1131,ddxplus,0,1731.0000
2795,hotpotqa#1005,hotpotqa,0,1732.0000
2796,ds1000#917,ds1000,0,1733.0000
2797,ddxplus#1132,ddxplus,0,1734.0000
2798,hotpotqa#1006,hotpotqa,0,1735.0000
2799,ddxplus#1133,ddxplus,0,1736.0000
2800,hotpotqa#1007,hotpotqa,0,1737.0000
2801,hotpotqa#1008,hotpotqa,0,1738.0000
2802,hotpotqa#1009,hotpotqa,0,1739.0000
2803,hotpotqa#1010,hotpotqa,0,1740.0000
2804,hotpotqa#1011,hotpotqa,0,1741.0000
2805,ds1000#134,ds1000,0,1742.0000
2806,ds1000#524,ds1000,0,1743.0000
2807,ddxplus#1134,ddxplus,0,1744.0000
2808,ddxplus#1135,ddxplus,0,1745.0000
2809,ddxplus#1136,ddxplus,0,1746.0000
2810,hotpotqa#1012,hotpotqa,0,1747.0000
2811,ddxplus#1137,ddxplus,0,1748.0000
2812,ddxplus#1138,ddxplus,0,1749.0000
2813,ds1000#882,ds1000,0,1750.0000
2814,hotpotqa#1013,hotpotqa,0,1751.0000
2815,ds1000#67,ds1000,0,1752.0000
2816,ddxplus#1139,ddxplus,0,1753.0000
2817,ddxplus#1140,ddxplus,0,1754.0000
2818,ddxplus#1141,ddxplus,0,1755.0000
2819,ddxplus#1142,ddxplus,0,1756.0000
2820,ddxplus#1143,ddxplus,0,1757.0000
2821,hotpotqa#1014,hotpotqa,0,1758.0000
2822,hotpotqa#1015,hotpotqa,0,1759.0000
2823,ddxplus#1144,ddxplus,0,1760.0000
2824,hotpotqa#1016,hotpotqa,0,1761.0000
2825,ds1000#494,ds1000,0,1762.0000
2826,ds1000#866,ds1000,0,1763.0000
2827,ddxplus#1145,ddxplus,0,1764.0000
2828,ds1000#497,ds1000,0,1765.0000
2829,ds1000#989,ds1000,0,1766.0000
2830,ddxplus#1146,ddxplus,0,1767.0000
2831,ddxplus#1147,ddxplus,0,1768.0000
2832,ddxplus#1148,ddxplus,0,1769.0000
2833,ddxplus#1149,ddxplus,0,1770.0000
2834,ddxplus#1150,ddxplus,0,1771.0000
2835,hotpotqa#1017,hotpotqa,0,1772.0000
2836,hotpotqa#1018,hotpotqa,0,1773.0000
2837,ddxplus#1151,ddxplus,0,1774.0000
2838,ddxplus#1152,ddxplus,0,1775.0000
2839,ds1000#519,ds1000,0,1776.0000
2840,hotpotqa#1019,hotpotqa,0,1777.0000
2841,ddxplus#1153,ddxplus,0,1778.0000
2842,hotpotqa#1020,hotpotqa,0,1779.0000
2843,ddxplus#1154,ddxplus,0,1780.0000
2844,hotpotqa#1021,hotpotqa,0,1781.0000
2845,hotpotqa#1022,hotpotqa,0,1782.0000
2846,ddxplus#1155,ddxplus,0,1783.0000
2847,ds1000#759,ds1000,0,1784.0000
2848,ddxplus#1156,ddxplus,0,1785.0000
2849,hotpotqa#1023,hotpotqa,0,1786.0000
2850,ddxplus#1157,ddxplus,0,1787.0000
2851,hotpotqa#1024,hotpotqa,0,1788.0000
2852,ddxplus#1158,ddxplus,0,1789.0000
2853,ddxplus#1159,ddxplus,0,1790.0000
2854,ddxplus#1160,ddxplus,0,1791.0000
2855,ddxplus#1161,ddxplus,0,1792.0000
2856,ds1000#625,ds1000,0,1793.0000
2857,ddxplus#1162,ddxplus,0,1794.0000
2858,ddxplus#1163,ddxplus,0,1795.0000
2859,hotpotqa#1025,hotpotqa,0,1796.0000
2860,ddxplus#1164,ddxplus,0,1797.0000
2861,hotpotqa#1026,hotpotqa,0,1798.0000
2862,hotpotqa#1027,hotpotqa,0,1799.0000
2863,ddxplus#1165,ddxplus,0,1800.0000
2864,hotpotqa#1028,hotpotqa,0,1801.0000
2865,ddxplus#1166,ddxplus,0,1802.0000
2866,ddxplus#1167,ddxplus,0,1803.0000
2867,ddxplus#1168,ddxplus,0,1804.0000
2868,hotpotqa#1029,hotpotqa,0,1805.0000
2869,ddxplus#1169,ddxplus,0,1806.0000
2870,hotpotqa#1030,hotpotqa,0,1807.0000
2871,ddxplus#1170,ddxplus,0,1808.0000
2872,ddxplus#1171,ddxplus,0,1809.0000
2873,ddxplus#1172,ddxplus,0,1810.0000
2874,ddxplus#1173,ddxplus,0,1811.0000
2875,ddxplus#1174,ddxplus,0,1812.0000
2876,ddxplus#1175,ddxplus,0,1813.0000
2877,hotpotqa#1031,hotpotqa,0,1814.0000
2878,hotpotqa#1032,hotpotqa,0,1815.0000
2879,ddxplus#1176,ddxplus,0,1816.0000
2880,hotpotqa#1033,hotpotqa,0,1817.0000
2881,ds1000#957,ds1000,0,1818.0000
2882,hotpotqa#1034,hotpotqa,0,1819.0000
2883,ddxplus#1177,ddxplus,0,1820.0000
2884,hotpotqa#1035,hotpotqa,0,1821.0000
2885,ddxplus#1178,ddxplus,0,1822.0000
2886,ddxplus#1179,ddxplus,0,1823.0000
2887,ddxplus#1180,ddxplus,0,1824.0000
2888,ddxplus#1181,ddxplus,0,1825.0000
2889,ddxplus#1182,ddxplus,1,1825.0000
2890,ddxplus#1183,ddxplus,0,1826.0000
2891,ds1000#537,ds1000,0,1827.0000
2892,ds1000#604,ds1000,0,1828.0000
2893,ddxplus#1184,ddxplus,0,1829.0000
2894,ddxplus#1185,ddxplus,0,1830.0000
2895,hotpotqa#1036,hotpotqa,0,1831.0000
2896,ddxplus#1186,ddxplus,0,1832.0000
2897,hotpotqa#1037,hotpotqa,0,1833.0000
2898,ddxplus#1187,ddxplus,0,1834.0000
2899,ddxplus#1188,ddxplus,0,1835.0000
2900,ddxplus#1189,ddxplus,0,1836.0000
2901,ds1000#358,ds1000,0,1837.0000
2902,hotpotqa#1038,hotpotqa,0,1838.0000
2903,ddxplus#1190,ddxplus,0,1839.0000
2904,ddxplus#1191,ddxplus,0,1840.0000
2905,ddxplus#1192,ddxplus,0,1841.0000
2906,ddxplus#1193,ddxplus,0,1842.0000
2907,ds1000#722,ds1000,0,1843.0000
2908,ddxplus#1194,ddxplus,0,1844.0000
2909,ddxplus#1195,ddxplus,0,1845.0000
2910,hotpotqa#1039,hotpotqa,0,1846.0000
2911,ddxplus#1196,ddxplus,0,1847.0000
2912,hotpotqa#1040,hotpotqa,0,1848.0000
2913,hotpotqa#1041,hotpotqa,0,1849.0000
2914,ds1000#489,ds1000,0,1850.0000
2915,hotpotqa#1042,hotpotqa,0,1851.0000
2916,hotpotqa#1043,hotpotqa,0,1852.0000
2917,hotpotqa#1044,hotpotqa,0,1853.0000
2918,ddxplus#1197,ddxplus,0,1854.0000
2919,ddxplus#1198,ddxplus,0,1855.0000
2920,ddxplus#1199,ddxplus,0,1856.0000
2921,ddxplus#1200,ddxplus,0,1857.0000
2922,hotpotqa#1045,hotpotqa,0,1858.0000
2923,ddxplus#1201,ddxplus,0,1859.0000
2924,hotpotqa#1046,hotpotqa,0,1860.0000
2925,ddxplus#1202,ddxplus,0,1861.0000
2926,ds1000#233,ds1000,0,1862.0000
2927,hotpotqa#1047,hotpotqa,0,1863.0000
2928,ddxplus#1203,ddxplus,0,1864.0000
2929,hotpotqa#1048,hotpotqa,0,1865.0000
2930,ds1000#109,ds1000,0,1866.0000
2931,hotpotqa#1049,hotpotqa,0,1867.0000
2932,ddxplus#1204,ddxplus,0,1868.0000
2933,ddxplus#1205,ddxplus,0,1869.0000
2934,ddxplus#1206,ddxplus,0,1870.0000
2935,ddxplus#1207,ddxplus,0,1871.0000
2936,ds1000#930,ds1000,0,1872.0000
2937,ddxplus#1208,ddxplus,0,1873.0000
2938,hotpotqa#1050,hotpotqa,0,1874.0000
2939,ddxplus#1209,ddxplus,0,1875.0000
2940,ddxplus#1210,ddxplus,0,1876.0000
2941,hotpotqa#1051,hotpotqa,0,1877.0000
2942,ddxplus#1211,ddxplus,0,1878.0000
2943,hotpotqa#1052,hotpotqa,0,1879.0000
2944,ddxplus#1212,ddxplus,0,1880.0000
2945,ddxplus#1213,ddxplus,0,1881.0000
2946,ds1000#412,ds1000,0,1882.0000
2947,ddxplus#1214,ddxplus,0,1883.0000
2948,hotpotqa#1053,hotpotqa,0,1884.0000
2949,ddxplus#1215,ddxplus,0,1885.0000
2950,hotpotqa#1054,hotpotqa,0,1886.0000
2951,ddxplus#1216,ddxplus,0,1887.0000
2952,hotpotqa#1055,hotpotqa,0,1888.0000
2953,hotpotqa#1056,hotpotqa,0,1889.0000
2954,ddxplus#1217,ddxplus,0,1890.0000
2955,ds1000#291,ds1000,0,1891.0000
2956,ddxplus#1218,ddxplus,0,1892.0000
2957,ds1000#181,ds1000,0,1893.0000
2958,hotpotqa#1057,hotpotqa,0,1894.0000
2959,hotpotqa#1058,hotpotqa,0,1895.0000
2960,ddxplus#1219,ddxplus,0,1896.0000
2961,hotpotqa#1059,hotpotqa,0,1897.0000
2962,hotpotqa#1060,hotpotqa,0,1898.0000
2963,ddxplus#1220,ddxplus,0,1899.0000
2964,hotpotqa#1061,hotpotqa,0,1900.0000
2965,ds1000#587,ds1000,0,1901.0000
2966,ds1000#838,ds1000,0,1902.0000
2967,hotpotqa#1062,hotpotqa,0,1903.0000
2968,ds1000#405,ds1000,0,1904.0000
2969,ds1000#391,ds1000,0,1905.0000
2970,hotpotqa#1063,hotpotqa,0,1906.0000
2971,ddxplus#1221,ddxplus,0,1907.0000
2972,ddxplus#1222,ddxplus,0,1908.0000
2973,ddxplus#1223,ddxplus,0,1909.0000
2974,hotpotqa#1064,hotpotqa,0,1910.0000
2975,ddxplus#1224,ddxplus,0,1911.0000
2976,hotpotqa#1065,hotpotqa,0,1912.0000
2977,hotpotqa#1066,hotpotqa,0,1913.0000
2978,ds1000#165,ds1000,0,1914.0000
2979,ddxplus#1225,ddxplus,0,1915.0000
2980,hotpotqa#1067,hotpotqa,0,1916.0000
2981,ddxplus#1226,ddxplus,0,1917.0000
2982,hotpotqa#1068,hotpotqa,0,1918.0000
2983,ddxplus#1227,ddxplus,0,1919.0000
2984,ddxplus#1228,ddxplus,0,1920.0000
2985,hotpotqa#1069,hotpotqa,0,1921.0000
2986,hotpotqa#1070,hotpotqa,0,1922.0000
2987,ds1000#449,ds1000,0,1923.0000
2988,hotpotqa#1071,hotpotqa,0,1924.0000
2989,ddxplus#1229,ddxplus,0,1925.0000
2990,ddxplus#1230,ddxplus,0,1926.0000
2991,ds1000#846,ds1000,0,1927.0000
2992,hotpotqa#1072,hotpotqa,0,1928.0000
2993,ds1000#209,ds1000,0,1929.0000
2994,ddxplus#1231,ddxplus,0,1930.0000
2995,hotpotqa#1073,hotpotqa,0,1931.0000
2996,ddxplus#1232,ddxplus,0,1932.0000
2997,ddxplus#1233,ddxplus,0,1933.0000
2998,ds1000#401,ds1000,0,1934.0000
2999,hotpotqa#1074,hotpotqa,0,1935.0000
3000,ds1000#649,ds1000,0,1936.0000
3001,ddxplus#1234,ddxplus,0,1937.0000
3002,ddxplus#1235,ddxplus,0,1938.0000
3003,hotpotqa#1075,hotpotqa,0,1939.0000
3004,hotpotqa#1076,hotpotqa,0,1940.0000
3005,ddxplus#1236,ddxplus,0,1941.0000
3006,ddxplus#1237,ddxplus,0,1942.0000
3007,ddxplus#1238,ddxplus,0,1943.0000
3008,ddxplus#1239,ddxplus,0,1944.0000
3009,hotpotqa#1077,hotpotqa,0,1945.0000
3010,ddxplus#1240,ddxplus,0,1946.0000
3011,hotpotqa#1078,hotpotqa,0,1947.0000
3012,ddxplus#1241,ddxplus,0,1948.0000
3013,ddxplus#1242,ddxplus,0,1949.0000
3014,hotpotqa#1079,hotpotqa,0,1950.0000
3015,ds1000#473,ds1000,0,1951.0000
3016,ddxplus#1243,ddxplus,0,1952.0000
3017,ddxplus#1244,ddxplus,0,1953.0000
3018,ddxplus#1245,ddxplus,0,1954.0000
3019,ds1000#149,ds1000,0,1955.0000
3020,ddxplus#1246,ddxplus,0,1956.0000
3021,ddxplus#1247,ddxplus,0,1957.0000
3022,ds1000#959,ds1000,0,1958.0000
3023,ddxplus#1248,ddxplus,0,1959.0000
3024,hotpotqa#1080,hotpotqa,0,1960.0000
3025,hotpotqa#1081,hotpotqa,0,1961.0000
3026,ddxplus#1249,ddxplus,0,1962.0000
3027,hotpotqa#1082,hotpotqa,0,1963.0000
3028,ddxplus#1250,ddxplus,0,1964.0000
3029,ddxplus#1251,ddxplus,0,1965.0000
3030,ds1000#70,ds1000,0,1966.0000
3031,ds1000#255,ds1000,0,1967.0000
3032,ds1000#37,ds1000,0,1968.0000
3033,ddxplus#1252,ddxplus,0,1969.0000
3034,ds1000#428,ds1000,0,1970.0000
3035,hotpotqa#1083,hotpotqa,0,1971.0000
3036,hotpotqa#1084,hotpotqa,0,1972.0000
3037,ddxplus#1253,ddxplus,0,1973.0000
3038,ddxplus#1254,ddxplus,0,1974.0000
3039,ddxplus#1255,ddxplus,0,1975.0000
3040,ds1000#886,ds1000,0,1976.0000
3041,ddxplus#1256,ddxplus,0,1977.0000
3042,ddxplus#1257,ddxplus,0,1978.0000
3043,ddxplus#1258,ddxplus,0,1979.0000
3044,ds1000#566,ds1000,0,1980.0000
3045,ddxplus#1259,ddxplus,0,1981.0000
3046,ddxplus#1260,ddxplus,0,1982.0000
3047,ddxplus#1261,ddxplus,0,1983.0000
3048,ds1000#318,ds1000,0,1984.0000
3049,ddxplus#1262,ddxplus,0,1985.0000
3050,ds1000#770,ds1000,0,1986.0000
3051,hotpotqa#1085,hotpotqa,0,1987.0000
3052,hotpotqa#1086,hotpotqa,0,1988.0000
3053,ddxplus#1263,ddxplus,0,1989.0000
3054,hotpotqa#1087,hotpotqa,0,1990.0000
3055,ddxplus#1264,ddxplus,0,1991.0000
3056,ds1000#322,ds1000,0,1992.0000
3057,ddxplus#1265,ddxplus,0,1993.0000
3058,ddxplus#1266,ddxplus,0,1994.0000
3059,ddxplus#1267,ddxplus,0,1995.0000
3060,ddxplus#1268,ddxplus,0,1996.0000
3061,ddxplus#1269,ddxplus,0,1997.0000
3062,hotpotqa#1088,hotpotqa,0,1998.0000
3063,ddxplus#1270,ddxplus,0,1999.0000
3064,ds1000#727,ds1000,0,2000.0000
3065,ddxplus#1271,ddxplus,0,2001.0000
3066,hotpotqa#1089,hotpotqa,0,2002.0000
3067,hotpotqa#1090,hotpotqa,0,2003.0000
3068,hotpotqa#1091,hotpotqa,0,2004.0000
3069,hotpotqa#1092,hotpotqa,0,2005.0000
3070,ds1000#965,ds1000,0,2006.0000
3071,ddxplus#1272,ddxplus,0,2007.0000
3072,ds1000#949,ds1000,0,2008.0000
3073,hotpotqa#1093,hotpotqa,0,2009.0000
3074,ddxplus#1273,ddxplus,0,2010.0000
3075,ds1000#158,ds1000,0,2011.0000
3076,ddxplus#1274,ddxplus,0,2012.0000
3077,hotpotqa#1094,hotpotqa,0,2013.0000
3078,ddxplus#1275,ddxplus,0,2014.0000
3079,ddxplus#1276,ddxplus,0,2015.0000
3080,ddxplus#1277,ddxplus,0,2016.0000
3081,hotpotqa#1095,hotpotqa,0,2017.0000
3082,hotpotqa#1096,hotpotqa,0,2018.0000
3083,hotpotqa#1097,hotpotqa,0,2019.0000
3084,hotpotqa#1098,hotpotqa,0,2020.0000
3085,ds1000#999,ds1000,0,2021.0000
3086,ds1000#95,ds1000,0,2022.0000
3087,ds1000#348,ds1000,0,2023.0000
3088,hotpotqa#1099,hotpotqa,0,2024.0000
3089,ds1000#487,ds1000,0,2025.0000
3090,hotpotqa#1100,hotpotqa,0,2026.0000
3091,hotpotqa#1101,hotpotqa,0,2027.0000
3092,ddxplus#1278,ddxplus,0,2028.0000
3093,ddxplus#1279,ddxplus,0,2029.0000
3094,ddxplus#1280,ddxplus,0,2030.0000
3095,ds1000#175,ds1000,0,2031.0000
3096,ds1000#341,ds1000,0,2032.0000
3097,ddxplus#1281,ddxplus,0,2033.0000
3098,ds1000#804,ds1000,0,2034.0000
3099,ddxplus#1282,ddxplus,0,2035.0000
3100,hotpotqa#1102,hotpotqa,0,2036.0000
3101,ddxplus#1283,ddxplus,0,2037.0000
3102,ds1000#186,ds1000,0,2038.0000
3103,hotpotqa#1103,hotpotqa,0,2039.0000
3104,ddxplus#1284,ddxplus,0,2040.0000
3105,hotpotqa#1104,hotpotqa,0,2041.0000
3106,ds1000#920,ds1000,0,2042.0000
3107,hotpotqa#1105,hotpotqa,0,2043.0000
3108,ddxplus#1285,ddxplus,0,2044.0000
3109,ddxplus#1286,ddxplus,0,2045.0000
3110,hotpotqa#1106,hotpotqa,0,2046.0000
3111,ds1000#263,ds1000,0,2047.0000
3112,hotpotqa#1107,hotpotqa,0,2048.0000
3113,ddxplus#1287,ddxplus,0,2049.0000
3114,ds1000#411,ds1000,0,2050.0000
3115,hotpotqa#1108,hotpotqa,0,2051.0000
3116,ds1000#257,ds1000,0,2052.0000
3117,ddxplus#1288,ddxplus,0,2053.0000
3118,ddxplus#1289,ddxplus,0,2054.0000
3119,ddxplus#1290,ddxplus,0,2055.0000
3120,ds1000#811,ds1000,0,2056.0000
3121,ds1000#316,ds1000,0,2057.0000
3122,hotpotqa#1109,hotpotqa,0,2058.0000
3123,hotpotqa#1110,hotpotqa,0,2059.0000
3124,ds1000#251,ds1000,0,2060.0000
3125,hotpotqa#1111,hotpotqa,0,2061.0000
3126,ds1000#942,ds1000,0,2062.0000
3127,ddxplus#1291,ddxplus,0,2063.0000
3128,ddxplus#1292,ddxplus,0,2064.0000
3129,hotpotqa#1112,hotpotqa,0,2065.0000
3130,ddxplus#1293,ddxplus,0,2066.0000
3131,hotpotqa#1113,hotpotqa,0,2067.0000
3132,ddxplus#1294,ddxplus,0,2068.0000
3133,ddxplus#1295,ddxplus,0,2069.0000
3134,ddxplus#1296,ddxplus,0,2070.0000
3135,ddxplus#1297,ddxplus,0,2071.0000
3136,ddxplus#1298,ddxplus,0,2072.0000
3137,ds1000#600,ds1000,0,2073.0000
3138,hotpotqa#1114,hotpotqa,0,2074.0000
3139,ddxplus#1299,ddxplus,0,2075.0000
3140,ddxplus#1300,ddxplus,0,2076.0000
3141,hotpotqa#1115,hotpotqa,0,2077.0000
3142,ddxplus#1301,ddxplus,0,2078.0000
3143,hotpotqa#1116,hotpotqa,0,2079.0000
3144,ddxplus#1302,ddxplus,0,2080.0000
3145,hotpotqa#1117,hotpotqa,0,2081.0000
3146,ddxplus#1303,ddxplus,0,2082.0000
3147,hotpotqa#1118,hotpotqa,0,2083.0000
3148,ds1000#506,ds1000,0,2084.0000
3149,ddxplus#1304,ddxplus,0,2085.0000
3150,hotpotqa#1119,hotpotqa,0,2086.0000
3151,hotpotqa#1120,hotpotqa,0,2087.0000
3152,hotpotqa#1121,hotpotqa,0,2088.0000
3153,ddxplus#1305,ddxplus,0,2089.0000
3154,hotpotqa#1122,hotpotqa,0,2090.0000
3155,ddxplus#1306,ddxplus,0,2091.0000
3156,ds1000#78,ds1000,0,2092.0000
3157,hotpotqa#1123,hotpotqa,0,2093.0000
3158,hotpotqa#1124,hotpotqa,0,2094.0000
3159,hotpotqa#1125,hotpotqa,0,2095.0000
3160,hotpotqa#1126,hotpotqa,0,2096.0000
3161,ds1000#240,ds1000,0,2097.0000
3162,ds1000#760,ds1000,0,2098.0000
3163,hotpotqa#1127,hotpotqa,0,2099.0000
3164,ds1000#376,ds1000,0,2100.0000
3165,ddxplus#1307,ddxplus,0,2101.0000
3166,hotpotqa#1128,hotpotqa,0,2102.0000
3167,hotpotqa#1129,hotpotqa,0,2103.0000
3168,hotpotqa#1130,hotpotqa,0,2104.0000
3169,hotpotqa#1131,hotpotqa,0,2105.0000
3170,hotpotqa#1132,hotpotqa,0,2106.0000
3171,ddxplus#1308,ddxplus,0,2107.0000
3172,ds1000#214,ds1000,0,2108.0000
3173,ds1000#549,ds1000,0,2109.0000
3174,hotpotqa#1133,hotpotqa,0,2110.0000
3175,hotpotqa#1134,hotpotqa,0,2111.0000
3176,ddxplus#1309,ddxplus,0,2112.0000
3177,ddxplus#1310,ddxplus,0,2113.0000
3178,ds1000#418,ds1000,0,2114.0000
3179,ddxplus#1311,ddxplus,0,2115.0000
3180,ddxplus#1312,ddxplus,0,2116.0000
3181,ddxplus#1313,ddxplus,0,2117.0000
3182,ds1000#884,ds1000,0,2118.0000
3183,hotpotqa#1135,hotpotqa,0,2119.0000
3184,ddxplus#1314,ddxplus,0,2120.0000
3185,ddxplus#1315,ddxplus,0,2121.0000
3186,hotpotqa#1136,hotpotqa,0,2122.0000
3187,ds1000#270,ds1000,0,2123.0000
3188,hotpotqa#1137,hotpotqa,0,2124.0000
3189,hotpotqa#1138,hotpotqa,0,2125.0000
3190,hotpotqa#1139,hotpotqa,0,2126.0000
3191,hotpotqa#1140,hotpotqa,0,2127.0000
3192,hotpotqa#1141,hotpotqa,0,2128.0000
3193,hotpotqa#1142,hotpotqa,0,2129.0000
3194,ds1000#13,ds1000,0,2130.0000
3195,hotpotqa#1143,hotpotqa,0,2131.0000
3196,ddxplus#1316,ddxplus,0,2132.0000
3197,ds1000#492,ds1000,0,2133.0000
3198,ds1000#161,ds1000,0,2134.0000
3199,hotpotqa#1144,hotpotqa,0,2135.0000
3200,hotpotqa#1145,hotpotqa,0,2136.0000
3201,ds1000#392,ds1000,0,2137.0000
3202,hotpotqa#1146,hotpotqa,0,2138.0000
3203,ddxplus#1317,ddxplus,0,2139.0000
3204,hotpotqa#1147,hotpotqa,0,2140.0000
3205,ddxplus#1318,ddxplus,0,2141.0000
3206,hotpotqa#1148,hotpotqa,0,2142.0000
3207,hotpotqa#1149,hotpotqa,0,2143.0000
3208,hotpotqa#1150,hotpotqa,0,2144.0000
3209,ds1000#216,ds1000,0,2145.0000
3210,ds1000#207,ds1000,0,2146.0000
3211,ds1000#606,ds1000,0,2147.0000
3212,hotpotqa#1151,hotpotqa,0,2148.0000
3213,ddxplus#1319,ddxplus,0,2149.0000
3214,hotpotqa#1152,hotpotqa,0,2150.0000
3215,ddxplus#1320,ddxplus,0,2151.0000
3216,ds1000#112,ds1000,0,2152.0000
3217,ddxplus#1321,ddxplus,0,2153.0000
3218,ddxplus#1322,ddxplus,0,2154.0000
3219,hotpotqa#1153,hotpotqa,0,2155.0000
3220,hotpotqa#1154,hotpotqa,0,2156.0000
3221,ddxplus#1323,ddxplus,0,2157.0000
3222,hotpotqa#1155,hotpotqa,0,2158.0000
3223,ddxplus#1324,ddxplus,0,2159.0000
3224,ds1000#507,ds1000,0,2160.0000
3225,hotpotqa#1156,hotpotqa,0,2161.0000
3226,ds1000#18,ds1000,0,2162.0000
3227,ddxplus#1325,ddxplus,0,2163.0000
3228,ds1000#665,ds1000,0,2164.0000
3229,ddxplus#1326,ddxplus,0,2165.0000
3230,ddxplus#1327,ddxplus,0,2166.0000
3231,ds1000#523,ds1000,0,2167.0000
3232,ddxplus#1328,ddxplus,0,2168.0000
3233,ddxplus#1329,ddxplus,0,2169.0000
3234,ddxplus#1330,ddxplus,0,2170.0000
3235,ddxplus#1331,ddxplus,0,2171.0000
3236,ddxplus#1332,ddxplus,0,2172.0000
3237,ddxplus#1333,ddxplus,0,2173.0000
3238,hotpotqa#1157,hotpotqa,0,2174.0000
3239,ddxplus#1334,ddxplus,0,2175.0000
3240,ddxplus#1335,ddxplus,0,2176.0000
3241,hotpotqa#1158,hotpotqa,0,2177.0000
3242,hotpotqa#1159,hotpotqa,0,2178.0000
3243,ddxplus#1336,ddxplus,0,2179.0000
3244,ds1000#157,ds1000,0,2180.0000
3245,ds1000#205,ds1000,0,2181.0000
3246,ddxplus#1337,ddxplus,0,2182.0000
3247,ddxplus#1338,ddxplus,0,2183.0000
3248,ddxplus#1339,ddxplus,0,2184.0000
3249,ddxplus#1340,ddxplus,0,2185.0000
3250,ddxplus#1341,ddxplus,0,2186.0000
3251,ds1000#335,ds1000,0,2187.0000
3252,ddxplus#1342,ddxplus,0,2188.0000
3253,ds1000#458,ds1000,0,2189.0000
3254,ddxplus#1343,ddxplus,0,2190.0000
3255,ddxplus#1344,ddxplus,0,2191.0000
3256,ddxplus#1345,ddxplus,0,2192.0000
3257,hotpotqa#1160,hotpotqa,0,2193.0000
3258,hotpotqa#1161,hotpotqa,0,2194.0000
3259,hotpotqa#1162,hotpotqa,0,2195.0000
3260,ddxplus#1346,ddxplus,0,2196.0000
3261,hotpotqa#1163,hotpotqa,0,2197.0000
3262,ds1000#223,ds1000,0,2198.0000
3263,hotpotqa#1164,hotpotqa,0,2199.0000
3264,ddxplus#1347,ddxplus,0,2200.0000
3265,hotpotqa#1165,hotpotqa,0,2201.0000
3266,hotpotqa#1166,hotpotqa,0,2202.0000
3267,ddxplus#1348,ddxplus,0,2203.0000
3268,ddxplus#1349,ddxplus,0,2204.0000
3269,ddxplus#1350,ddxplus,0,2205.0000
3270,ddxplus#1351,ddxplus,0,2206.0000
3271,hotpotqa#1167,hotpotqa,0,2207.0000
3272,ds1000#928,ds1000,0,2208.0000
3273,ddxplus#1352,ddxplus,0,2209.0000
3274,hotpotqa#1168,hotpotqa,0,2210.0000
3275,hotpotqa#1169,hotpotqa,0,2211.0000
3276,ds1000#578,ds1000,0,2212.0000
3277,hotpotqa#1170,hotpotqa,0,2213.0000
3278,ddxplus#1353,ddxplus,0,2214.0000
3279,ddxplus#1354,ddxplus,0,2215.0000
3280,ds1000#521,ds1000,0,2216.0000
3281,hotpotqa#1171,hotpotqa,0,2217.0000
3282,hotpotqa#1172,hotpotqa,0,2218.0000
3283,ddxplus#1355,ddxplus,0,2219.0000
3284,ddxplus#1356,ddxplus,0,2220.0000
3285,ds1000#362,ds1000,0,2221.0000
3286,hotpotqa#1173,hotpotqa,0,2222.0000
3287,hotpotqa#1174,hotpotqa,0,2223.0000
3288,hotpotqa#1175,hotpotqa,0,2224.0000
3289,ddxplus#1357,ddxplus,0,2225.0000
3290,ddxplus#1358,ddxplus,0,2226.0000
3291,ds1000#895,ds1000,0,2227.0000
3292,ddxplus#1359,ddxplus,0,2228.0000
3293,ddxplus#1360,ddxplus,0,2229.0000
3294,ds1000#510,ds1000,0,2230.0000
3295,ds1000#571,ds1000,0,2231.0000
3296,ddxplus#1361,ddxplus,0,2232.0000
3297,hotpotqa#1176,hotpotqa,0,2233.0000
3298,hotpotqa#1177,hotpotqa,0,2234.0000
3299,ddxplus#1362,ddxplus,0,2235.0000
3300,hotpotqa#1178,hotpotqa,0,2236.0000
3301,ddxplus#1363,ddxplus,0,2237.0000
3302,hotpotqa#1179,hotpotqa,0,2238.0000
3303,ddxplus#1364,ddxplus,0,2239.0000
3304,ddxplus#1365,ddxplus,0,2240.0000
3305,hotpotqa#1180,hotpotqa,0,2241.0000
3306,hotpotqa#1181,hotpotqa,0,2242.0000
3307,ds1000#919,ds1000,0,2243.0000
3308,ds1000#407,ds1000,0,2244.0000
3309,hotpotqa#1182,hotpotqa,0,2245.0000
3310,ddxplus#1366,ddxplus,0,2246.0000
3311,ddxplus#1367,ddxplus,0,2247.0000
3312,hotpotqa#1183,hotpotqa,0,2248.0000
3313,ddxplus#1368,ddxplus,0,2249.0000
3314,ddxplus#1369,ddxplus,0,2250.0000
3315,ddxplus#1370,ddxplus,0,2251.0000
3316,ds1000#826,ds1000,0,2252.0000
3317,hotpotqa#1184,hotpotqa,0,2253.0000
3318,ds1000#4,ds1000,0,2254.0000
3319,ddxplus#1371,ddxplus,0,2255.0000
3320,ddxplus#1372,ddxplus,0,2256.0000
3321,ddxplus#1373,ddxplus,0,2257.0000
3322,ddxplus#1374,ddxplus,0,2258.0000
3323,hotpotqa#1185,hotpotqa,0,2259.0000
3324,hotpotqa#1186,hotpotqa,0,2260.0000
3325,ddxplus#1375,ddxplus,0,2261.0000
3326,ddxplus#1376,ddxplus,0,2262.0000
3327,hotpotqa#1187,hotpotqa,0,2263.0000
3328,ddxplus#1377,ddxplus,0,2264.0000
3329,ddxplus#1378,ddxplus,0,2265.0000
3330,hotpotqa#1188,hotpotqa,0,2266.0000
3331,ds1000#94,ds1000,0,2267.0000
3332,hotpotqa#1189,hotpotqa,0,2268.0000
3333,ds1000#560,ds1000,0,2269.0000
3334,ddxplus#1379,ddxplus,0,2270.0000
3335,hotpotqa#1190,hotpotqa,0,2271.0000
3336,ddxplus#1380,ddxplus,0,2272.0000
3337,ddxplus#1381,ddxplus,0,2273.0000
3338,hotpotqa#1191,hotpotqa,0,2274.0000
3339,ddxplus#1382,ddxplus,0,2275.0000
3340,hotpotqa#1192,hotpotqa,0,2276.0000
3341,ddxplus#1383,ddxplus,0,2277.0000
3342,ddxplus#1384,ddxplus,0,2278.0000
3343,ds1000#481,ds1000,0,2279.0000
3344,hotpotqa#1193,hotpotqa,0,2280.0000
3345,ddxplus#1385,ddxplus,0,2281.0000
3346,ddxplus#1386,ddxplus,0,2282.0000
3347,ddxplus#1387,ddxplus,0,2283.0000
3348,ds1000#499,ds1000,0,2284.0000
3349,hotpotqa#1194,hotpotqa,0,2285.0000
3350,ddxplus#1388,ddxplus,0,2286.0000
3351,ddxplus#1389,ddxplus,0,2287.0000
3352,hotpotqa#1195,hotpotqa,0,2288.0000
3353,ds1000#323,ds1000,0,2289.0000
3354,ddxplus#1390,ddxplus,0,2290.0000
3355,ds1000#93,ds1000,0,2291.0000
3356,hotpotqa#1196,hotpotqa,0,2292.0000
3357,hotpotqa#1197,hotpotqa,0,2293.0000
3358,hotpotqa#1198,hotpotqa,0,2294.0000
3359,ds1000#843,ds1000,0,2295.0000
3360,ddxplus#1391,ddxplus,0,2296.0000
3361,ddxplus#1392,ddxplus,0,2297.0000
3362,ds1000#877,ds1000,0,2298.0000
3363,hotpotqa#1199,hotpotqa,0,2299.0000
3364,hotpotqa#1200,hotpotqa,0,2300.0000
3365,ddxplus#1393,ddxplus,0,2301.0000
3366,ddxplus#1394,ddxplus,0,2302.0000
3367,ddxplus#1395,ddxplus,0,2303.0000
3368,hotpotqa#1201,hotpotqa,0,2304.0000
3369,ds1000#763,ds1000,0,2305.0000
3370,ds1000#389,ds1000,0,2306.0000
3371,hotpotqa#1202,hotpotqa,0,2307.0000
3372,hotpotqa#1203,hotpotqa,0,2308.0000
3373,ddxplus#1396,ddxplus,0,2309.0000
3374,ddxplus#1397,ddxplus,0,2310.0000
3375,ds1000#397,ds1000,0,2311.0000
3376,ddxplus#1398,ddxplus,0,2312.0000
3377,hotpotqa#1204,hotpotqa,0,2313.0000
3378,ddxplus#1399,ddxplus,0,2314.0000
3379,ds1000#564,ds1000,0,2315.0000
3380,ds1000#32,ds1000,0,2316.0000
3381,ddxplus#1400,ddxplus,0,2317.0000
3382,hotpotqa#1205,hotpotqa,0,2318.0000
3383,ddxplus#1401,ddxplus,0,2319.0000
3384,ddxplus#1402,ddxplus,0,2320.0000
3385,hotpotqa#1206,hotpotqa,0,2321.0000
3386,ds1000#386,ds1000,0,2322.0000
3387,ddxplus#1403,ddxplus,0,2323.0000
3388,ddxplus#1404,ddxplus,0,2324.0000
3389,ds1000#364,ds1000,0,2325.0000
3390,hotpotqa#1207,hotpotqa,0,2326.0000
3391,hotpotqa#1208,hotpotqa,0,2327.0000
3392,ds1000#453,ds1000,0,2328.0000
3393,ds1000#440,ds1000,0,2329.0000
3394,ddxplus#1405,ddxplus,0,2330.0000
3395,hotpotqa#1209,hotpotqa,0,2331.0000
3396,ds1000#640,ds1000,0,2332.0000
3397,ds1000#633,ds1000,0,2333.0000
3398,hotpotqa#1210,hotpotqa,0,2334.0000
3399,ds1000#227,ds1000,0,2335.0000
3400,hotpotqa#1211,hotpotqa,0,2336.0000
3401,ddxplus#1406,ddxplus,0,2337.0000
3402,ddxplus#1407,ddxplus,0,2338.0000
3403,ddxplus#1408,ddxplus,0,2339.0000
3404,hotpotqa#1212,hotpotqa,0,2340.0000
3405,hotpotqa#1213,hotpotqa,0,2341.0000
3406,hotpotqa#1214,hotpotqa,0,2342.0000
3407,ddxplus#1409,ddxplus,0,2343.0000
3408,ddxplus#1410,ddxplus,0,2344.0000
3409,ddxplus#1411,ddxplus,0,2345.0000
3410,ds1000#369,ds1000,0,2346.0000
3411,ddxplus#1412,ddxplus,0,2347.0000
3412,hotpotqa#1215,hotpotqa,0,2348.0000
3413,hotpotqa#1216,hotpotqa,0,2349.0000
3414,ddxplus#1413,ddxplus,0,2350.0000
3415,hotpotqa#1217,hotpotqa,0,2351.0000
3416,hotpotqa#1218,hotpotqa,0,2352.0000
3417,ddxplus#1414,ddxplus,0,2353.0000
3418,ddxplus#1415,ddxplus,0,2354.0000
3419,ddxplus#1416,ddxplus,0,2355.0000
3420,hotpotqa#1219,hotpotqa,0,2356.0000
3421,ds1000#642,ds1000,0,2357.0000
3422,ddxplus#1417,ddxplus,0,2358.0000
3423,hotpotqa#1220,hotpotqa,0,2359.0000
3424,hotpotqa#1221,hotpotqa,0,2360.0000
3425,hotpotqa#1222,hotpotqa,0,2361.0000
3426,ds1000#416,ds1000,0,2362.0000
3427,ddxplus#1418,ddxplus,0,2363.0000
3428,ds1000#452,ds1000,0,2364.0000
3429,ddxplus#1419,ddxplus,0,2365.0000
3430,ds1000#81,ds1000,0,2366.0000
3431,ds1000#827,ds1000,0,2367.0000
3432,hotpotqa#1223,hotpotqa,0,2368.0000
3433,ddxplus#1420,ddxplus,0,2369.0000
3434,ddxplus#1421,ddxplus,0,2370.0000
3435,ddxplus#1422,ddxplus,0,2371.0000
3436,ddxplus#1423,ddxplus,0,2372.0000
3437,ddxplus#1424,ddxplus,0,2373.0000
3438,ddxplus#1425,ddxplus,0,2374.0000
3439,hotpotqa#1224,hotpotqa,0,2375.0000
3440,ddxplus#1426,ddxplus,0,2376.0000
3441,hotpotqa#1225,hotpotqa,0,2377.0000
3442,hotpotqa#1226,hotpotqa,0,2378.0000
3443,ddxplus#1427,ddxplus,0,2379.0000
3444,ddxplus#1428,ddxplus,0,2380.0000
3445,ds1000#820,ds1000,0,2381.0000
3446,ddxplus#1429,ddxplus,0,2382.0000
3447,ddxplus#1430,ddxplus,0,2383.0000
3448,ds1000#863,ds1000,0,2384.0000
3449,ddxplus#1431,ddxplus,0,2385.0000
3450,hotpotqa#1227,hotpotqa,0,2386.0000
3451,ddxplus#1432,ddxplus,0,2387.0000
3452,ddxplus#1433,ddxplus,0,2388.0000
3453,ddxplus#1434,ddxplus,0,2389.0000
3454,ddxplus#1435,ddxplus,0,2390.0000
3455,ddxplus#1436,ddxplus,0,2391.0000
3456,hotpotqa#1228,hotpotqa,0,2392.0000
3457,hotpotqa#1229,hotpotqa,0,2393.0000
3458,ddxplus#1437,ddxplus,0,2394.0000
3459,ds1000#370,ds1000,0,2395.0000
3460,hotpotqa#1230,hotpotqa,0,2396.0000
3461,ds1000#311,ds1000,0,2397.0000
3462,hotpotqa#1231,hotpotqa,0,2398.0000
3463,ddxplus#1438,ddxplus,0,2399.0000
3464,ddxplus#1439,ddxplus,0,2400.0000
3465,hotpotqa#1232,hotpotqa,0,2401.0000
3466,ddxplus#1440,ddxplus,0,2402.0000
3467,ddxplus#1441,ddxplus,0,2403.0000
3468,ddxplus#1442,ddxplus,0,2404.0000
3469,ddxplus#1443,ddxplus,0,2405.0000
3470,hotpotqa#1233,hotpotqa,0,2406.0000
3471,ddxplus#1444,ddxplus,0,2407.0000
3472,ddxplus#1445,ddxplus,0,2408.0000
3473,hotpotqa#1234,hotpotqa,0,2409.0000
3474,ddxplus#1446,ddxplus,0,2410.0000
3475,hotpotqa#1235,hotpotqa,0,2411.0000
3476,ddxplus#1447,ddxplus,0,2412.0000
3477,ddxplus#1448,ddxplus,0,2413.0000
3478,ddxplus#1449,ddxplus,0,2414.0000
3479,hotpotqa#1236,hotpotqa,0,2415.0000
3480,ddxplus#1450,ddxplus,0,2416.0000
3481,ds1000#450,ds1000,0,2417.0000
3482,ddxplus#1451,ddxplus,0,2418.0000
3483,ds1000#52,ds1000,0,2419.0000
3484,ddxplus#1452,ddxplus,0,2420.0000
3485,hotpotqa#1237,hotpotqa,0,2421.0000
3486,ds1000#912,ds1000,0,2422.0000
3487,ddxplus#1453,ddxplus,0,2423.0000
3488,ddxplus#1454,ddxplus,0,2424.0000
3489,hotpotqa#1238,hotpotqa,0,2425.0000
3490,ds1000#342,ds1000,0,2426.0000
3491,ds1000#540,ds1000,0,2427.0000
3492,ddxplus#1455,ddxplus,0,2428.0000
3493,hotpotqa#1239,hotpotqa,0,2429.0000
3494,ddxplus#1456,ddxplus,0,2430.0000
3495,ddxplus#1457,ddxplus,0,2431.0000
3496,ds1000#267,ds1000,0,2432.0000
3497,ds1000#721,ds1000,0,2433.0000
3498,ddxplus#1458,ddxplus,0,2434.0000
3499,hotpotqa#1240,hotpotqa,0,2435.0000
3500,ds1000#106,ds1000,0,2436.0000
3501,hotpotqa#1241,hotpotqa,0,2437.0000
3502,ddxplus#1459,ddxplus,0,2438.0000
3503,ds1000#122,ds1000,0,2439.0000
3504,hotpotqa#1242,hotpotqa,0,2440.0000
3505,ddxplus#1460,ddxplus,0,2441.0000
3506,hotpotqa#1243,hotpotqa,0,2442.0000
3507,ddxplus#1461,ddxplus,0,2443.0000
3508,ds1000#396,ds1000,0,2444.0000
3509,ds1000#992,ds1000,0,2445.0000
3510,ddxplus#1462,ddxplus,0,2446.0000
3511,ds1000#533,ds1000,0,2447.0000
3512,ddxplus#1463,ddxplus,0,2448.0000
3513,ddxplus#1464,ddxplus,0,2449.0000
3514,ds1000#730,ds1000,0,2450.0000
3515,ddxplus#1465,ddxplus,0,2451.0000
3516,hotpotqa#1244,hotpotqa,0,2452.0000
3517,ds1000#384,ds1000,0,2453.0000
3518,ddxplus#1466,ddxplus,0,2454.0000
3519,ddxplus#1467,ddxplus,0,2455.0000
3520,ddxplus#1468,ddxplus,0,2456.0000
3521,ddxplus#1469,ddxplus,0,2457.0000
3522,hotpotqa#1245,hotpotqa,0,2458.0000
3523,ddxplus#1470,ddxplus,0,2459.0000
3524,hotpotqa#1246,hotpotqa,0,2460.0000
3525,ddxplus#1471,ddxplus,0,2461.0000
3526,hotpotqa#1247,hotpotqa,0,2462.0000
3527,hotpotqa#1248,hotpotqa,0,2463.0000
3528,hotpotqa#1249,hotpotqa,0,2464.0000
3529,ddxplus#1472,ddxplus,0,2465.0000
3530,ddxplus#1473,ddxplus,0,2466.0000
3531,hotpotqa#1250,hotpotqa,0,2467.0000
3532,ddxplus#1474,ddxplus,0,2468.0000
3533,hotpotqa#1251,hotpotqa,0,2469.0000
3534,ddxplus#1475,ddxplus,0,2470.0000
3535,ddxplus#1476,ddxplus,0,2471.0000
3536,hotpotqa#1252,hotpotqa,0,2472.0000
3537,ds1000#105,ds1000,0,2473.0000
3538,hotpotqa#1253,hotpotqa,0,2474.0000
3539,hotpotqa#1254,hotpotqa,0,2475.0000
3540,hotpotqa#1255,hotpotqa,0,2476.0000
3541,hotpotqa#1256,hotpotqa,0,2477.0000
3542,ddxplus#1477,ddxplus,0,2478.0000
3543,ddxplus#1478,ddxplus,0,2479.0000
3544,ddxplus#1479,ddxplus,0,2480.0000
3545,ds1000#266,ds1000,0,2481.0000
3546,ds1000#347,ds1000,0,2482.0000
3547,hotpotqa#1257,hotpotqa,0,2483.0000
3548,ddxplus#1480,ddxplus,0,2484.0000
3549,ddxplus#1481,ddxplus,0,2485.0000
3550,hotpotqa#1258,hotpotqa,0,2486.0000
3551,hotpotqa#1259,hotpotqa,0,2487.0000
3552,hotpotqa#1260,hotpotqa,0,2488.0000
3553,hotpotqa#1261,hotpotqa,0,2489.0000
3554,hotpotqa#1262,hotpotqa,0,2490.0000
3555,hotpotqa#1263,hotpotqa,0,2491.0000
3556,ddxplus#1482,ddxplus,0,2492.0000
3557,hotpotqa#1264,hotpotqa,0,2493.0000
3558,ddxplus#1483,ddxplus,0,2494.0000
3559,ddxplus#1484,ddxplus,0,2495.0000
3560,ddxplus#1485,ddxplus,0,2496.0000
3561,ddxplus#1486,ddxplus,0,2497.0000
3562,ddxplus#1487,ddxplus,0,2498.0000
3563,ds1000#190,ds1000,0,2499.0000
3564,ds1000#864,ds1000,0,2500.0000
3565,hotpotqa#1265,hotpotqa,0,2501.0000
3566,ds1000#850,ds1000,0,2502.0000
3567,hotpotqa#1266,hotpotqa,0,2503.0000
3568,ddxplus#1488,ddxplus,0,2504.0000
3569,ds1000#39,ds1000,0,2505.0000
3570,hotpotqa#1267,hotpotqa,0,2506.0000
3571,ddxplus#1489,ddxplus,0,2507.0000
3572,hotpotqa#1268,hotpotqa,0,2508.0000
3573,ddxplus#1490,ddxplus,0,2509.0000
3574,ds1000#339,ds1000,0,2510.0000
3575,ddxplus#1491,ddxplus,0,2511.0000
3576,hotpotqa#1269,hotpotqa,0,2512.0000
3577,hotpotqa#1270,hotpotqa,0,2513.0000
3578,ds1000#188,ds1000,0,2514.0000
3579,hotpotqa#1271,hotpotqa,0,2515.0000
3580,hotpotqa#1272,hotpotqa,0,2516.0000
3581,ddxplus#1492,ddxplus,0,2517.0000
3582,ddxplus#1493,ddxplus,0,2518.0000
3583,ds1000#403,ds1000,0,2519.0000
3584,hotpotqa#1273,hotpotqa,0,2520.0000
3585,ds1000#525,ds1000,0,2521.0000
3586,hotpotqa#1274,hotpotqa,0,2522.0000
3587,ddxplus#1494,ddxplus,0,2523.0000
3588,hotpotqa#1275,hotpotqa,0,2524.0000
3589,ddxplus#1495,ddxplus,0,2525.0000
3590,ddxplus#1496,ddxplus,0,2526.0000
3591,ddxplus#1497,ddxplus,0,2527.0000
3592,ds1000#189,ds1000,0,2528.0000
3593,hotpotqa#1276,hotpotqa,0,2529.0000
3594,ddxplus#1498,ddxplus,0,2530.0000
3595,hotpotqa#1277,hotpotqa,0,2531.0000
3596,ds1000#812,ds1000,0,2532.0000
3597,ddxplus#1499,ddxplus,0,2533.0000
3598,ddxplus#1500,ddxplus,0,2534.0000
3599,ddxplus#1501,ddxplus,0,2535.0000
3600,ds1000#87,ds1000,0,2536.0000
3601,ds1000#732,ds1000,0,2537.0000
3602,ddxplus#1502,ddxplus,0,2538.0000
3603,hotpotqa#1278,hotpotqa,0,2539.0000
3604,ddxplus#1503,ddxplus,0,2540.0000
3605,ddxplus#1504,ddxplus,0,2541.0000
3606,hotpotqa#1279,hotpotqa,0,2542.0000
3607,ds1000#483,ds1000,0,2543.0000
3608,hotpotqa#1280,hotpotqa,0,2544.0000
3609,ddxplus#1505,ddxplus,0,2545.0000
3610,hotpotqa#1281,hotpotqa,0,2546.0000
3611,hotpotqa#1282,hotpotqa,0,2547.0000
3612,ddxplus#1506,ddxplus,0,2548.0000
3613,hotpotqa#1283,hotpotqa,0,2549.0000
3614,ddxplus#1507,ddxplus,0,2550.0000
3615,ds1000#5,ds1000,0,2551.0000
3616,hotpotqa#1284,hotpotqa,0,2552.0000
3617,ddxplus#1508,ddxplus,0,2553.0000
3618,ddxplus#1509,ddxplus,0,2554.0000
3619,ddxplus#1510,ddxplus,0,2555.0000
3620,hotpotqa#1285,hotpotqa,0,2556.0000
3621,hotpotqa#1286,hotpotqa,0,2557.0000
3622,ds1000#597,ds1000,0,2558.0000
3623,hotpotqa#1287,hotpotqa,0,2559.0000
3624,hotpotqa#1288,hotpotqa,0,2560.0000
3625,hotpotqa#1289,hotpotqa,0,2561.0000
3626,ddxplus#1511,ddxplus,0,2562.0000
3627,ddxplus#1512,ddxplus,0,2563.0000
3628,ddxplus#1513,ddxplus,0,2564.0000
3629,ddxplus#1514,ddxplus,0,2565.0000
3630,ds1000#953,ds1000,0,2566.0000
3631,hotpotqa#1290,hotpotqa,0,2567.0000
3632,ds1000#442,ds1000,0,2568.0000
3633,ds1000#893,ds1000,0,2569.0000
3634,ddxplus#1515,ddxplus,0,2570.0000
3635,ddxplus#1516,ddxplus,0,2571.0000
3636,hotpotqa#1291,hotpotqa,0,2572.0000
3637,ddxplus#1517,ddxplus,0,2573.0000
3638,hotpotqa#1292,hotpotqa,0,2574.0000
3639,hotpotqa#1293,hotpotqa,0,2575.0000
3640,ddxplus#1518,ddxplus,0,2576.0000
3641,ddxplus#1519,ddxplus,0,2577.0000
3642,ddxplus#1520,ddxplus,0,2578.0000
3643,hotpotqa#1294,hotpotqa,0,2579.0000
3644,hotpotqa#1295,hotpotqa,0,2580.0000
3645,ddxplus#1521,ddxplus,0,2581.0000
3646,ddxplus#1522,ddxplus,0,2582.0000
3647,ddxplus#1523,ddxplus,0,2583.0000
3648,ds1000#861,ds1000,0,2584.0000
3649,ddxplus#1524,ddxplus,0,2585.0000
3650,hotpotqa#1296,hotpotqa,0,2586.0000
3651,ddxplus#1525,ddxplus,0,2587.0000
3652,ddxplus#1526,ddxplus,0,2588.0000
3653,ddxplus#1527,ddxplus,0,2589.0000
3654,hotpotqa#1297,hotpotqa,0,2590.0000
3655,hotpotqa#1298,hotpotqa,0,2591.0000
3656,ddxplus#1528,ddxplus,0,2592.0000
3657,ddxplus#1529,ddxplus,0,2593.0000
3658,hotpotqa#1299,hotpotqa,0,2594.0000
3659,ddxplus#1530,ddxplus,0,2595.0000
3660,ddxplus#1531,ddxplus,0,2596.0000
3661,ddxplus#1532,ddxplus,0,2597.0000
3662,ds1000#385,ds1000,0,2598.0000
3663,hotpotqa#1300,hotpotqa,0,2599.0000
3664,ddxplus#1533,ddxplus,0,2600.0000
3665,hotpotqa#1301,hotpotqa,0,2601.0000
3666,ddxplus#1534,ddxplus,0,2602.0000
3667,ds1000#332,ds1000,0,2603.0000
3668,ddxplus#1535,ddxplus,0,2604.0000
3669,ddxplus#1536,ddxplus,0,2605.0000
3670,hotpotqa#1302,hotpotqa,0,2606.0000
3671,ddxplus#1537,ddxplus,0,2607.0000
3672,ddxplus#1538,ddxplus,0,2608.0000
3673,ddxplus#1539,ddxplus,0,2609.0000
3674,ds1000#790,ds1000,0,2610.0000
3675,hotpotqa#1303,hotpotqa,0,2611.0000
3676,hotpotqa#1304,hotpotqa,0,2612.0000
3677,ds1000#359,ds1000,0,2613.0000
3678,ddxplus#1540,ddxplus,0,2614.0000
3679,ds1000#590,ds1000,0,2615.0000
3680,hotpotqa#1305,hotpotqa,0,2616.0000
3681,ddxplus#1541,ddxplus,0,2617.0000
3682,ddxplus#1542,ddxplus,0,2618.0000
3683,ddxplus#1543,ddxplus,0,2619.0000
3684,hotpotqa#1306,hotpotqa,0,2620.0000
3685,ds1000#504,ds1000,0,2621.0000
3686,ds1000#962,ds1000,0,2622.0000
3687,ddxplus#1544,ddxplus,0,2623.0000
3688,ddxplus#1545,ddxplus,0,2624.0000
3689,hotpotqa#1307,hotpotqa,0,2625.0000
3690,ds1000#375,ds1000,0,2626.0000
3691,ddxplus#1546,ddxplus,0,2627.0000
3692,hotpotqa#1308,hotpotqa,0,2628.0000
3693,ddxplus#1547,ddxplus,0,2629.0000
3694,ddxplus#1548,ddxplus,0,2630.0000
3695,ddxplus#1549,ddxplus,0,2631.0000
3696,hotpotqa#1309,hotpotqa,0,2632.0000
3697,hotpotqa#1310,hotpotqa,0,2633.0000
3698,ds1000#114,ds1000,0,2634.0000
3699,hotpotqa#1311,hotpotqa,0,2635.0000
3700,ds1000#170,ds1000,0,2636.0000
3701,hotpotqa#1312,hotpotqa,0,2637.0000
3702,ddxplus#1550,ddxplus,0,2638.0000
3703,ds1000#851,ds1000,0,2639.0000
3704,hotpotqa#1313,hotpotqa,0,2640.0000
3705,ddxplus#1551,ddxplus,0,2641.0000
3706,hotpotqa#1314,hotpotqa,0,2642.0000
3707,ddxplus#1552,ddxplus,0,2643.0000
3708,ddxplus#1553,ddxplus,0,2644.0000
3709,ddxplus#1554,ddxplus,0,2645.0000
3710,hotpotqa#1315,hotpotqa,0,2646.0000
3711,ddxplus#1555,ddxplus,0,2647.0000
3712,ds1000#123,ds1000,0,2648.0000
3713,ddxplus#1556,ddxplus,0,2649.0000
3714,ddxplus#1557,ddxplus,0,2650.0000
3715,hotpotqa#1316,hotpotqa,0,2651.0000
3716,hotpotqa#1317,hotpotqa,0,2652.0000
3717,ds1000#301,ds1000,0,2653.0000
3718,hotpotqa#1318,hotpotqa,0,2654.0000
3719,ddxplus#1558,ddxplus,0,2655.0000
3720,hotpotqa#1319,hotpotqa,0,2656.0000
3721,hotpotqa#1320,hotpotqa,0,2657.0000
3722,hotpotqa#1321,hotpotqa,0,2658.0000
3723,hotpotqa#1322,hotpotqa,0,2659.0000
3724,ds1000#615,ds1000,0,2660.0000
3725,hotpotqa#1323,hotpotqa,0,2661.0000
3726,hotpotqa#1324,hotpotqa,0,2662.0000
3727,hotpotqa#1325,hotpotqa,0,2663.0000
3728,hotpotqa#1326,hotpotqa,0,2664.0000
3729,ds1000#602,ds1000,0,2665.0000
3730,ds1000#711,ds1000,0,2666.0000
3731,ds1000#786,ds1000,0,2667.0000
3732,ddxplus#1559,ddxplus,0,2668.0000
3733,ds1000#918,ds1000,0,2669.0000
3734,ddxplus#1560,ddxplus,0,2670.0000
3735,ddxplus#1561,ddxplus,0,2671.0000
3736,ddxplus#1562,ddxplus,0,2672.0000
3737,ds1000#508,ds1000,0,2673.0000
3738,ddxplus#1563,ddxplus,0,2674.0000
3739,ddxplus#1564,ddxplus,0,2675.0000
3740,ddxplus#1565,ddxplus,0,2676.0000
3741,hotpotqa#1327,hotpotqa,0,2677.0000
3742,ddxplus#1566,ddxplus,0,2678.0000
3743,hotpotqa#1328,hotpotqa,0,2679.0000
3744,hotpotqa#1329,hotpotqa,0,2680.0000
3745,ddxplus#1567,ddxplus,0,2681.0000
3746,hotpotqa#1330,hotpotqa,0,2682.0000
3747,ds1000#718,ds1000,0,2683.0000
3748,hotpotqa#1331,hotpotqa,0,2684.0000
3749,ds1000#599,ds1000,0,2685.0000
3750,ddxplus#1568,ddxplus,0,2686.0000
3751,ds1000#221,ds1000,0,2687.0000
3752,ddxplus#1569,ddxplus,0,2688.0000
3753,ds1000#654,ds1000,0,2689.0000
3754,ds1000#111,ds1000,0,2690.0000
3755,hotpotqa#1332,hotpotqa,0,2691.0000
3756,hotpotqa#1333,hotpotqa,0,2692.0000
3757,ds1000#475,ds1000,0,2693.0000
3758,ddxplus#1570,ddxplus,0,2694.0000
3759,hotpotqa#1334,hotpotqa,0,2695.0000
3760,hotpotqa#1335,hotpotqa,0,2696.0000
3761,ds1000#484,ds1000,0,2697.0000
3762,ddxplus#1571,ddxplus,0,2698.0000
3763,hotpotqa#1336,hotpotqa,0,2699.0000
3764,ddxplus#1572,ddxplus,0,2700.0000
3765,ddxplus#1573,ddxplus,0,2701.0000
3766,ddxplus#1574,ddxplus,0,2702.0000
3767,hotpotqa#1337,hotpotqa,0,2703.0000
3768,ddxplus#1575,ddxplus,0,2704.0000
3769,ddxplus#1576,ddxplus,0,2705.0000
3770,ddxplus#1577,ddxplus,0,2706.0000
3771,hotpotqa#1338,hotpotqa,0,2707.0000
3772,ddxplus#1578,ddxplus,0,2708.0000
3773,hotpotqa#1339,hotpotqa,0,2709.0000
3774,ddxplus#1579,ddxplus,0,2710.0000
3775,hotpotqa#1340,hotpotqa,0,2711.0000
3776,ddxplus#1580,ddxplus,0,2712.0000
3777,ddxplus#1581,ddxplus,0,2713.0000
3778,hotpotqa#1341,hotpotqa,0,2714.0000
3779,ddxplus#1582,ddxplus,0,2715.0000
3780,ddxplus#1583,ddxplus,0,2716.0000
3781,hotpotqa#1342,hotpotqa,0,2717.0000
3782,hotpotqa#1343,hotpotqa,0,2718.0000
3783,ddxplus#1584,ddxplus,0,2719.0000
3784,ddxplus#1585,ddxplus,0,2720.0000
3785,ddxplus#1586,ddxplus,0,2721.0000
3786,hotpotqa#1344,hotpotqa,0,2722.0000
3787,hotpotqa#1345,hotpotqa,0,2723.0000
3788,hotpotqa#1346,hotpotqa,0,2724.0000
3789,ddxplus#1587,ddxplus,0,2725.0000
3790,hotpotqa#1347,hotpotqa,0,2726.0000
3791,ds1000#329,ds1000,0,2727.0000
3792,ds1000#279,ds1000,0,2728.0000
3793,ddxplus#1588,ddxplus,0,2729.0000
3794,ds1000#277,ds1000,0,2730.0000
3795,ds1000#349,ds1000,0,2731.0000
3796,ds1000#956,ds1000,0,2732.0000
3797,ddxplus#1589,ddxplus,0,2733.0000
3798,ds1000#187,ds1000,0,2734.0000
3799,ddxplus#1590,ddxplus,0,2735.0000
3800,ddxplus#1591,ddxplus,0,2736.0000
3801,hotpotqa#1348,hotpotqa,0,2737.0000
3802,hotpotqa#1349,hotpotqa,0,2738.0000
3803,ds1000#65,ds1000,0,2739.0000
3804,ddxplus#1592,ddxplus,0,2740.0000
3805,ds1000#974,ds1000,0,2741.0000
3806,hotpotqa#1350,hotpotqa,0,2742.0000
3807,hotpotqa#1351,hotpotqa,0,2743.0000
3808,ds1000#611,ds1000,0,2744.0000
3809,ds1000#583,ds1000,0,2745.0000
3810,ddxplus#1593,ddxplus,0,2746.0000
3811,ddxplus#1594,ddxplus,0,2747.0000
3812,ds1000#948,ds1000,0,2748.0000
3813,ddxplus#1595,ddxplus,0,2749.0000
3814,ddxplus#1596,ddxplus,0,2750.0000
3815,ddxplus#1597,ddxplus,0,2751.0000
3816,hotpotqa#1352,hotpotqa,0,2752.0000
3817,ds1000#69,ds1000,0,2753.0000
3818,ddxplus#1598,ddxplus,0,2754.0000
3819,hotpotqa#1353,hotpotqa,0,2755.0000
3820,hotpotqa#1354,hotpotqa,0,2756.0000
3821,ds1000#410,ds1000,0,2757.0000
3822,ds1000#637,ds1000,0,2758.0000
3823,ddxplus#1599,ddxplus,0,2759.0000
3824,ddxplus#1600,ddxplus,0,2760.0000
3825,ds1000#177,ds1000,0,2761.0000
3826,ds1000#736,ds1000,0,2762.0000
3827,ddxplus#1601,ddxplus,0,2763.0000
3828,hotpotqa#1355,hotpotqa,0,2764.0000
3829,ds1000#982,ds1000,0,2765.0000
3830,ddxplus#1602,ddxplus,0,2766.0000
3831,ddxplus#1603,ddxplus,0,2767.0000
3832,hotpotqa#1356,hotpotqa,0,2768.0000
3833,hotpotqa#1357,hotpotqa,0,2769.0000
3834,hotpotqa#1358,hotpotqa,0,2770.0000
3835,ds1000#117,ds1000,0,2771.0000
3836,hotpotqa#1359,hotpotqa,0,2772.0000
3837,ddxplus#1604,ddxplus,0,2773.0000
3838,ddxplus#1605,ddxplus,0,2774.0000
3839,hotpotqa#1360,hotpotqa,0,2775.0000
3840,ds1000#586,ds1000,0,2776.0000
3841,ddxplus#1606,ddxplus,0,2777.0000
3842,ds1000#372,ds1000,0,2778.0000
3843,ddxplus#1607,ddxplus,0,2779.0000
3844,ddxplus#1608,ddxplus,0,2780.0000
3845,hotpotqa#1361,hotpotqa,0,2781.0000
3846,hotpotqa#1362,hotpotqa,0,2782.0000
3847,ds1000#10,ds1000,0,2783.0000
3848,ds1000#628,ds1000,0,2784.0000
3849,hotpotqa#1363,hotpotqa,0,2785.0000
3850,hotpotqa#1364,hotpotqa,0,2786.0000
3851,ddxplus#1609,ddxplus,0,2787.0000
3852,hotpotqa#1365,hotpotqa,0,2788.0000
3853,ddxplus#1610,ddxplus,0,2789.0000
3854,hotpotqa#1366,hotpotqa,0,2790.0000
3855,ddxplus#1611,ddxplus,0,2791.0000
3856,hotpotqa#1367,hotpotqa,0,2792.0000
3857,hotpotqa#1368,hotpotqa,0,2793.0000
3858,ds1000#927,ds1000,0,2794.0000
3859,ddxplus#1612,ddxplus,0,2795.0000
3860,hotpotqa#1369,hotpotqa,0,2796.0000
3861,hotpotqa#1370,hotpotqa,0,2797.0000
3862,hotpotqa#1371,hotpotqa,0,2798.0000
3863,hotpotqa#1372,hotpotqa,0,2799.0000
3864,ds1000#63,ds1000,0,2800.0000
3865,hotpotqa#1373,hotpotqa,0,2801.0000
3866,ddxplus#1613,ddxplus,0,2802.0000
3867,ddxplus#1614,ddxplus,0,2803.0000
3868,ddxplus#1615,ddxplus,0,2804.0000
3869,ds1000#735,ds1000,0,2805.0000
3870,ds1000#500,ds1000,0,2806.0000
3871,ddxplus#1616,ddxplus,0,2807.0000
3872,ddxplus#1617,ddxplus,0,2808.0000
3873,ds1000#1,ds1000,0,2809.0000
3874,ddxplus#1618,ddxplus,0,2810.0000
3875,ddxplus#1619,ddxplus,0,2811.0000
3876,hotpotqa#1374,hotpotqa,0,2812.0000
3877,ddxplus#1620,ddxplus,0,2813.0000
3878,ddxplus#1621,ddxplus,0,2814.0000
3879,ddxplus#1622,ddxplus,0,2815.0000
3880,ddxplus#1623,ddxplus,0,2816.0000
3881,hotpotqa#1375,hotpotqa,0,2817.0000
3882,hotpotqa#1376,hotpotqa,0,2818.0000
3883,ddxplus#1624,ddxplus,0,2819.0000
3884,hotpotqa#1377,hotpotqa,0,2820.0000
3885,hotpotqa#1378,hotpotqa,0,2821.0000
3886,hotpotqa#1379,hotpotqa,0,2822.0000
3887,ddxplus#1625,ddxplus,0,2823.0000
3888,ds1000#42,ds1000,0,2824.0000
3889,ddxplus#1626,ddxplus,0,2825.0000
3890,ds1000#634,ds1000,0,2826.0000
3891,ds1000#529,ds1000,0,2827.0000
3892,ddxplus#1627,ddxplus,0,2828.0000
3893,ddxplus#1628,ddxplus,0,2829.0000
3894,ds1000#167,ds1000,0,2830.0000
3895,hotpotqa#1380,hotpotqa,0,2831.0000
3896,hotpotqa#1381,hotpotqa,0,2832.0000
3897,ddxplus#1629,ddxplus,0,2833.0000
3898,hotpotqa#1382,hotpotqa,0,2834.0000
3899,ddxplus#1630,ddxplus,0,2835.0000
3900,ddxplus#1631,ddxplus,0,2836.0000
3901,ddxplus#1632,ddxplus,0,2837.0000
3902,ddxplus#1633,ddxplus,0,2838.0000
3903,ddxplus#1634,ddxplus,0,2839.0000
3904,ddxplus#1635,ddxplus,0,2840.0000
3905,ddxplus#1636,ddxplus,0,2841.0000
3906,ddxplus#1637,ddxplus,0,2842.0000
3907,ddxplus#1638,ddxplus,0,2843.0000
3908,ddxplus#1639,ddxplus,0,2844.0000
3909,ddxplus#1640,ddxplus,0,2845.0000
3910,hotpotqa#1383,hotpotqa,0,2846.0000
3911,ddxplus#1641,ddxplus,0,2847.0000
3912,ds1000#809,ds1000,0,2848.0000
3913,ddxplus#1642,ddxplus,0,2849.0000
3914,ddxplus#1643,ddxplus,0,2850.0000
3915,ddxplus#1644,ddxplus,0,2851.0000
3916,ddxplus#1645,ddxplus,0,2852.0000
3917,ds1000#821,ds1000,0,2853.0000
3918,ds1000#76,ds1000,0,2854.0000
3919,ddxplus#1646,ddxplus,0,2855.0000
3920,ddxplus#1647,ddxplus,0,2856.0000
3921,hotpotqa#1384,hotpotqa,0,2857.0000
3922,ddxplus#1648,ddxplus,0,2858.0000
3923,hotpotqa#1385,hotpotqa,0,2859.0000
3924,ddxplus#1649,ddxplus,0,2860.0000
3925,ds1000#313,ds1000,0,2861.0000
3926,ddxplus#1650,ddxplus,0,2862.0000
3927,ddxplus#1651,ddxplus,0,2863.0000
3928,ddxplus#1652,ddxplus,0,2864.0000
3929,ddxplus#1653,ddxplus,0,2865.0000
3930,ddxplus#1654,ddxplus,0,2866.0000
3931,ddxplus#1655,ddxplus,0,2867.0000
3932,ds1000#296,ds1000,0,2868.0000
3933,ddxplus#1656,ddxplus,0,2869.0000
3934,hotpotqa#1386,hotpotqa,0,2870.0000
3935,hotpotqa#1387,hotpotqa,0,2871.0000
3936,ddxplus#1657,ddxplus,0,2872.0000
3937,hotpotqa#1388,hotpotqa,0,2873.0000
3938,ddxplus#1658,ddxplus,0,2874.0000
3939,hotpotqa#1389,hotpotqa,0,2875.0000
3940,ds1000#502,ds1000,0,2876.0000
3941,hotpotqa#1390,hotpotqa,0,2877.0000
3942,hotpotqa#1391,hotpotqa,0,2878.0000
3943,ds1000#490,ds1000,0,2879.0000
3944,hotpotqa#1392,hotpotqa,0,2880.0000
3945,ds1000#720,ds1000,0,2881.0000
3946,hotpotqa#1393,hotpotqa,0,2882.0000
3947,hotpotqa#1394,hotpotqa,0,2883.0000
3948,hotpotqa#1395,hotpotqa,0,2884.0000
3949,hotpotqa#1396,hotpotqa,0,2885.0000
3950,hotpotqa#1397,hotpotqa,0,2886.0000
3951,hotpotqa#1398,hotpotqa,0,2887.0000
3952,ddxplus#1659,ddxplus,0,2888.0000
3953,hotpotqa#1399,hotpotqa,0,2889.0000
3954,hotpotqa#1400,hotpotqa,0,2890.0000
3955,hotpotqa#1401,hotpotqa,0,2891.0000
3956,ddxplus#1660,ddxplus,0,2892.0000
3957,hotpotqa#1402,hotpotqa,0,2893.0000
3958,ddxplus#1661,ddxplus,0,2894.0000
3959,hotpotqa#1403,hotpotqa,0,2895.0000
3960,hotpotqa#1404,hotpotqa,0,2896.0000
3961,ddxplus#1662,ddxplus,0,2897.0000
3962,hotpotqa#1405,hotpotqa,0,2898.0000
3963,hotpotqa#1406,hotpotqa,0,2899.0000
3964,ddxplus#1663,ddxplus,0,2900.0000
3965,ddxplus#1664,ddxplus,0,2901.0000
3966,ddxplus#1665,ddxplus,0,2902.0000
3967,hotpotqa#1407,hotpotqa,0,2903.0000
3968,ddxplus#1666,ddxplus,0,2904.0000
3969,ddxplus#1667,ddxplus,0,2905.0000
3970,hotpotqa#1408,hotpotqa,0,2906.0000
3971,hotpotqa#1409,hotpotqa,0,2907.0000
3972,hotpotqa#1410,hotpotqa,0,2908.0000
3973,ds1000#837,ds1000,0,2909.0000
3974,hotpotqa#1411,hotpotqa,0,2910.0000
3975,ddxplus#1668,ddxplus,0,2911.0000
3976,ddxplus#1669,ddxplus,0,2912.0000
3977,hotpotqa#1412,hotpotqa,0,2913.0000
3978,ds1000#543,ds1000,0,2914.0000
3979,ddxplus#1670,ddxplus,0,2915.0000
3980,ddxplus#1671,ddxplus,0,2916.0000
3981,ds1000#641,ds1000,0,2917.0000
3982,ddxplus#1672,ddxplus,0,2918.0000
3983,hotpotqa#1413,hotpotqa,0,2919.0000
3984,ddxplus#1673,ddxplus,0,2920.0000
3985,ds1000#939,ds1000,0,2921.0000
3986,hotpotqa#1414,hotpotqa,0,2922.0000
3987,ddxplus#1674,ddxplus,0,2923.0000
3988,hotpotqa#1415,hotpotqa,0,2924.0000
3989,ddxplus#1675,ddxplus,0,2925.0000
3990,hotpotqa#1416,hotpotqa,0,2926.0000
3991,ds1000#617,ds1000,0,2927.0000
3992,ds1000#290,ds1000,0,2928.0000
3993,ddxplus#1676,ddxplus,0,2929.0000
3994,ddxplus#1677,ddxplus,0,2930.0000
3995,ddxplus#1678,ddxplus,0,2931.0000
3996,hotpotqa#1417,hotpotqa,0,2932.0000
3997,ds1000#779,ds1000,0,2933.0000
3998,hotpotqa#1418,hotpotqa,0,2934.0000
3999,hotpotqa#1419,hotpotqa,0,2935.0000
4000,ds1000#910,ds1000,0,2936.0000
4001,hotpotqa#1420,hotpotqa,0,2937.0000
4002,ddxplus#1679,ddxplus,0,2938.0000
4003,ddxplus#1680,ddxplus,0,2939.0000
4004,ddxplus#1681,ddxplus,0,2940.0000
4005,ds1000#212,ds1000,0,2941.0000
4006,ddxplus#1682,ddxplus,0,2942.0000
4007,ddxplus#1683,ddxplus,0,2943.0000
4008,ds1000#555,ds1000,0,2944.0000
4009,ds1000#967,ds1000,0,2945.0000
4010,ddxplus#1684,ddxplus,0,2946.0000
4011,hotpotqa#1421,hotpotqa,0,2947.0000
4012,ddxplus#1685,ddxplus,0,2948.0000
4013,ddxplus#1686,ddxplus,0,2949.0000
4014,hotpotqa#1422,hotpotqa,0,2950.0000
4015,hotpotqa#1423,hotpotqa,0,2951.0000
4016,hotpotqa#1424,hotpotqa,0,2952.0000
4017,hotpotqa#1425,hotpotqa,0,2953.0000
4018,hotpotqa#1426,hotpotqa,0,2954.0000
4019,ds1000#317,ds1000,0,2955.0000
4020,ds1000#57,ds1000,0,2956.0000
4021,ddxplus#1687,ddxplus,0,2957.0000
4022,ds1000#791,ds1000,0,2958.0000
4023,ddxplus#1688,ddxplus,0,2959.0000
4024,ddxplus#1689,ddxplus,0,2960.0000
4025,ds1000#535,ds1000,0,2961.0000
4026,ddxplus#1690,ddxplus,0,2962.0000
4027,ddxplus#1691,ddxplus,0,2963.0000
4028,ddxplus#1692,ddxplus,0,2964.0000
4029,hotpotqa#1427,hotpotqa,0,2965.0000
4030,ds1000#932,ds1000,0,2966.0000
4031,ddxplus#1693,ddxplus,0,2967.0000
4032,ddxplus#1694,ddxplus,0,2968.0000
4033,ddxplus#1695,ddxplus,0,2969.0000
4034,hotpotqa#1428,hotpotqa,0,2970.0000
4035,hotpotqa#1429,hotpotqa,0,2971.0000
4036,ds1000#272,ds1000,0,2972.0000
4037,ds1000#15,ds1000,0,2973.0000
4038,ds1000#432,ds1000,0,2974.0000
4039,hotpotqa#1430,hotpotqa,0,2975.0000
4040,ddxplus#1696,ddxplus,0,2976.0000
4041,ddxplus#1697,ddxplus,0,2977.0000
4042,ds1000#503,ds1000,0,2978.0000
4043,ddxplus#1698,ddxplus,0,2979.0000
4044,ddxplus#1699,ddxplus,0,2980.0000
4045,ddxplus#1700,ddxplus,0,2981.0000
4046,ddxplus#1701,ddxplus,0,2982.0000
4047,hotpotqa#1431,hotpotqa,0,2983.0000
4048,ddxplus#1702,ddxplus,0,2984.0000
4049,ddxplus#1703,ddxplus,0,2985.0000
4050,ddxplus#1704,ddxplus,0,2986.0000
4051,ddxplus#1705,ddxplus,0,2987.0000
4052,hotpotqa#1432,hotpotqa,0,2988.0000
4053,ds1000#828,ds1000,0,2989.0000
4054,hotpotqa#1433,hotpotqa,0,2990.0000
4055,hotpotqa#1434,hotpotqa,0,2991.0000
4056,ddxplus#1706,ddxplus,0,2992.0000
4057,ddxplus#1707,ddxplus,0,2993.0000
4058,hotpotqa#1435,hotpotqa,0,2994.0000
4059,hotpotqa#1436,hotpotqa,0,2995.0000
4060,ds1000#621,ds1000,0,2996.0000
4061,ddxplus#1708,ddxplus,0,2997.0000
4062,ddxplus#1709,ddxplus,0,2998.0000
4063,ddxplus#1710,ddxplus,0,2999.0000
4064,ddxplus#1711,ddxplus,0,3000.0000
4065,hotpotqa#1437,hotpotqa,0,3001.0000
4066,hotpotqa#1438,hotpotqa,0,3002.0000
4067,ddxplus#1712,ddxplus,0,3003.0000
4068,ddxplus#1713,ddxplus,0,3004.0000
4069,hotpotqa#1439,hotpotqa,0,3005.0000
4070,hotpotqa#1440,hotpotqa,0,3006.0000
4071,ddxplus#1714,ddxplus,0,3007.0000
4072,ddxplus#1715,ddxplus,0,3008.0000
4073,hotpotqa#1441,hotpotqa,0,3009.0000
4074,ddxplus#1716,ddxplus,0,3010.0000
4075,hotpotqa#1442,hotpotqa,0,3011.0000
4076,ds1000#137,ds1000,0,3012.0000
4077,ds1000#287,ds1000,0,3013.0000
4078,hotpotqa#1443,hotpotqa,0,3014.0000
4079,ds1000#451,ds1000,0,3015.0000
4080,ddxplus#1717,ddxplus,0,3016.0000
4081,ddxplus#1718,ddxplus,0,3017.0000
4082,ddxplus#1719,ddxplus,0,3018.0000
4083,hotpotqa#1444,hotpotqa,0,3019.0000
4084,hotpotqa#1445,hotpotqa,0,3020.0000
4085,ddxplus#1720,ddxplus,0,3021.0000
4086,hotpotqa#1446,hotpotqa,0,3022.0000
4087,hotpotqa#1447,hotpotqa,0,3023.0000
4088,hotpotqa#1448,hotpotqa,0,3024.0000
4089,ds1000#528,ds1000,0,3025.0000
4090,ddxplus#1721,ddxplus,0,3026.0000
4091,hotpotqa#1449,hotpotqa,0,3027.0000
4092,ds1000#300,ds1000,0,3028.0000
4093,hotpotqa#1450,hotpotqa,0,3029.0000
4094,ds1000#752,ds1000,0,3030.0000
4095,ds1000#622,ds1000,0,3031.0000
4096,ds1000#943,ds1000,0,3032.0000
4097,ds1000#195,ds1000,0,3033.0000
4098,ds1000#34,ds1000,0,3034.0000
4099,ds1000#286,ds1000,0,3035.0000
4100,hotpotqa#1451,hotpotqa,0,3036.0000
4101,ddxplus#1722,ddxplus,0,3037.0000
4102,ddxplus#1723,ddxplus,0,3038.0000
4103,hotpotqa#1452,hotpotqa,0,3039.0000
4104,hotpotqa#1453,hotpotqa,0,3040.0000
4105,ds1000#314,ds1000,0,3041.0000
4106,ddxplus#1724,ddxplus,0,3042.0000
4107,hotpotqa#1454,hotpotqa,0,3043.0000
4108,ds1000#970,ds1000,0,3044.0000
4109,hotpotqa#1455,hotpotqa,0,3045.0000
4110,hotpotqa#1456,hotpotqa,0,3046.0000
4111,ds1000#547,ds1000,0,3047.0000
4112,hotpotqa#1457,hotpotqa,0,3048.0000
4113,ds1000#333,ds1000,0,3049.0000
4114,ddxplus#1725,ddxplus,0,3050.0000
4115,ds1000#182,ds1000,0,3051.0000
4116,hotpotqa#1458,hotpotqa,0,3052.0000
4117,hotpotqa#1459,hotpotqa,0,3053.0000
4118,ddxplus#1726,ddxplus,0,3054.0000
4119,ddxplus#1727,ddxplus,0,3055.0000
4120,ds1000#49,ds1000,0,3056.0000
4121,hotpotqa#1460,hotpotqa,0,3057.0000
4122,hotpotqa#1461,hotpotqa,0,3058.0000
4123,ddxplus#1728,ddxplus,0,3059.0000
4124,hotpotqa#1462,hotpotqa,0,3060.0000
4125,hotpotqa#1463,hotpotqa,0,3061.0000
4126,ddxplus#1729,ddxplus,1,3061.0000
4127,ddxplus#1730,ddxplus,0,3062.0000
4128,ds1000#518,ds1000,0,3063.0000
4129,hotpotqa#1464,hotpotqa,0,3064.0000
4130,hotpotqa#1465,hotpotqa,0,3065.0000
4131,ds1000#102,ds1000,0,3066.0000
4132,hotpotqa#1466,hotpotqa,0,3067.0000
4133,hotpotqa#1467,hotpotqa,0,3068.0000
4134,ddxplus#1731,ddxplus,0,3069.0000
4135,hotpotqa#1468,hotpotqa,0,3070.0000
4136,ddxplus#1732,ddxplus,0,3071.0000
4137,ddxplus#1733,ddxplus,0,3072.0000
4138,hotpotqa#1469,hotpotqa,0,3073.0000
4139,ds1000#651,ds1000,0,3074.0000
4140,ddxplus#1734,ddxplus,0,3075.0000
4141,hotpotqa#1470,hotpotqa,0,3076.0000
4142,ds1000#41,ds1000,0,3077.0000
4143,ds1000#553,ds1000,0,3078.0000
4144,ddxplus#1735,ddxplus,0,3079.0000
4145,ddxplus#1736,ddxplus,0,3080.0000
4146,hotpotqa#1471,hotpotqa,0,3081.0000
4147,hotpotqa#1472,hotpotqa,0,3082.0000
4148,hotpotqa#1473,hotpotqa,0,3083.0000
4149,ddxplus#1737,ddxplus,0,3084.0000
4150,ddxplus#1738,ddxplus,0,3085.0000
4151,hotpotqa#1474,hotpotqa,0,3086.0000
4152,hotpotqa#1475,hotpotqa,0,3087.0000
4153,hotpotqa#1476,hotpotqa,0,3088.0000
4154,ddxplus#1739,ddxplus,0,3089.0000
4155,hotpotqa#1477,hotpotqa,0,3090.0000
4156,ds1000#366,ds1000,0,3091.0000
4157,hotpotqa#1478,hotpotqa,0,3092.0000
4158,hotpotqa#1479,hotpotqa,0,3093.0000
4159,hotpotqa#1480,hotpotqa,0,3094.0000
4160,hotpotqa#1481,hotpotqa,0,3095.0000
4161,hotpotqa#1482,hotpotqa,0,3096.0000
4162,ds1000#534,ds1000,0,3097.0000
4163,hotpotqa#1483,hotpotqa,0,3098.0000
4164,hotpotqa#1484,hotpotqa,0,3099.0000
4165,ds1000#275,ds1000,0,3100.0000
4166,ddxplus#1740,ddxplus,0,3101.0000
4167,ddxplus#1741,ddxplus,0,3102.0000
4168,ddxplus#1742,ddxplus,0,3103.0000
4169,ds1000#832,ds1000,0,3104.0000
4170,ddxplus#1743,ddxplus,0,3105.0000
4171,ds1000#303,ds1000,0,3106.0000
4172,hotpotqa#1485,hotpotqa,0,3107.0000
4173,ds1000#113,ds1000,0,3108.0000
4174,ds1000#749,ds1000,0,3109.0000
4175,ddxplus#1744,ddxplus,0,3110.0000
4176,ddxplus#1745,ddxplus,0,3111.0000
4177,hotpotqa#1486,hotpotqa,0,3112.0000
4178,ddxplus#1746,ddxplus,0,3113.0000
4179,ddxplus#1747,ddxplus,0,3114.0000
4180,hotpotqa#1487,hotpotqa,0,3115.0000
4181,ddxplus#1748,ddxplus,0,3116.0000
4182,hotpotqa#1488,hotpotqa,0,3117.0000
4183,ds1000#908,ds1000,0,3118.0000
4184,ddxplus#1749,ddxplus,0,3119.0000
4185,ddxplus#1750,ddxplus,0,3120.0000
4186,ddxplus#1751,ddxplus,0,3121.0000
4187,ds1000#437,ds1000,0,3122.0000
4188,ds1000#491,ds1000,0,3123.0000
4189,ddxplus#1752,ddxplus,0,3124.0000
4190,ds1000#526,ds1000,0,3125.0000
4191,ds1000#141,ds1000,0,3126.0000
4192,ds1000#548,ds1000,0,3127.0000
4193,ddxplus#1753,ddxplus,0,3128.0000
4194,ddxplus#1754,ddxplus,0,3129.0000
4195,ddxplus#1755,ddxplus,0,3130.0000
4196,hotpotqa#1489,hotpotqa,0,3131.0000
4197,hotpotqa#1490,hotpotqa,0,3132.0000
4198,hotpotqa#1491,hotpotqa,0,3133.0000
4199,ddxplus#1756,ddxplus,0,3134.0000
4200,hotpotqa#1492,hotpotqa,0,3135.0000
4201,ddxplus#1757,ddxplus,0,3136.0000
4202,ddxplus#1758,ddxplus,0,3137.0000
4203,ds1000#609,ds1000,0,3138.0000
4204,hotpotqa#1493,hotpotqa,0,3139.0000
4205,ddxplus#1759,ddxplus,0,3140.0000
4206,hotpotqa#1494,hotpotqa,0,3141.0000
4207,ddxplus#1760,ddxplus,0,3142.0000
4208,ds1000#961,ds1000,0,3143.0000
4209,hotpotqa#1495,hotpotqa,0,3144.0000
4210,hotpotqa#1496,hotpotqa,0,3145.0000
4211,hotpotqa#1497,hotpotqa,0,3146.0000
4212,ddxplus#1761,ddxplus,0,3147.0000
4213,ddxplus#1762,ddxplus,0,3148.0000
4214,ds1000#973,ds1000,0,3149.0000
4215,hotpotqa#1498,hotpotqa,0,3150.0000
4216,hotpotqa#1499,hotpotqa,0,3151.0000
4217,ddxplus#1763,ddxplus,0,3152.0000
4218,ds1000#648,ds1000,0,3153.0000
