step,uid,dataset,n_icl,correct,cumulative_regret,mem_size
0,ds1000#978,ds1000,0,0,1.0000,0
1,hotpotqa#0,hotpotqa,0,0,2.0000,0
2,ddxplus#0,ddxplus,0,1,2.0000,1
3,ddxplus#1,ddxplus,0,0,3.0000,1
4,ddxplus#2,ddxplus,0,1,3.0000,2
5,hotpotqa#1,hotpotqa,0,1,3.0000,3
6,ds1000#933,ds1000,0,1,3.0000,4
7,ddxplus#3,ddxplus,0,0,4.0000,4
8,ddxplus#4,ddxplus,0,0,5.0000,4
9,ddxplus#5,ddxplus,0,0,6.0000,4
10,ds1000#859,ds1000,3,0,7.0000,4
11,ds1000#916,ds1000,3,1,7.0000,5
12,ds1000#127,ds1000,3,0,8.0000,5
13,ddxplus#6,ddxplus,3,1,8.0000,6
14,ddxplus#7,ddxplus,3,0,9.0000,6
15,ddxplus#8,ddxplus,3,0,10.0000,6
16,ddxplus#9,ddxplus,3,1,10.0000,7
17,hotpotqa#2,hotpotqa,3,1,10.0000,8
18,ddxplus#10,ddxplus,3,0,11.0000,8
19,ds1000#608,ds1000,3,1,11.0000,9
20,hotpotqa#3,hotpotqa,3,0,12.0000,9
21,ddxplus#11,ddxplus,3,1,12.0000,10
22,ddxplus#12,ddxplus,3,1,12.0000,11
23,ddxplus#13,ddxplus,3,0,13.0000,11
24,hotpotqa#4,hotpotqa,3,0,14.0000,11
25,hotpotqa#5,hotpotqa,3,0,15.0000,11
26,ddxplus#14,ddxplus,3,0,16.0000,11
27,hotpotqa#6,hotpotqa,3,0,17.0000,11
28,ddxplus#15,ddxplus,3,0,18.0000,11
29,hotpotqa#7,hotpotqa,3,1,18.0000,12
30,hotpotqa#8,hotpotqa,3,1,18.0000,14
31,ds1000#856,ds1000,3,0,19.0000,14
32,ds1000#260,ds1000,3,0,20.0000,14
33,hotpotqa#9,hotpotqa,3,1,20.0000,15
34,ddxplus#16,ddxplus,3,0,21.0000,15
35,ds1000#147,ds1000,3,1,21.0000,16
36,ddxplus#17,ddxplus,3,1,21.0000,17
37,ddxplus#18,ddxplus,3,0,22.0000,17
38,ddxplus#19,ddxplus,3,0,23.0000,17
39,hotpotqa#10,hotpotqa,3,0,24.0000,17
40,hotpotqa#11,hotpotqa,3,1,24.0000,18
41,ddxplus#20,ddxplus,3,0,25.0000,18
42,ds1000#810,ds1000,3,0,26.0000,18
43,ddxplus#21,ddxplus,3,1,26.0000,19
44,hotpotqa#12,hotpotqa,3,0,27.0000,19
45,ds1000#635,ds1000,3,0,28.0000,19
46,hotpotqa#13,hotpotqa,3,0,29.0000,19
47,ddxplus#22,ddxplus,3,1,29.0000,20
48,hotpotqa#14,hotpotqa,3,0,30.0000,20
49,ddxplus#23,ddxplus,3,0,31.0000,20
50,ddxplus#24,ddxplus,3,0,32.0000,21
51,ddxplus#25,ddxplus,3,0,33.0000,21
52,hotpotqa#15,hotpotqa,3,1,33.0000,22
53,ddxplus#26,ddxplus,3,0,34.0000,22
54,ds1000#972,ds1000,3,0,35.0000,22
55,ds1000#593,ds1000,3,0,36.0000,22
56,hotpotqa#16,hotpotqa,3,0,37.0000,22
57,ddxplus#27,ddxplus,3,0,38.0000,22
58,hotpotqa#17,hotpotqa,3,0,39.0000,22
59,ddxplus#28,ddxplus,3,1,39.0000,23
50,ddxplus#24,ddxplus,3,0,32.0000,21
51,ddxplus#25,ddxplus,3,0,33.0000,21
52,hotpotqa#15,hotpotqa,3,1,33.0000,22
53,ddxplus#26,ddxplus,3,0,34.0000,22
54,ds1000#972,ds1000,3,0,35.0000,22
55,ds1000#593,ds1000,3,0,36.0000,22
56,hotpotqa#16,hotpotqa,3,0,37.0000,22
57,ddxplus#27,ddxplus,3,0,38.0000,22
58,hotpotqa#17,hotpotqa,3,0,39.0000,22
59,ddxplus#28,ddxplus,3,1,39.0000,23
60,ddxplus#29,ddxplus,3,0,40.0000,23
61,hotpotqa#18,hotpotqa,3,1,40.0000,24
62,hotpotqa#19,hotpotqa,3,1,40.0000,25
63,ds1000#994,ds1000,3,1,40.0000,26
64,hotpotqa#20,hotpotqa,3,1,40.0000,27
65,ddxplus#30,ddxplus,3,0,41.0000,27
66,hotpotqa#21,hotpotqa,3,1,41.0000,28
67,ds1000#285,ds1000,3,0,42.0000,28
68,hotpotqa#22,hotpotqa,3,1,42.0000,29
69,ddxplus#31,ddxplus,3,1,42.0000,30
70,ddxplus#32,ddxplus,3,0,43.0000,32
71,ds1000#554,ds1000,3,0,44.0000,32
72,ds1000#467,ds1000,3,1,44.0000,33
73,ddxplus#33,ddxplus,3,0,45.0000,33
74,ds1000#276,ds1000,3,1,45.0000,34
75,ds1000#55,ds1000,3,0,46.0000,34
76,hotpotqa#23,hotpotqa,3,1,46.0000,35
77,ddxplus#34,ddxplus,3,0,47.0000,35
78,ds1000#61,ds1000,3,0,48.0000,35
79,ds1000#839,ds1000,3,0,49.0000,35
80,hotpotqa#24,hotpotqa,3,0,50.0000,35
81,hotpotqa#25,hotpotqa,3,1,50.0000,36
82,ddxplus#35,ddxplus,3,1,50.0000,37
83,ds1000#425,ds1000,3,0,51.0000,37
84,ds1000#82,ds1000,3,1,51.0000,38
85,ds1000#620,ds1000,3,0,52.0000,38
86,ddxplus#36,ddxplus,3,1,52.0000,39
87,hotpotqa#26,hotpotqa,3,0,53.0000,39
88,ds1000#787,ds1000,3,0,54.0000,39
89,hotpotqa#27,hotpotqa,3,1,54.0000,40
90,hotpotqa#28,hotpotqa,3,1,54.0000,43
91,ddxplus#37,ddxplus,3,1,54.0000,44
92,hotpotqa#29,hotpotqa,3,1,54.0000,45
93,hotpotqa#30,hotpotqa,3,1,54.0000,46
94,hotpotqa#31,hotpotqa,3,1,54.0000,47
95,hotpotqa#32,hotpotqa,3,0,55.0000,47
96,ds1000#2,ds1000,3,1,55.0000,48
97,hotpotqa#33,hotpotqa,3,1,55.0000,49
98,ddxplus#38,ddxplus,3,0,56.0000,49
99,hotpotqa#34,hotpotqa,3,1,56.0000,50
100,ds1000#753,ds1000,3,1,56.0000,52
101,ddxplus#39,ddxplus,3,0,57.0000,52
102,ddxplus#40,ddxplus,3,0,58.0000,52
103,hotpotqa#35,hotpotqa,3,0,59.0000,52
104,hotpotqa#36,hotpotqa,3,1,59.0000,53
105,ddxplus#41,ddxplus,3,0,60.0000,53
106,hotpotqa#37,hotpotqa,3,0,61.0000,53
107,ds1000#7,ds1000,3,0,62.0000,53
108,ddxplus#42,ddxplus,3,1,62.0000,54
109,ds1000#903,ds1000,3,0,63.0000,54
110,ddxplus#43,ddxplus,3,0,64.0000,55
111,hotpotqa#38,hotpotqa,3,1,64.0000,56
112,ddxplus#44,ddxplus,3,1,64.0000,57
113,ddxplus#45,ddxplus,3,0,65.0000,57
114,ddxplus#46,ddxplus,3,1,65.0000,58
115,hotpotqa#39,hotpotqa,3,1,65.0000,59
116,hotpotqa#40,hotpotqa,3,1,65.0000,60
117,hotpotqa#41,hotpotqa,3,0,66.0000,60
118,ddxplus#47,ddxplus,3,1,66.0000,61
119,ddxplus#48,ddxplus,3,0,67.0000,61
120,hotpotqa#42,hotpotqa,3,1,67.0000,64
121,ddxplus#49,ddxplus,3,1,67.0000,65
122,ddxplus#50,ddxplus,3,0,68.0000,65
123,ddxplus#51,ddxplus,3,1,68.0000,66
124,ds1000#626,ds1000,3,0,69.0000,66
125,ds1000#51,ds1000,3,1,69.0000,67
126,hotpotqa#43,hotpotqa,3,1,69.0000,68
127,hotpotqa#44,hotpotqa,3,0,70.0000,68
128,hotpotqa#45,hotpotqa,3,0,71.0000,68
129,ds1000#557,ds1000,3,0,72.0000,68
130,ddxplus#52,ddxplus,3,1,72.0000,69
131,ds1000#310,ds1000,3,1,72.0000,70
132,hotpotqa#46,hotpotqa,3,0,73.0000,70
133,ds1000#100,ds1000,3,1,73.0000,71
134,hotpotqa#47,hotpotqa,3,1,73.0000,72
135,hotpotqa#48,hotpotqa,3,1,73.0000,73
136,ddxplus#53,ddxplus,3,0,74.0000,73
137,ds1000#848,ds1000,3,0,75.0000,73
138,ds1000#921,ds1000,3,0,76.0000,73
139,ddxplus#54,ddxplus,3,0,77.0000,73
140,ds1000#45,ds1000,3,0,78.0000,77
141,hotpotqa#49,hotpotqa,3,1,78.0000,78
142,hotpotqa#50,hotpotqa,3,1,78.0000,79
143,ds1000#976,ds1000,3,1,78.0000,80
144,ds1000#136,ds1000,3,0,79.0000,80
145,hotpotqa#51,hotpotqa,3,1,79.0000,81
146,hotpotqa#52,hotpotqa,3,0,80.0000,81
147,ddxplus#55,ddxplus,3,1,80.0000,82
148,hotpotqa#53,hotpotqa,3,0,81.0000,82
149,hotpotqa#54,hotpotqa,3,1,81.0000,83
150,hotpotqa#55,hotpotqa,3,0,82.0000,83
151,hotpotqa#56,hotpotqa,3,1,82.0000,84
152,ds1000#128,ds1000,3,0,83.0000,84
153,ddxplus#56,ddxplus,3,1,83.0000,85
154,ddxplus#57,ddxplus,3,1,83.0000,86
155,ds1000#605,ds1000,3,0,84.0000,86
156,ddxplus#58,ddxplus,3,0,85.0000,86
157,ds1000#945,ds1000,3,0,86.0000,86
158,ds1000#773,ds1000,3,0,87.0000,86
159,ddxplus#59,ddxplus,3,0,88.0000,86
160,ds1000#941,ds1000,3,0,89.0000,86
161,hotpotqa#57,hotpotqa,3,0,90.0000,86
162,ddxplus#60,ddxplus,3,1,90.0000,87
163,ddxplus#61,ddxplus,3,1,90.0000,88
164,ddxplus#62,ddxplus,3,1,90.0000,89
165,ds1000#613,ds1000,3,1,90.0000,90
166,ds1000#98,ds1000,3,1,90.0000,91
167,hotpotqa#58,hotpotqa,3,0,91.0000,91
168,ddxplus#63,ddxplus,3,0,92.0000,91
169,ddxplus#64,ddxplus,3,0,93.0000,91
170,ds1000#758,ds1000,3,1,93.0000,92
171,ddxplus#65,ddxplus,3,0,94.0000,92
172,hotpotqa#59,hotpotqa,3,1,94.0000,93
173,ddxplus#66,ddxplus,3,1,94.0000,94
174,ddxplus#67,ddxplus,3,0,95.0000,94
175,ds1000#595,ds1000,3,0,96.0000,94
176,hotpotqa#60,hotpotqa,3,1,96.0000,95
177,hotpotqa#61,hotpotqa,3,0,97.0000,95
178,ds1000#470,ds1000,3,0,98.0000,95
179,ddxplus#68,ddxplus,3,1,98.0000,96
180,ddxplus#69,ddxplus,3,0,99.0000,96
181,ddxplus#70,ddxplus,3,0,100.0000,96
182,ddxplus#71,ddxplus,3,1,100.0000,97
183,ddxplus#72,ddxplus,3,0,101.0000,97
184,hotpotqa#62,hotpotqa,3,0,102.0000,97
185,ddxplus#73,ddxplus,3,1,102.0000,98
186,ddxplus#74,ddxplus,3,0,103.0000,98
187,hotpotqa#63,hotpotqa,3,0,104.0000,98
188,hotpotqa#64,hotpotqa,3,0,105.0000,98
189,ds1000#25,ds1000,3,0,106.0000,98
190,hotpotqa#65,hotpotqa,3,1,106.0000,99
191,hotpotqa#66,hotpotqa,3,0,107.0000,99
192,ddxplus#75,ddxplus,3,1,107.0000,100
193,ds1000#514,ds1000,3,0,108.0000,100
194,ddxplus#76,ddxplus,3,0,109.0000,100
195,ds1000#239,ds1000,3,0,110.0000,100
196,ddxplus#77,ddxplus,3,0,111.0000,100
197,hotpotqa#67,hotpotqa,3,0,112.0000,100
198,hotpotqa#68,hotpotqa,3,1,112.0000,101
199,ddxplus#78,ddxplus,3,0,113.0000,101
200,hotpotqa#69,hotpotqa,3,1,113.0000,102
201,hotpotqa#70,hotpotqa,3,0,114.0000,102
202,ds1000#980,ds1000,3,1,114.0000,103
203,ds1000#623,ds1000,3,1,114.0000,104
204,ds1000#252,ds1000,3,1,114.0000,105
205,hotpotqa#71,hotpotqa,3,0,115.0000,105
206,hotpotqa#72,hotpotqa,3,0,116.0000,105
207,ds1000#662,ds1000,3,0,117.0000,105
208,hotpotqa#73,hotpotqa,3,1,117.0000,106
209,ddxplus#79,ddxplus,3,0,118.0000,106
210,ds1000#171,ds1000,3,0,119.0000,107
211,hotpotqa#74,hotpotqa,3,0,120.0000,107
212,ddxplus#80,ddxplus,3,0,121.0000,107
213,hotpotqa#75,hotpotqa,3,1,121.0000,108
214,hotpotqa#76,hotpotqa,3,0,122.0000,108
215,ddxplus#81,ddxplus,3,0,123.0000,108
216,ddxplus#82,ddxplus,3,0,124.0000,108
217,ds1000#408,ds1000,3,0,125.0000,108
218,hotpotqa#77,hotpotqa,3,0,126.0000,108
219,ddxplus#83,ddxplus,3,1,126.0000,109
220,ds1000#993,ds1000,3,0,127.0000,112
221,ds1000#592,ds1000,3,1,127.0000,113
222,ds1000#427,ds1000,3,0,128.0000,113
223,ddxplus#84,ddxplus,3,0,129.0000,113
224,hotpotqa#78,hotpotqa,3,0,130.0000,113
225,hotpotqa#79,hotpotqa,3,0,131.0000,113
226,hotpotqa#80,hotpotqa,3,1,131.0000,114
227,ds1000#457,ds1000,3,1,131.0000,115
228,ds1000#454,ds1000,3,1,131.0000,116
229,ddxplus#85,ddxplus,3,1,131.0000,117
230,hotpotqa#81,hotpotqa,3,0,132.0000,117
231,hotpotqa#82,hotpotqa,3,0,133.0000,117
232,ddxplus#86,ddxplus,3,1,133.0000,118
233,ddxplus#87,ddxplus,3,0,134.0000,118
234,ds1000#151,ds1000,3,0,135.0000,118
235,hotpotqa#83,hotpotqa,3,0,136.0000,118
236,ds1000#756,ds1000,3,0,137.0000,118
237,hotpotqa#84,hotpotqa,3,0,138.0000,118
238,ds1000#250,ds1000,3,0,139.0000,118
239,ds1000#904,ds1000,3,0,140.0000,118
240,ds1000#324,ds1000,3,1,140.0000,120
241,ddxplus#88,ddxplus,3,0,141.0000,120
242,ds1000#439,ds1000,3,0,142.0000,120
243,ddxplus#89,ddxplus,3,0,143.0000,120
244,ddxplus#90,ddxplus,3,0,144.0000,120
245,ds1000#650,ds1000,3,0,145.0000,120
246,hotpotqa#85,hotpotqa,3,0,146.0000,120
247,hotpotqa#86,hotpotqa,3,0,147.0000,120
248,ddxplus#91,ddxplus,3,0,148.0000,120
249,ds1000#238,ds1000,3,0,149.0000,120
250,ds1000#498,ds1000,3,0,150.0000,120
251,ds1000#806,ds1000,3,0,151.0000,120
252,hotpotqa#87,hotpotqa,3,0,152.0000,120
253,hotpotqa#88,hotpotqa,3,0,153.0000,120
254,ds1000#629,ds1000,3,0,154.0000,120
255,ddxplus#92,ddxplus,3,0,155.0000,120
256,ds1000#468,ds1000,3,0,156.0000,120
257,ddxplus#93,ddxplus,3,1,156.0000,121
258,ddxplus#94,ddxplus,3,1,156.0000,122
259,hotpotqa#89,hotpotqa,3,1,156.0000,123
260,ddxplus#95,ddxplus,3,0,157.0000,123
261,ds1000#343,ds1000,3,1,157.0000,124
262,hotpotqa#90,hotpotqa,3,1,157.0000,125
263,ddxplus#96,ddxplus,3,0,158.0000,125
264,ds1000#664,ds1000,3,1,158.0000,126
265,ddxplus#97,ddxplus,3,0,159.0000,126
266,ddxplus#98,ddxplus,3,1,159.0000,127
267,ds1000#652,ds1000,3,1,159.0000,128
268,hotpotqa#91,hotpotqa,3,0,160.0000,128
269,ds1000#346,ds1000,3,0,161.0000,128
270,hotpotqa#92,hotpotqa,3,1,161.0000,129
271,hotpotqa#93,hotpotqa,3,1,161.0000,130
272,ddxplus#99,ddxplus,3,1,161.0000,131
273,ddxplus#100,ddxplus,3,1,161.0000,132
274,ds1000#381,ds1000,3,1,161.0000,133
275,ds1000#493,ds1000,3,1,161.0000,134
276,hotpotqa#94,hotpotqa,3,1,161.0000,135
277,ddxplus#101,ddxplus,3,1,161.0000,136
278,ddxplus#102,ddxplus,3,1,161.0000,137
279,hotpotqa#95,hotpotqa,3,0,162.0000,137
280,hotpotqa#96,hotpotqa,3,1,162.0000,138
281,ddxplus#103,ddxplus,3,1,162.0000,139
282,ds1000#513,ds1000,3,0,163.0000,139
283,ddxplus#104,ddxplus,3,1,163.0000,140
284,ds1000#563,ds1000,3,1,163.0000,141
285,ddxplus#105,ddxplus,3,1,163.0000,142
286,ds1000#857,ds1000,3,1,163.0000,143
287,ds1000#781,ds1000,3,0,164.0000,143
288,ddxplus#106,ddxplus,3,1,164.0000,144
289,ddxplus#107,ddxplus,3,0,165.0000,144
290,ddxplus#108,ddxplus,3,0,166.0000,144
291,hotpotqa#97,hotpotqa,3,1,166.0000,145
292,hotpotqa#98,hotpotqa,3,1,166.0000,146
293,ds1000#135,ds1000,3,0,167.0000,146
294,ds1000#232,ds1000,3,1,167.0000,147
295,ddxplus#109,ddxplus,3,0,168.0000,147
296,hotpotqa#99,hotpotqa,3,1,168.0000,148
297,hotpotqa#100,hotpotqa,3,1,168.0000,149
298,ds1000#931,ds1000,3,1,168.0000,150
299,ddxplus#110,ddxplus,3,1,168.0000,151
300,hotpotqa#101,hotpotqa,3,0,169.0000,151
301,ds1000#426,ds1000,3,1,169.0000,152
302,ddxplus#111,ddxplus,3,0,170.0000,152
303,hotpotqa#102,hotpotqa,3,0,171.0000,152
304,hotpotqa#103,hotpotqa,3,0,172.0000,152
305,hotpotqa#104,hotpotqa,3,1,172.0000,153
306,ds1000#660,ds1000,3,1,172.0000,154
307,ds1000#995,ds1000,3,0,173.0000,154
308,hotpotqa#105,hotpotqa,3,1,173.0000,155
309,ds1000#36,ds1000,3,1,173.0000,156
310,hotpotqa#106,hotpotqa,3,0,174.0000,160
311,ds1000#545,ds1000,3,1,174.0000,161
312,ds1000#116,ds1000,3,0,175.0000,161
313,hotpotqa#107,hotpotqa,3,1,175.0000,162
314,hotpotqa#108,hotpotqa,3,1,175.0000,163
315,ds1000#434,ds1000,3,1,175.0000,164
316,ds1000#390,ds1000,3,0,176.0000,164
317,ddxplus#112,ddxplus,3,0,177.0000,164
318,ds1000#751,ds1000,3,0,178.0000,164
319,ds1000#797,ds1000,3,1,178.0000,165
320,ds1000#180,ds1000,3,1,178.0000,168
321,ddxplus#113,ddxplus,3,0,179.0000,168
322,ds1000#152,ds1000,3,0,180.0000,168
323,ds1000#38,ds1000,3,1,180.0000,169
324,ds1000#946,ds1000,3,0,181.0000,169
325,ds1000#789,ds1000,3,0,182.0000,169
326,hotpotqa#109,hotpotqa,3,1,182.0000,170
327,ddxplus#114,ddxplus,3,1,182.0000,171
328,ddxplus#115,ddxplus,3,0,183.0000,171
329,ddxplus#116,ddxplus,3,1,183.0000,172
330,ddxplus#117,ddxplus,3,1,183.0000,173
331,hotpotqa#110,hotpotqa,3,1,183.0000,174
332,ds1000#558,ds1000,3,0,184.0000,174
333,ddxplus#118,ddxplus,3,0,185.0000,174
334,hotpotqa#111,hotpotqa,3,0,186.0000,174
335,ddxplus#119,ddxplus,3,0,187.0000,174
336,ddxplus#120,ddxplus,3,1,187.0000,175
337,hotpotqa#112,hotpotqa,3,1,187.0000,176
338,ds1000#142,ds1000,3,0,188.0000,176
339,ddxplus#121,ddxplus,3,0,189.0000,176
340,ds1000#166,ds1000,3,1,189.0000,178
341,ds1000#990,ds1000,3,1,189.0000,179
342,ds1000#83,ds1000,3,1,189.0000,180
343,ddxplus#122,ddxplus,3,1,189.0000,181
344,ddxplus#123,ddxplus,3,0,190.0000,181
345,hotpotqa#113,hotpotqa,3,0,191.0000,181
346,hotpotqa#114,hotpotqa,3,0,192.0000,181
347,ddxplus#124,ddxplus,3,1,192.0000,182
348,ddxplus#125,ddxplus,3,1,192.0000,183
349,ddxplus#126,ddxplus,3,0,193.0000,183
350,ddxplus#127,ddxplus,3,1,193.0000,184
351,ddxplus#128,ddxplus,3,0,194.0000,184
352,ds1000#914,ds1000,3,0,195.0000,184
353,ds1000#230,ds1000,3,1,195.0000,185
354,ds1000#885,ds1000,3,0,196.0000,185
355,hotpotqa#115,hotpotqa,3,1,196.0000,186
356,ddxplus#129,ddxplus,3,1,196.0000,187
357,ddxplus#130,ddxplus,3,0,197.0000,187
358,hotpotqa#116,hotpotqa,3,1,197.0000,188
359,ds1000#413,ds1000,3,1,197.0000,189
360,ds1000#125,ds1000,3,1,197.0000,191
361,ds1000#726,ds1000,3,0,198.0000,191
362,ddxplus#131,ddxplus,3,0,199.0000,191
363,ddxplus#132,ddxplus,3,1,199.0000,192
364,hotpotqa#117,hotpotqa,3,0,200.0000,192
365,ddxplus#133,ddxplus,3,1,200.0000,193
366,ddxplus#134,ddxplus,3,1,200.0000,194
367,ddxplus#135,ddxplus,3,1,200.0000,195
368,ddxplus#136,ddxplus,3,0,201.0000,195
369,hotpotqa#118,hotpotqa,3,1,201.0000,196
370,hotpotqa#119,hotpotqa,3,0,202.0000,196
371,ddxplus#137,ddxplus,3,1,202.0000,197
372,ddxplus#138,ddxplus,3,1,202.0000,198
373,hotpotqa#120,hotpotqa,3,1,202.0000,199
374,ds1000#865,ds1000,3,0,203.0000,199
375,ds1000#638,ds1000,3,0,204.0000,199
376,hotpotqa#121,hotpotqa,3,1,204.0000,200
377,hotpotqa#122,hotpotqa,3,0,205.0000,200
378,hotpotqa#123,hotpotqa,3,0,206.0000,200
379,ddxplus#139,ddxplus,3,1,206.0000,201
380,ds1000#96,ds1000,3,0,207.0000,202
381,ds1000#764,ds1000,3,0,208.0000,202
382,ds1000#79,ds1000,3,0,209.0000,202
383,ds1000#579,ds1000,3,1,209.0000,203
384,ddxplus#140,ddxplus,3,1,209.0000,204
385,ds1000#421,ds1000,3,0,210.0000,204
386,ddxplus#141,ddxplus,3,1,210.0000,205
387,hotpotqa#124,hotpotqa,3,1,210.0000,206
388,ds1000#179,ds1000,3,0,211.0000,206
389,hotpotqa#125,hotpotqa,3,0,212.0000,206
390,ds1000#248,ds1000,3,1,212.0000,208
391,ddxplus#142,ddxplus,3,1,212.0000,209
392,hotpotqa#126,hotpotqa,3,0,213.0000,209
393,ddxplus#143,ddxplus,3,1,213.0000,210
394,ddxplus#144,ddxplus,3,1,213.0000,211
395,ddxplus#145,ddxplus,3,0,214.0000,211
396,ds1000#889,ds1000,3,0,215.0000,211
397,ddxplus#146,ddxplus,3,1,215.0000,212
398,ds1000#771,ds1000,3,0,216.0000,212
399,hotpotqa#127,hotpotqa,3,0,217.0000,212
400,ds1000#435,ds1000,3,1,217.0000,215
401,hotpotqa#128,hotpotqa,3,1,217.0000,216
402,hotpotqa#129,hotpotqa,3,0,218.0000,216
403,hotpotqa#130,hotpotqa,3,0,219.0000,216
404,hotpotqa#131,hotpotqa,3,0,220.0000,216
405,ds1000#860,ds1000,3,0,221.0000,216
406,ddxplus#147,ddxplus,3,1,221.0000,217
407,ddxplus#148,ddxplus,3,1,221.0000,218
408,ddxplus#149,ddxplus,3,0,222.0000,218
409,ddxplus#150,ddxplus,3,0,223.0000,218
410,ds1000#582,ds1000,3,1,223.0000,219
411,hotpotqa#132,hotpotqa,3,0,224.0000,219
412,ddxplus#151,ddxplus,3,1,224.0000,220
413,ds1000#302,ds1000,3,1,224.0000,221
414,ds1000#987,ds1000,3,0,225.0000,221
415,ddxplus#152,ddxplus,3,0,226.0000,221
416,hotpotqa#133,hotpotqa,3,1,226.0000,222
417,hotpotqa#134,hotpotqa,3,1,226.0000,223
418,ds1000#131,ds1000,3,0,227.0000,223
419,ddxplus#153,ddxplus,3,0,228.0000,223
420,hotpotqa#135,hotpotqa,3,0,229.0000,225
421,hotpotqa#136,hotpotqa,3,1,229.0000,226
422,ds1000#199,ds1000,3,0,230.0000,226
423,hotpotqa#137,hotpotqa,3,1,230.0000,227
424,ddxplus#154,ddxplus,3,1,230.0000,228
425,ddxplus#155,ddxplus,3,1,230.0000,229
426,ds1000#996,ds1000,3,0,231.0000,229
427,ddxplus#156,ddxplus,3,1,231.0000,230
428,hotpotqa#138,hotpotqa,3,1,231.0000,231
429,ds1000#898,ds1000,3,0,232.0000,231
430,hotpotqa#139,hotpotqa,3,0,233.0000,231
431,ddxplus#157,ddxplus,3,1,233.0000,232
432,ddxplus#158,ddxplus,3,1,233.0000,233
433,hotpotqa#140,hotpotqa,3,1,233.0000,234
434,ds1000#934,ds1000,3,1,233.0000,235
435,hotpotqa#141,hotpotqa,3,1,233.0000,236
436,ddxplus#159,ddxplus,3,1,233.0000,237
437,ddxplus#160,ddxplus,3,1,233.0000,238
438,ddxplus#161,ddxplus,3,1,233.0000,239
439,ddxplus#162,ddxplus,3,1,233.0000,240
440,ds1000#900,ds1000,3,1,233.0000,241
441,ddxplus#163,ddxplus,3,0,234.0000,241
442,ddxplus#164,ddxplus,3,1,234.0000,242
443,ddxplus#165,ddxplus,3,0,235.0000,242
444,ds1000#150,ds1000,3,0,236.0000,242
445,ds1000#143,ds1000,3,1,236.0000,243
446,ds1000#474,ds1000,3,0,237.0000,243
447,ds1000#371,ds1000,3,0,238.0000,243
448,ddxplus#166,ddxplus,3,1,238.0000,244
449,ddxplus#167,ddxplus,3,0,239.0000,244
450,ddxplus#168,ddxplus,3,1,239.0000,245
451,ddxplus#169,ddxplus,3,0,240.0000,245
452,ds1000#551,ds1000,3,0,241.0000,245
453,ds1000#222,ds1000,3,0,242.0000,245
454,ddxplus#170,ddxplus,3,1,242.0000,246
455,ddxplus#171,ddxplus,3,0,243.0000,246
456,ddxplus#172,ddxplus,3,1,243.0000,247
457,ddxplus#173,ddxplus,3,1,243.0000,248
458,hotpotqa#142,hotpotqa,3,1,243.0000,249
459,ds1000#835,ds1000,3,1,243.0000,250
460,hotpotqa#143,hotpotqa,3,0,244.0000,250
461,ds1000#306,ds1000,3,0,245.0000,250
462,hotpotqa#144,hotpotqa,3,0,246.0000,250
463,ddxplus#174,ddxplus,3,1,246.0000,251
464,hotpotqa#145,hotpotqa,3,1,246.0000,252
465,ddxplus#175,ddxplus,3,0,247.0000,252
466,ds1000#750,ds1000,3,0,248.0000,252
467,ds1000#963,ds1000,3,1,248.0000,253
468,ddxplus#176,ddxplus,3,0,249.0000,253
469,ds1000#340,ds1000,3,1,249.0000,254
470,ddxplus#177,ddxplus,3,1,249.0000,255
471,ddxplus#178,ddxplus,3,1,249.0000,256
472,ddxplus#179,ddxplus,3,0,250.0000,256
473,ds1000#767,ds1000,3,0,251.0000,256
474,ds1000#830,ds1000,3,0,252.0000,256
475,hotpotqa#146,hotpotqa,3,1,252.0000,257
476,hotpotqa#147,hotpotqa,3,0,253.0000,257
477,hotpotqa#148,hotpotqa,3,1,253.0000,258
478,hotpotqa#149,hotpotqa,3,0,254.0000,258
479,ddxplus#180,ddxplus,3,0,255.0000,258
480,ds1000#896,ds1000,3,0,256.0000,258
481,ds1000#387,ds1000,3,0,257.0000,258
482,ddxplus#181,ddxplus,3,1,257.0000,259
483,ds1000#66,ds1000,3,0,258.0000,259
484,ds1000#297,ds1000,3,0,259.0000,259
485,ds1000#881,ds1000,3,0,260.0000,259
486,hotpotqa#150,hotpotqa,3,0,261.0000,259
487,ddxplus#182,ddxplus,3,0,262.0000,259
488,ddxplus#183,ddxplus,3,1,262.0000,260
489,ddxplus#184,ddxplus,3,0,263.0000,260
450,ddxplus#168,ddxplus,3,1,239.0000,245
451,ddxplus#169,ddxplus,3,0,240.0000,245
452,ds1000#551,ds1000,3,0,241.0000,245
453,ds1000#222,ds1000,3,0,242.0000,245
454,ddxplus#170,ddxplus,3,1,242.0000,246
455,ddxplus#171,ddxplus,3,0,243.0000,246
456,ddxplus#172,ddxplus,3,1,243.0000,247
457,ddxplus#173,ddxplus,3,1,243.0000,248
458,hotpotqa#142,hotpotqa,3,1,243.0000,249
459,ds1000#835,ds1000,3,1,243.0000,250
460,hotpotqa#143,hotpotqa,3,0,244.0000,250
461,ds1000#306,ds1000,3,0,245.0000,250
462,hotpotqa#144,hotpotqa,3,0,246.0000,250
463,ddxplus#174,ddxplus,3,1,246.0000,251
464,hotpotqa#145,hotpotqa,3,1,246.0000,252
465,ddxplus#175,ddxplus,3,0,247.0000,252
466,ds1000#750,ds1000,3,0,248.0000,252
467,ds1000#963,ds1000,3,1,248.0000,253
468,ddxplus#176,ddxplus,3,0,249.0000,253
469,ds1000#340,ds1000,3,1,249.0000,254
470,ddxplus#177,ddxplus,3,1,249.0000,255
471,ddxplus#178,ddxplus,3,1,249.0000,256
472,ddxplus#179,ddxplus,3,0,250.0000,256
473,ds1000#767,ds1000,3,0,251.0000,256
474,ds1000#830,ds1000,3,0,252.0000,256
475,hotpotqa#146,hotpotqa,3,1,252.0000,257
476,hotpotqa#147,hotpotqa,3,0,253.0000,257
477,hotpotqa#148,hotpotqa,3,1,253.0000,258
478,hotpotqa#149,hotpotqa,3,0,254.0000,258
479,ddxplus#180,ddxplus,3,0,255.0000,258
480,ds1000#896,ds1000,3,0,256.0000,258
481,ds1000#387,ds1000,3,0,257.0000,258
482,ddxplus#181,ddxplus,3,1,257.0000,259
483,ds1000#66,ds1000,3,0,258.0000,259
484,ds1000#297,ds1000,3,0,259.0000,259
485,ds1000#881,ds1000,3,0,260.0000,259
486,hotpotqa#150,hotpotqa,3,0,261.0000,259
487,ddxplus#182,ddxplus,3,0,262.0000,259
488,ddxplus#183,ddxplus,3,1,262.0000,260
489,ddxplus#184,ddxplus,3,0,263.0000,260
490,ds1000#814,ds1000,3,0,264.0000,260
491,hotpotqa#151,hotpotqa,3,1,264.0000,261
492,ds1000#892,ds1000,3,0,265.0000,261
493,ds1000#724,ds1000,3,1,265.0000,262
494,hotpotqa#152,hotpotqa,3,0,266.0000,262
495,ddxplus#185,ddxplus,3,1,266.0000,263
496,ds1000#991,ds1000,3,1,266.0000,264
497,ds1000#193,ds1000,3,0,267.0000,264
498,hotpotqa#153,hotpotqa,3,1,267.0000,265
499,ddxplus#186,ddxplus,3,1,267.0000,266
500,hotpotqa#154,hotpotqa,3,1,267.0000,267
501,ddxplus#187,ddxplus,3,1,267.0000,268
502,ds1000#253,ds1000,3,0,268.0000,268
503,hotpotqa#155,hotpotqa,3,0,269.0000,268
504,hotpotqa#156,hotpotqa,3,0,270.0000,268
505,ds1000#236,ds1000,3,0,271.0000,268
506,ds1000#891,ds1000,3,0,272.0000,268
507,hotpotqa#157,hotpotqa,3,1,272.0000,269
508,ddxplus#188,ddxplus,3,1,272.0000,270
509,hotpotqa#158,hotpotqa,3,1,272.0000,271
510,ddxplus#189,ddxplus,3,1,272.0000,272
511,hotpotqa#159,hotpotqa,3,1,272.0000,273
512,ds1000#746,ds1000,3,0,273.0000,273
513,hotpotqa#160,hotpotqa,3,0,274.0000,273
514,hotpotqa#161,hotpotqa,3,0,275.0000,273
515,ddxplus#190,ddxplus,3,1,275.0000,274
516,ds1000#315,ds1000,3,1,275.0000,275
517,ddxplus#191,ddxplus,3,1,275.0000,276
518,ds1000#129,ds1000,3,0,276.0000,276
519,ds1000#21,ds1000,3,0,277.0000,276
520,ds1000#373,ds1000,3,1,277.0000,277
521,hotpotqa#162,hotpotqa,3,0,278.0000,277
522,ds1000#598,ds1000,3,0,279.0000,277
523,ds1000#853,ds1000,3,1,279.0000,278
524,hotpotqa#163,hotpotqa,3,0,280.0000,278
525,ds1000#130,ds1000,3,0,281.0000,278
526,ds1000#544,ds1000,3,0,282.0000,278
527,ddxplus#192,ddxplus,3,1,282.0000,279
528,ds1000#35,ds1000,3,0,283.0000,279
529,ddxplus#193,ddxplus,3,1,283.0000,280
530,hotpotqa#164,hotpotqa,3,1,283.0000,284
531,ddxplus#194,ddxplus,3,1,283.0000,285
532,ds1000#867,ds1000,3,0,284.0000,285
533,ddxplus#195,ddxplus,3,0,285.0000,285
534,hotpotqa#165,hotpotqa,3,1,285.0000,286
535,hotpotqa#166,hotpotqa,3,0,286.0000,286
536,ddxplus#196,ddxplus,3,1,286.0000,287
537,hotpotqa#167,hotpotqa,3,1,286.0000,288
538,hotpotqa#168,hotpotqa,3,0,287.0000,288
539,ddxplus#197,ddxplus,3,0,288.0000,288
540,hotpotqa#169,hotpotqa,3,1,288.0000,289
541,ds1000#203,ds1000,3,0,289.0000,289
542,ds1000#86,ds1000,3,0,290.0000,289
543,hotpotqa#170,hotpotqa,3,1,290.0000,290
544,ds1000#146,ds1000,3,1,290.0000,291
545,ds1000#433,ds1000,3,1,290.0000,292
546,ddxplus#198,ddxplus,3,0,291.0000,292
547,ddxplus#199,ddxplus,3,1,291.0000,293
548,ddxplus#200,ddxplus,3,1,291.0000,294
549,ds1000#224,ds1000,3,0,292.0000,294
550,hotpotqa#171,hotpotqa,3,1,292.0000,296
551,hotpotqa#172,hotpotqa,3,0,293.0000,296
552,ds1000#218,ds1000,3,1,293.0000,297
553,ddxplus#201,ddxplus,3,0,294.0000,297
554,ds1000#960,ds1000,3,1,294.0000,298
555,ds1000#417,ds1000,3,0,295.0000,298
556,hotpotqa#173,hotpotqa,3,1,295.0000,299
557,ddxplus#202,ddxplus,3,1,295.0000,300
558,hotpotqa#174,hotpotqa,3,1,295.0000,301
559,ds1000#552,ds1000,3,0,296.0000,301
560,ds1000#88,ds1000,3,0,297.0000,302
561,hotpotqa#175,hotpotqa,3,1,297.0000,303
562,ds1000#624,ds1000,3,0,298.0000,303
563,ddxplus#203,ddxplus,3,1,298.0000,304
564,ds1000#445,ds1000,3,0,299.0000,304
565,hotpotqa#176,hotpotqa,3,0,300.0000,304
566,hotpotqa#177,hotpotqa,3,1,300.0000,305
567,ds1000#268,ds1000,3,1,300.0000,306
568,ds1000#6,ds1000,3,0,301.0000,306
569,ddxplus#204,ddxplus,3,1,301.0000,307
570,ddxplus#205,ddxplus,3,1,301.0000,308
571,hotpotqa#178,hotpotqa,3,0,302.0000,308
572,hotpotqa#179,hotpotqa,3,1,302.0000,309
573,ddxplus#206,ddxplus,3,1,302.0000,310
574,ddxplus#207,ddxplus,3,0,303.0000,310
575,hotpotqa#180,hotpotqa,3,1,303.0000,311
576,ds1000#630,ds1000,3,1,303.0000,312
577,ddxplus#208,ddxplus,3,0,304.0000,312
578,hotpotqa#181,hotpotqa,3,0,305.0000,312
579,ddxplus#209,ddxplus,3,0,306.0000,312
580,hotpotqa#182,hotpotqa,3,0,307.0000,312
581,ds1000#805,ds1000,3,1,307.0000,313
582,ddxplus#210,ddxplus,3,1,307.0000,314
583,hotpotqa#183,hotpotqa,3,1,307.0000,315
584,ds1000#197,ds1000,3,0,308.0000,315
585,ddxplus#211,ddxplus,3,1,308.0000,316
586,ddxplus#212,ddxplus,3,1,308.0000,317
587,hotpotqa#184,hotpotqa,3,1,308.0000,318
588,ds1000#950,ds1000,3,0,309.0000,318
589,ddxplus#213,ddxplus,3,0,310.0000,318
590,hotpotqa#185,hotpotqa,3,0,311.0000,319
591,ddxplus#214,ddxplus,3,1,311.0000,320
592,ds1000#11,ds1000,3,1,311.0000,321
593,hotpotqa#186,hotpotqa,3,1,311.0000,322
594,ds1000#911,ds1000,3,0,312.0000,322
595,hotpotqa#187,hotpotqa,3,1,312.0000,323
596,hotpotqa#188,hotpotqa,3,0,313.0000,323
597,ds1000#356,ds1000,3,1,313.0000,324
598,ddxplus#215,ddxplus,3,0,314.0000,324
599,hotpotqa#189,hotpotqa,3,1,314.0000,325
600,hotpotqa#190,hotpotqa,3,1,314.0000,326
601,ds1000#388,ds1000,3,0,315.0000,326
602,ds1000#281,ds1000,3,0,316.0000,326
603,hotpotqa#191,hotpotqa,3,0,317.0000,326
604,ds1000#511,ds1000,3,0,318.0000,326
605,ddxplus#216,ddxplus,3,1,318.0000,327
606,ds1000#120,ds1000,3,1,318.0000,328
607,hotpotqa#192,hotpotqa,3,0,319.0000,328
608,ddxplus#217,ddxplus,3,0,320.0000,328
609,ddxplus#218,ddxplus,3,1,320.0000,329
610,ds1000#115,ds1000,3,0,321.0000,329
611,ds1000#29,ds1000,3,0,322.0000,329
612,hotpotqa#193,hotpotqa,3,1,322.0000,330
613,hotpotqa#194,hotpotqa,3,1,322.0000,331
614,ds1000#367,ds1000,3,0,323.0000,331
615,hotpotqa#195,hotpotqa,3,1,323.0000,332
616,ds1000#307,ds1000,3,1,323.0000,333
617,hotpotqa#196,hotpotqa,3,1,323.0000,334
618,hotpotqa#197,hotpotqa,3,1,323.0000,335
619,hotpotqa#198,hotpotqa,3,1,323.0000,336
620,hotpotqa#199,hotpotqa,3,0,324.0000,336
621,ds1000#206,ds1000,3,0,325.0000,336
622,ds1000#9,ds1000,3,0,326.0000,336
623,ddxplus#219,ddxplus,3,1,326.0000,337
624,ddxplus#220,ddxplus,3,1,326.0000,338
625,ds1000#319,ds1000,3,0,327.0000,338
626,ds1000#185,ds1000,3,1,327.0000,339
627,ds1000#808,ds1000,3,0,328.0000,339
628,ddxplus#221,ddxplus,3,0,329.0000,339
629,ddxplus#222,ddxplus,3,0,330.0000,339
630,hotpotqa#200,hotpotqa,3,0,331.0000,339
631,ddxplus#223,ddxplus,3,1,331.0000,340
632,ddxplus#224,ddxplus,3,1,331.0000,341
633,hotpotqa#201,hotpotqa,3,1,331.0000,342
634,ds1000#91,ds1000,3,1,331.0000,343
635,ds1000#836,ds1000,3,1,331.0000,344
636,ddxplus#225,ddxplus,3,0,332.0000,344
637,hotpotqa#202,hotpotqa,3,1,332.0000,345
638,ds1000#815,ds1000,3,1,332.0000,346
639,ddxplus#226,ddxplus,3,1,332.0000,347
640,ddxplus#227,ddxplus,3,0,333.0000,348
641,ddxplus#228,ddxplus,3,1,333.0000,349
642,ds1000#479,ds1000,3,1,333.0000,350
643,hotpotqa#203,hotpotqa,3,1,333.0000,351
644,ds1000#154,ds1000,3,0,334.0000,351
645,hotpotqa#204,hotpotqa,3,0,335.0000,351
646,ds1000#126,ds1000,3,1,335.0000,352
647,ds1000#909,ds1000,3,0,336.0000,352
648,ddxplus#229,ddxplus,3,0,337.0000,352
649,hotpotqa#205,hotpotqa,3,1,337.0000,353
650,ddxplus#230,ddxplus,3,0,338.0000,353
651,hotpotqa#206,hotpotqa,3,0,339.0000,353
652,ds1000#455,ds1000,3,1,339.0000,354
653,hotpotqa#207,hotpotqa,3,0,340.0000,354
654,ds1000#363,ds1000,3,1,340.0000,355
655,hotpotqa#208,hotpotqa,3,1,340.0000,356
656,ds1000#424,ds1000,3,0,341.0000,356
657,ds1000#278,ds1000,3,1,341.0000,357
658,hotpotqa#209,hotpotqa,3,0,342.0000,357
659,hotpotqa#210,hotpotqa,3,1,342.0000,358
660,ds1000#567,ds1000,3,0,343.0000,359
661,ddxplus#231,ddxplus,3,1,343.0000,360
662,hotpotqa#211,hotpotqa,3,1,343.0000,361
663,ds1000#43,ds1000,3,0,344.0000,361
664,ddxplus#232,ddxplus,3,1,344.0000,362
665,hotpotqa#212,hotpotqa,3,1,344.0000,363
666,ds1000#243,ds1000,3,0,345.0000,363
667,ds1000#321,ds1000,3,1,345.0000,364
668,ds1000#883,ds1000,3,0,346.0000,364
669,ddxplus#233,ddxplus,3,1,346.0000,365
670,ddxplus#234,ddxplus,3,1,346.0000,366
671,ddxplus#235,ddxplus,3,0,347.0000,366
672,hotpotqa#213,hotpotqa,3,1,347.0000,367
673,hotpotqa#214,hotpotqa,3,0,348.0000,367
674,hotpotqa#215,hotpotqa,3,1,348.0000,368
675,ddxplus#236,ddxplus,3,0,349.0000,368
676,ds1000#304,ds1000,3,0,350.0000,368
677,hotpotqa#216,hotpotqa,3,1,350.0000,369
678,hotpotqa#217,hotpotqa,3,1,350.0000,370
679,ddxplus#237,ddxplus,3,1,350.0000,371
680,hotpotqa#218,hotpotqa,3,1,350.0000,373
681,ddxplus#238,ddxplus,3,0,351.0000,373
682,hotpotqa#219,hotpotqa,3,0,352.0000,373
683,ds1000#717,ds1000,3,1,352.0000,374
684,ddxplus#239,ddxplus,3,1,352.0000,375
685,ddxplus#240,ddxplus,3,1,352.0000,376
686,hotpotqa#220,hotpotqa,3,1,352.0000,377
687,ds1000#231,ds1000,3,1,352.0000,378
688,ds1000#550,ds1000,3,0,353.0000,378
689,ddxplus#241,ddxplus,3,0,354.0000,378
690,ds1000#818,ds1000,3,0,355.0000,378
691,ddxplus#242,ddxplus,3,1,355.0000,379
692,ds1000#776,ds1000,3,0,356.0000,379
693,hotpotqa#221,hotpotqa,3,0,357.0000,379
694,hotpotqa#222,hotpotqa,3,1,357.0000,380
695,ds1000#328,ds1000,3,0,358.0000,380
696,ds1000#350,ds1000,3,1,358.0000,381
697,ds1000#849,ds1000,3,0,359.0000,381
698,ddxplus#243,ddxplus,3,0,360.0000,381
699,ddxplus#244,ddxplus,3,0,361.0000,381
700,hotpotqa#223,hotpotqa,3,0,362.0000,381
701,ds1000#201,ds1000,3,0,363.0000,381
702,ddxplus#245,ddxplus,3,0,364.0000,381
703,ddxplus#246,ddxplus,3,1,364.0000,382
704,hotpotqa#224,hotpotqa,3,1,364.0000,383
705,ds1000#368,ds1000,3,1,364.0000,384
706,ddxplus#247,ddxplus,3,1,364.0000,385
707,ddxplus#248,ddxplus,3,0,365.0000,385
708,ds1000#935,ds1000,3,1,365.0000,386
709,ddxplus#249,ddxplus,3,1,365.0000,387
710,hotpotqa#225,hotpotqa,3,1,365.0000,389
711,hotpotqa#226,hotpotqa,3,1,365.0000,390
712,hotpotqa#227,hotpotqa,3,0,366.0000,390
713,hotpotqa#228,hotpotqa,3,0,367.0000,390
714,hotpotqa#229,hotpotqa,3,0,368.0000,390
715,ddxplus#250,ddxplus,3,0,369.0000,390
716,hotpotqa#230,hotpotqa,3,1,369.0000,391
717,ds1000#107,ds1000,3,0,370.0000,391
718,ddxplus#251,ddxplus,3,1,370.0000,392
719,ds1000#273,ds1000,3,1,370.0000,393
720,ddxplus#252,ddxplus,3,1,370.0000,394
721,hotpotqa#231,hotpotqa,3,0,371.0000,394
722,ds1000#331,ds1000,3,1,371.0000,395
723,hotpotqa#232,hotpotqa,3,0,372.0000,395
724,ds1000#409,ds1000,3,1,372.0000,396
725,ddxplus#253,ddxplus,3,0,373.0000,396
726,hotpotqa#233,hotpotqa,3,0,374.0000,396
727,hotpotqa#234,hotpotqa,3,0,375.0000,396
728,hotpotqa#235,hotpotqa,3,1,375.0000,397
729,hotpotqa#236,hotpotqa,3,1,375.0000,398
730,hotpotqa#237,hotpotqa,3,1,375.0000,400
731,hotpotqa#238,hotpotqa,3,1,375.0000,401
732,hotpotqa#239,hotpotqa,3,1,375.0000,402
733,ds1000#631,ds1000,3,0,376.0000,402
734,hotpotqa#240,hotpotqa,3,1,376.0000,403
735,ds1000#245,ds1000,3,0,377.0000,403
736,ddxplus#254,ddxplus,3,0,378.0000,403
737,ds1000#783,ds1000,3,0,379.0000,403
738,ddxplus#255,ddxplus,3,0,380.0000,403
739,ddxplus#256,ddxplus,3,0,381.0000,403
740,hotpotqa#241,hotpotqa,3,0,382.0000,403
741,ddxplus#257,ddxplus,3,1,382.0000,404
742,ddxplus#258,ddxplus,3,1,382.0000,405
743,ds1000#448,ds1000,3,1,382.0000,406
744,hotpotqa#242,hotpotqa,3,1,382.0000,407
745,hotpotqa#243,hotpotqa,3,1,382.0000,408
746,hotpotqa#244,hotpotqa,3,0,383.0000,408
747,hotpotqa#245,hotpotqa,3,0,384.0000,408
748,hotpotqa#246,hotpotqa,3,0,385.0000,408
749,ds1000#888,ds1000,3,1,385.0000,409
750,ds1000#169,ds1000,3,1,385.0000,411
751,ds1000#612,ds1000,3,0,386.0000,411
752,ds1000#30,ds1000,3,1,386.0000,412
753,ddxplus#259,ddxplus,3,1,386.0000,413
754,ddxplus#260,ddxplus,3,1,386.0000,414
755,ds1000#542,ds1000,3,0,387.0000,414
756,hotpotqa#247,hotpotqa,3,0,388.0000,414
757,hotpotqa#248,hotpotqa,3,1,388.0000,415
758,ddxplus#261,ddxplus,3,1,388.0000,416
759,ddxplus#262,ddxplus,3,0,389.0000,416
760,ddxplus#263,ddxplus,3,1,389.0000,417
761,ddxplus#264,ddxplus,3,0,390.0000,417
762,ds1000#646,ds1000,3,0,391.0000,417
763,ddxplus#265,ddxplus,3,0,392.0000,417
764,hotpotqa#249,hotpotqa,3,1,392.0000,418
765,hotpotqa#250,hotpotqa,3,0,393.0000,418
766,ds1000#813,ds1000,3,1,393.0000,419
767,hotpotqa#251,hotpotqa,3,0,394.0000,419
768,ds1000#241,ds1000,3,0,395.0000,419
769,ds1000#395,ds1000,3,0,396.0000,419
770,ddxplus#266,ddxplus,3,1,396.0000,420
771,hotpotqa#252,hotpotqa,3,0,397.0000,420
772,ddxplus#267,ddxplus,3,0,398.0000,420
773,ddxplus#268,ddxplus,3,1,398.0000,421
774,hotpotqa#253,hotpotqa,3,0,399.0000,421
775,ds1000#119,ds1000,3,1,399.0000,422
776,ddxplus#269,ddxplus,3,1,399.0000,423
777,hotpotqa#254,hotpotqa,3,0,400.0000,423
778,ddxplus#270,ddxplus,3,1,400.0000,424
779,ds1000#902,ds1000,3,0,401.0000,424
780,ds1000#360,ds1000,3,0,402.0000,424
781,ds1000#645,ds1000,3,1,402.0000,425
782,ddxplus#271,ddxplus,3,0,403.0000,425
783,ddxplus#272,ddxplus,3,1,403.0000,426
784,hotpotqa#255,hotpotqa,3,1,403.0000,427
785,ds1000#614,ds1000,3,1,403.0000,428
786,ds1000#532,ds1000,3,0,404.0000,428
787,hotpotqa#256,hotpotqa,3,0,405.0000,428
788,ddxplus#273,ddxplus,3,1,405.0000,429
789,hotpotqa#257,hotpotqa,3,1,405.0000,430
790,ds1000#799,ds1000,3,0,406.0000,431
791,ddxplus#274,ddxplus,3,1,406.0000,432
792,hotpotqa#258,hotpotqa,3,0,407.0000,432
793,hotpotqa#259,hotpotqa,3,1,407.0000,433
794,ds1000#712,ds1000,3,0,408.0000,433
795,ddxplus#275,ddxplus,3,1,408.0000,434
796,ddxplus#276,ddxplus,3,0,409.0000,434
797,ds1000#527,ds1000,3,0,410.0000,434
798,hotpotqa#260,hotpotqa,3,1,410.0000,435
799,hotpotqa#261,hotpotqa,3,0,411.0000,435
800,ddxplus#277,ddxplus,3,1,411.0000,436
801,ds1000#657,ds1000,3,1,411.0000,437
802,hotpotqa#262,hotpotqa,3,1,411.0000,438
803,hotpotqa#263,hotpotqa,3,1,411.0000,439
804,ds1000#581,ds1000,3,1,411.0000,440
805,hotpotqa#264,hotpotqa,3,1,411.0000,441
806,hotpotqa#265,hotpotqa,3,1,411.0000,442
807,hotpotqa#266,hotpotqa,3,0,412.0000,442
808,ds1000#429,ds1000,3,1,412.0000,443
809,hotpotqa#267,hotpotqa,3,1,412.0000,444
810,ds1000#562,ds1000,3,0,413.0000,444
811,ddxplus#278,ddxplus,3,1,413.0000,445
812,ddxplus#279,ddxplus,3,1,413.0000,446
813,ds1000#793,ds1000,3,1,413.0000,447
814,ddxplus#280,ddxplus,3,1,413.0000,448
815,hotpotqa#268,hotpotqa,3,1,413.0000,449
816,ddxplus#281,ddxplus,3,0,414.0000,449
817,hotpotqa#269,hotpotqa,3,0,415.0000,449
818,hotpotqa#270,hotpotqa,3,0,416.0000,449
819,ds1000#0,ds1000,3,1,416.0000,450
820,hotpotqa#271,hotpotqa,3,0,417.0000,450
821,ds1000#156,ds1000,3,0,418.0000,450
822,ds1000#28,ds1000,3,0,419.0000,450
823,hotpotqa#272,hotpotqa,3,1,419.0000,451
824,ds1000#768,ds1000,3,0,420.0000,451
825,hotpotqa#273,hotpotqa,3,1,420.0000,452
826,ds1000#762,ds1000,3,1,420.0000,453
827,ds1000#588,ds1000,3,1,420.0000,454
828,hotpotqa#274,hotpotqa,3,1,420.0000,455
829,ds1000#570,ds1000,3,0,421.0000,455
830,ddxplus#282,ddxplus,3,1,421.0000,456
831,ddxplus#283,ddxplus,3,1,421.0000,457
832,hotpotqa#275,hotpotqa,3,1,421.0000,458
833,hotpotqa#276,hotpotqa,3,1,421.0000,459
834,ddxplus#284,ddxplus,3,1,421.0000,460
835,ddxplus#285,ddxplus,3,0,422.0000,460
836,ds1000#501,ds1000,3,1,422.0000,461
837,ddxplus#286,ddxplus,3,1,422.0000,462
838,ds1000#944,ds1000,3,1,422.0000,463
839,ddxplus#287,ddxplus,3,1,422.0000,464
840,ddxplus#288,ddxplus,3,0,423.0000,465
841,hotpotqa#277,hotpotqa,3,0,424.0000,465
842,ds1000#584,ds1000,3,0,425.0000,465
843,hotpotqa#278,hotpotqa,3,0,426.0000,465
844,ds1000#274,ds1000,3,1,426.0000,466
845,hotpotqa#279,hotpotqa,3,0,427.0000,466
846,ddxplus#289,ddxplus,3,1,427.0000,467
847,ddxplus#290,ddxplus,3,0,428.0000,467
848,ds1000#887,ds1000,3,0,429.0000,467
849,ddxplus#291,ddxplus,3,1,429.0000,468
850,ds1000#101,ds1000,3,1,429.0000,469
851,hotpotqa#280,hotpotqa,3,1,429.0000,470
852,ddxplus#292,ddxplus,3,1,429.0000,471
853,hotpotqa#281,hotpotqa,3,1,429.0000,472
854,ds1000#71,ds1000,3,1,429.0000,473
855,ds1000#464,ds1000,3,1,429.0000,474
856,hotpotqa#282,hotpotqa,3,0,430.0000,474
857,ddxplus#293,ddxplus,3,1,430.0000,475
858,hotpotqa#283,hotpotqa,3,0,431.0000,475
859,hotpotqa#284,hotpotqa,3,1,431.0000,476
860,ds1000#77,ds1000,3,0,432.0000,476
861,hotpotqa#285,hotpotqa,3,0,433.0000,476
862,hotpotqa#286,hotpotqa,3,0,434.0000,476
863,ds1000#940,ds1000,3,1,434.0000,477
864,hotpotqa#287,hotpotqa,3,1,434.0000,478
865,ds1000#937,ds1000,3,0,435.0000,478
866,hotpotqa#288,hotpotqa,3,0,436.0000,478
867,ddxplus#294,ddxplus,3,1,436.0000,479
868,ds1000#512,ds1000,3,0,437.0000,479
869,ddxplus#295,ddxplus,3,1,437.0000,480
870,hotpotqa#289,hotpotqa,3,0,438.0000,480
871,hotpotqa#290,hotpotqa,3,0,439.0000,480
872,hotpotqa#291,hotpotqa,3,0,440.0000,480
873,hotpotqa#292,hotpotqa,3,1,440.0000,481
874,ds1000#352,ds1000,3,1,440.0000,482
875,ddxplus#296,ddxplus,3,1,440.0000,483
876,ds1000#92,ds1000,3,0,441.0000,483
877,hotpotqa#293,hotpotqa,3,1,441.0000,484
878,ddxplus#297,ddxplus,3,1,441.0000,485
879,ds1000#394,ds1000,3,0,442.0000,485
880,ds1000#259,ds1000,3,1,442.0000,488
881,ds1000#868,ds1000,3,1,442.0000,489
882,ds1000#798,ds1000,3,1,442.0000,490
883,ds1000#164,ds1000,3,0,443.0000,490
884,ddxplus#298,ddxplus,3,0,444.0000,490
885,hotpotqa#294,hotpotqa,3,1,444.0000,491
886,ds1000#244,ds1000,3,0,445.0000,491
887,ddxplus#299,ddxplus,3,1,445.0000,492
888,hotpotqa#295,hotpotqa,3,1,445.0000,493
889,hotpotqa#296,hotpotqa,3,1,445.0000,494
890,ds1000#829,ds1000,3,1,445.0000,496
891,hotpotqa#297,hotpotqa,3,0,446.0000,496
892,ds1000#796,ds1000,3,0,447.0000,496
893,ds1000#444,ds1000,3,0,448.0000,496
894,ds1000#354,ds1000,3,0,449.0000,496
895,ds1000#775,ds1000,3,0,450.0000,496
896,hotpotqa#298,hotpotqa,3,0,451.0000,496
897,ds1000#330,ds1000,3,1,451.0000,497
898,ds1000#382,ds1000,3,1,451.0000,498
899,hotpotqa#299,hotpotqa,3,0,452.0000,498
900,hotpotqa#300,hotpotqa,3,0,453.0000,498
901,ddxplus#300,ddxplus,3,1,453.0000,499
902,ddxplus#301,ddxplus,3,1,453.0000,500
903,hotpotqa#301,hotpotqa,3,0,454.0000,500
904,ds1000#62,ds1000,3,1,454.0000,501
905,hotpotqa#302,hotpotqa,3,0,455.0000,501
906,ddxplus#302,ddxplus,3,1,455.0000,502
907,ddxplus#303,ddxplus,3,1,455.0000,503
908,ds1000#878,ds1000,3,1,455.0000,504
909,ddxplus#304,ddxplus,3,1,455.0000,505
910,ds1000#842,ds1000,3,0,456.0000,507
911,hotpotqa#303,hotpotqa,3,0,457.0000,507
912,ddxplus#305,ddxplus,3,0,458.0000,507
913,ddxplus#306,ddxplus,3,1,458.0000,508
914,ds1000#344,ds1000,3,1,458.0000,509
915,ds1000#745,ds1000,3,0,459.0000,509
916,ds1000#336,ds1000,3,1,459.0000,510
917,ddxplus#307,ddxplus,3,1,459.0000,511
918,hotpotqa#304,hotpotqa,3,1,459.0000,512
919,hotpotqa#305,hotpotqa,3,1,459.0000,513
920,hotpotqa#306,hotpotqa,3,0,460.0000,513
921,ddxplus#308,ddxplus,3,1,460.0000,514
922,ddxplus#309,ddxplus,3,0,461.0000,514
923,ddxplus#310,ddxplus,3,1,461.0000,515
924,hotpotqa#307,hotpotqa,3,0,462.0000,515
925,hotpotqa#308,hotpotqa,3,1,462.0000,516
926,ds1000#44,ds1000,3,0,463.0000,516
927,ddxplus#311,ddxplus,3,1,463.0000,517
928,ddxplus#312,ddxplus,3,1,463.0000,518
929,ddxplus#313,ddxplus,3,0,464.0000,518
930,hotpotqa#309,hotpotqa,3,0,465.0000,518
931,hotpotqa#310,hotpotqa,3,0,466.0000,518
932,ddxplus#314,ddxplus,3,1,466.0000,519
933,ddxplus#315,ddxplus,3,1,466.0000,520
934,ddxplus#316,ddxplus,3,1,466.0000,521
935,ddxplus#317,ddxplus,3,1,466.0000,522
936,ddxplus#318,ddxplus,3,0,467.0000,522
937,hotpotqa#311,hotpotqa,3,0,468.0000,522
938,ddxplus#319,ddxplus,3,1,468.0000,523
939,hotpotqa#312,hotpotqa,3,1,468.0000,524
940,ddxplus#320,ddxplus,3,1,468.0000,525
941,ds1000#163,ds1000,3,0,469.0000,525
942,hotpotqa#313,hotpotqa,3,0,470.0000,525
943,ddxplus#321,ddxplus,3,1,470.0000,526
944,ddxplus#322,ddxplus,3,1,470.0000,527
945,ds1000#890,ds1000,3,1,470.0000,528
946,ds1000#936,ds1000,3,0,471.0000,528
947,hotpotqa#314,hotpotqa,3,0,472.0000,528
948,hotpotqa#315,hotpotqa,3,0,473.0000,528
949,hotpotqa#316,hotpotqa,3,1,473.0000,529
950,hotpotqa#317,hotpotqa,3,0,474.0000,529
951,ddxplus#323,ddxplus,3,1,474.0000,530
952,hotpotqa#318,hotpotqa,3,1,474.0000,531
953,ddxplus#324,ddxplus,3,0,475.0000,531
954,hotpotqa#319,hotpotqa,3,1,475.0000,532
955,hotpotqa#320,hotpotqa,3,0,476.0000,532
956,ds1000#153,ds1000,3,1,476.0000,533
957,ddxplus#325,ddxplus,3,1,476.0000,534
958,ddxplus#326,ddxplus,3,1,476.0000,535
959,hotpotqa#321,hotpotqa,3,1,476.0000,536
960,ds1000#219,ds1000,3,1,476.0000,537
961,ds1000#213,ds1000,3,1,476.0000,538
962,hotpotqa#322,hotpotqa,3,1,476.0000,539
963,hotpotqa#323,hotpotqa,3,1,476.0000,540
964,ddxplus#327,ddxplus,3,1,476.0000,541
965,ddxplus#328,ddxplus,3,1,476.0000,542
966,ddxplus#329,ddxplus,3,1,476.0000,543
967,ddxplus#330,ddxplus,3,0,477.0000,543
968,ddxplus#331,ddxplus,3,1,477.0000,544
969,hotpotqa#324,hotpotqa,3,0,478.0000,544
970,ds1000#591,ds1000,3,1,478.0000,545
971,ddxplus#332,ddxplus,3,1,478.0000,546
972,hotpotqa#325,hotpotqa,3,0,479.0000,546
973,ddxplus#333,ddxplus,3,1,479.0000,547
974,ddxplus#334,ddxplus,3,1,479.0000,548
975,hotpotqa#326,hotpotqa,3,0,480.0000,548
976,ddxplus#335,ddxplus,3,0,481.0000,548
977,ddxplus#336,ddxplus,3,0,482.0000,548
978,hotpotqa#327,hotpotqa,3,0,483.0000,548
979,ddxplus#337,ddxplus,3,0,484.0000,548
980,hotpotqa#328,hotpotqa,3,0,485.0000,548
981,hotpotqa#329,hotpotqa,3,1,485.0000,549
982,ddxplus#338,ddxplus,3,0,486.0000,549
983,hotpotqa#330,hotpotqa,3,1,486.0000,550
984,hotpotqa#331,hotpotqa,3,1,486.0000,551
985,ddxplus#339,ddxplus,3,1,486.0000,552
986,hotpotqa#332,hotpotqa,3,1,486.0000,553
987,ddxplus#340,ddxplus,3,1,486.0000,554
988,ddxplus#341,ddxplus,3,1,486.0000,555
989,ddxplus#342,ddxplus,3,1,486.0000,556
990,ds1000#12,ds1000,3,1,486.0000,558
991,hotpotqa#333,hotpotqa,3,0,487.0000,558
992,ddxplus#343,ddxplus,3,1,487.0000,559
993,hotpotqa#334,hotpotqa,3,0,488.0000,559
994,hotpotqa#335,hotpotqa,3,1,488.0000,560
995,hotpotqa#336,hotpotqa,3,0,489.0000,560
996,hotpotqa#337,hotpotqa,3,0,490.0000,560
997,ddxplus#344,ddxplus,3,1,490.0000,561
998,ddxplus#345,ddxplus,3,1,490.0000,562
999,ddxplus#346,ddxplus,3,1,490.0000,563
1000,hotpotqa#338,hotpotqa,3,0,491.0000,563
1001,ds1000#56,ds1000,3,0,492.0000,563
1002,ds1000#133,ds1000,3,0,493.0000,563
1003,ddxplus#347,ddxplus,3,1,493.0000,564
1004,ddxplus#348,ddxplus,3,0,494.0000,564
1005,ddxplus#349,ddxplus,3,1,494.0000,565
1006,hotpotqa#339,hotpotqa,3,1,494.0000,566
1007,hotpotqa#340,hotpotqa,3,1,494.0000,567
1008,ds1000#572,ds1000,3,1,494.0000,568
1009,ddxplus#350,ddxplus,3,1,494.0000,569
1010,hotpotqa#341,hotpotqa,3,1,494.0000,571
1011,ddxplus#351,ddxplus,3,1,494.0000,572
1012,hotpotqa#342,hotpotqa,3,0,495.0000,572
1013,ds1000#305,ds1000,3,1,495.0000,573
1014,ds1000#955,ds1000,3,1,495.0000,574
1015,hotpotqa#343,hotpotqa,3,1,495.0000,575
1016,ds1000#785,ds1000,3,1,495.0000,576
1017,ddxplus#352,ddxplus,3,1,495.0000,577
1018,ds1000#334,ds1000,3,1,495.0000,578
1019,ddxplus#353,ddxplus,3,1,495.0000,579
1020,ddxplus#354,ddxplus,3,0,496.0000,580
1021,hotpotqa#344,hotpotqa,3,1,496.0000,581
1022,ds1000#288,ds1000,3,0,497.0000,581
1023,ddxplus#355,ddxplus,3,0,498.0000,581
1024,ddxplus#356,ddxplus,3,0,499.0000,581
1025,ddxplus#357,ddxplus,3,1,499.0000,582
1026,ddxplus#358,ddxplus,3,1,499.0000,583
1027,hotpotqa#345,hotpotqa,3,1,499.0000,584
1028,hotpotqa#346,hotpotqa,3,0,500.0000,584
1029,ddxplus#359,ddxplus,3,1,500.0000,585
1030,ddxplus#360,ddxplus,3,0,501.0000,585
1031,ddxplus#361,ddxplus,3,0,502.0000,585
1032,ddxplus#362,ddxplus,3,1,502.0000,586
1033,ds1000#326,ds1000,3,1,502.0000,587
1034,ddxplus#363,ddxplus,3,1,502.0000,588
1035,ds1000#225,ds1000,3,0,503.0000,588
1036,ddxplus#364,ddxplus,3,1,503.0000,589
1037,hotpotqa#347,hotpotqa,3,1,503.0000,590
1038,ds1000#576,ds1000,3,1,503.0000,591
1039,ddxplus#365,ddxplus,3,1,503.0000,592
1040,ds1000#380,ds1000,3,0,504.0000,592
1041,ds1000#998,ds1000,3,0,505.0000,592
1042,ddxplus#366,ddxplus,3,0,506.0000,592
1043,hotpotqa#348,hotpotqa,3,0,507.0000,592
1044,ddxplus#367,ddxplus,3,1,507.0000,593
1045,ddxplus#368,ddxplus,3,0,508.0000,593
1046,ds1000#803,ds1000,3,1,508.0000,594
1047,hotpotqa#349,hotpotqa,3,1,508.0000,595
1048,ddxplus#369,ddxplus,3,1,508.0000,596
1049,ds1000#420,ds1000,3,0,509.0000,596
1050,ddxplus#370,ddxplus,3,1,509.0000,597
1051,ddxplus#371,ddxplus,3,0,510.0000,597
1052,ddxplus#372,ddxplus,3,1,510.0000,598
1053,ddxplus#373,ddxplus,3,1,510.0000,599
1054,hotpotqa#350,hotpotqa,3,1,510.0000,600
1055,ds1000#299,ds1000,3,1,510.0000,601
1056,ddxplus#374,ddxplus,3,1,510.0000,602
1057,ddxplus#375,ddxplus,3,1,510.0000,603
1058,ds1000#447,ds1000,3,0,511.0000,603
1059,ddxplus#376,ddxplus,3,1,511.0000,604
1060,ds1000#875,ds1000,3,1,511.0000,605
1061,ddxplus#377,ddxplus,3,0,512.0000,605
1062,ddxplus#378,ddxplus,3,1,512.0000,606
1063,ddxplus#379,ddxplus,3,1,512.0000,607
1064,hotpotqa#351,hotpotqa,3,0,513.0000,607
1065,ds1000#788,ds1000,3,1,513.0000,608
1066,hotpotqa#352,hotpotqa,3,1,513.0000,609
1067,hotpotqa#353,hotpotqa,3,1,513.0000,610
1068,hotpotqa#354,hotpotqa,3,1,513.0000,611
1069,hotpotqa#355,hotpotqa,3,1,513.0000,612
1070,hotpotqa#356,hotpotqa,3,1,513.0000,613
1071,hotpotqa#357,hotpotqa,3,1,513.0000,614
1072,hotpotqa#358,hotpotqa,3,1,513.0000,615
1073,hotpotqa#359,hotpotqa,3,1,513.0000,616
1074,hotpotqa#360,hotpotqa,3,0,514.0000,616
1075,ddxplus#380,ddxplus,3,1,514.0000,617
1076,ds1000#872,ds1000,3,0,515.0000,617
1077,ddxplus#381,ddxplus,3,1,515.0000,618
1078,ddxplus#382,ddxplus,3,0,516.0000,618
1079,hotpotqa#361,hotpotqa,3,1,516.0000,619
1080,ddxplus#383,ddxplus,3,1,516.0000,620
1081,hotpotqa#362,hotpotqa,3,0,517.0000,620
1082,ddxplus#384,ddxplus,3,1,517.0000,621
1083,ddxplus#385,ddxplus,3,1,517.0000,622
1084,hotpotqa#363,hotpotqa,3,0,518.0000,622
1085,hotpotqa#364,hotpotqa,3,1,518.0000,623
1086,hotpotqa#365,hotpotqa,3,1,518.0000,624
1087,hotpotqa#366,hotpotqa,3,1,518.0000,625
1088,ds1000#402,ds1000,3,0,519.0000,625
1089,ddxplus#386,ddxplus,3,0,520.0000,625
1090,hotpotqa#367,hotpotqa,3,0,521.0000,625
1091,ddxplus#387,ddxplus,3,1,521.0000,626
1092,ddxplus#388,ddxplus,3,1,521.0000,627
1093,ddxplus#389,ddxplus,3,0,522.0000,627
1094,hotpotqa#368,hotpotqa,3,0,523.0000,627
1095,ds1000#536,ds1000,3,1,523.0000,628
1096,ddxplus#390,ddxplus,3,1,523.0000,629
1097,hotpotqa#369,hotpotqa,3,0,524.0000,629
1098,ddxplus#391,ddxplus,3,1,524.0000,630
1099,ddxplus#392,ddxplus,3,0,525.0000,630
1100,ddxplus#393,ddxplus,3,1,525.0000,631
1101,hotpotqa#370,hotpotqa,3,1,525.0000,632
1102,hotpotqa#371,hotpotqa,3,0,526.0000,632
1103,hotpotqa#372,hotpotqa,3,1,526.0000,633
1104,ddxplus#394,ddxplus,3,1,526.0000,634
1105,ddxplus#395,ddxplus,3,1,526.0000,635
1106,ds1000#761,ds1000,3,0,527.0000,635
1107,hotpotqa#373,hotpotqa,3,0,528.0000,635
1108,hotpotqa#374,hotpotqa,3,1,528.0000,636
1109,ds1000#312,ds1000,3,1,528.0000,637
1110,ddxplus#396,ddxplus,3,1,528.0000,638
1111,ddxplus#397,ddxplus,3,0,529.0000,638
1112,ds1000#204,ds1000,3,0,530.0000,638
1113,ds1000#217,ds1000,3,1,530.0000,639
1114,ddxplus#398,ddxplus,3,1,530.0000,640
1115,hotpotqa#375,hotpotqa,3,0,531.0000,640
1116,ddxplus#399,ddxplus,3,1,531.0000,641
1117,ddxplus#400,ddxplus,3,0,532.0000,641
1118,ddxplus#401,ddxplus,3,0,533.0000,641
1119,ddxplus#402,ddxplus,3,1,533.0000,642
1120,ddxplus#403,ddxplus,3,1,533.0000,643
1121,ds1000#48,ds1000,3,0,534.0000,643
1122,ds1000#496,ds1000,3,1,534.0000,644
1123,hotpotqa#376,hotpotqa,3,0,535.0000,644
1124,ddxplus#404,ddxplus,3,1,535.0000,645
1125,ds1000#14,ds1000,3,1,535.0000,646
1126,ddxplus#405,ddxplus,3,1,535.0000,647
1127,hotpotqa#377,hotpotqa,3,0,536.0000,647
1128,ddxplus#406,ddxplus,3,1,536.0000,648
1129,ds1000#833,ds1000,3,1,536.0000,649
1130,ddxplus#407,ddxplus,3,0,537.0000,649
1131,ds1000#616,ds1000,3,0,538.0000,649
1132,hotpotqa#378,hotpotqa,3,1,538.0000,650
1133,ddxplus#408,ddxplus,3,1,538.0000,651
1134,hotpotqa#379,hotpotqa,3,1,538.0000,652
1135,ds1000#659,ds1000,3,1,538.0000,653
1136,ddxplus#409,ddxplus,3,1,538.0000,654
1137,ddxplus#410,ddxplus,3,0,539.0000,654
1138,ddxplus#411,ddxplus,3,0,540.0000,654
1139,hotpotqa#380,hotpotqa,3,1,540.0000,655
1140,ddxplus#412,ddxplus,3,1,540.0000,657
1141,ddxplus#413,ddxplus,3,1,540.0000,658
1142,ddxplus#414,ddxplus,3,0,541.0000,658
1143,ddxplus#415,ddxplus,3,1,541.0000,659
1144,hotpotqa#381,hotpotqa,3,1,541.0000,660
1145,ddxplus#416,ddxplus,3,0,542.0000,660
1146,ddxplus#417,ddxplus,3,1,542.0000,661
1147,ddxplus#418,ddxplus,3,1,542.0000,662
1148,hotpotqa#382,hotpotqa,3,1,542.0000,663
1149,hotpotqa#383,hotpotqa,3,0,543.0000,663
1150,ddxplus#419,ddxplus,3,1,543.0000,665
1151,ds1000#379,ds1000,3,0,544.0000,665
1152,ddxplus#420,ddxplus,3,1,544.0000,666
1153,hotpotqa#384,hotpotqa,3,1,544.0000,667
1154,ds1000#176,ds1000,3,1,544.0000,668
1155,hotpotqa#385,hotpotqa,3,0,545.0000,668
1156,hotpotqa#386,hotpotqa,3,0,546.0000,668
1157,ds1000#539,ds1000,3,0,547.0000,668
1158,ddxplus#421,ddxplus,3,0,548.0000,668
1159,ds1000#173,ds1000,3,0,549.0000,668
1160,ds1000#556,ds1000,3,0,550.0000,668
1161,ds1000#546,ds1000,3,0,551.0000,668
1162,ds1000#983,ds1000,3,0,552.0000,668
1163,ddxplus#422,ddxplus,3,0,553.0000,668
1164,hotpotqa#387,hotpotqa,3,0,554.0000,668
1165,hotpotqa#388,hotpotqa,3,1,554.0000,669
1166,hotpotqa#389,hotpotqa,3,1,554.0000,670
1167,ddxplus#423,ddxplus,3,1,554.0000,671
1168,ddxplus#424,ddxplus,3,1,554.0000,672
1169,ddxplus#425,ddxplus,3,0,555.0000,672
1170,hotpotqa#390,hotpotqa,3,0,556.0000,673
1171,hotpotqa#391,hotpotqa,3,0,557.0000,673
1172,ds1000#159,ds1000,3,0,558.0000,673
1173,hotpotqa#392,hotpotqa,3,0,559.0000,673
1174,ddxplus#426,ddxplus,3,1,559.0000,674
1175,ddxplus#427,ddxplus,3,1,559.0000,675
1176,ddxplus#428,ddxplus,3,1,559.0000,676
1177,hotpotqa#393,hotpotqa,3,1,559.0000,677
1178,ds1000#50,ds1000,3,1,559.0000,678
1179,hotpotqa#394,hotpotqa,3,1,559.0000,679
1180,ddxplus#429,ddxplus,3,0,560.0000,680
1181,hotpotqa#395,hotpotqa,3,0,561.0000,680
1182,hotpotqa#396,hotpotqa,3,0,562.0000,680
1183,hotpotqa#397,hotpotqa,3,1,562.0000,681
1184,hotpotqa#398,hotpotqa,3,0,563.0000,681
1185,ds1000#8,ds1000,3,0,564.0000,681
1186,ddxplus#430,ddxplus,3,1,564.0000,682
1187,ddxplus#431,ddxplus,3,1,564.0000,683
1188,hotpotqa#399,hotpotqa,3,0,565.0000,683
1189,ddxplus#432,ddxplus,3,0,566.0000,683
1190,ddxplus#433,ddxplus,3,1,566.0000,684
1191,hotpotqa#400,hotpotqa,3,1,566.0000,685
1192,ddxplus#434,ddxplus,3,1,566.0000,686
1193,hotpotqa#401,hotpotqa,3,0,567.0000,686
1194,ddxplus#435,ddxplus,3,0,568.0000,686
1195,hotpotqa#402,hotpotqa,3,1,568.0000,687
1196,ddxplus#436,ddxplus,3,1,568.0000,688
1197,ddxplus#437,ddxplus,3,1,568.0000,689
1198,ddxplus#438,ddxplus,3,0,569.0000,689
1199,hotpotqa#403,hotpotqa,3,0,570.0000,689
1200,ddxplus#439,ddxplus,3,0,571.0000,690
1201,hotpotqa#404,hotpotqa,3,1,571.0000,691
1202,ds1000#541,ds1000,3,1,571.0000,692
1203,hotpotqa#405,hotpotqa,3,1,571.0000,693
1204,ddxplus#440,ddxplus,3,1,571.0000,694
1205,hotpotqa#406,hotpotqa,3,0,572.0000,694
1206,ds1000#298,ds1000,3,0,573.0000,694
1207,ds1000#365,ds1000,3,1,573.0000,695
1208,ds1000#198,ds1000,3,0,574.0000,695
1209,ddxplus#441,ddxplus,3,1,574.0000,696
1210,ddxplus#442,ddxplus,3,0,575.0000,696
1211,ddxplus#443,ddxplus,3,1,575.0000,697
1212,ddxplus#444,ddxplus,3,0,576.0000,697
1213,hotpotqa#407,hotpotqa,3,1,576.0000,698
1214,ds1000#60,ds1000,3,0,577.0000,698
1215,ds1000#361,ds1000,3,1,577.0000,699
1216,hotpotqa#408,hotpotqa,3,0,578.0000,699
1217,hotpotqa#409,hotpotqa,3,1,578.0000,700
1218,ds1000#289,ds1000,3,1,578.0000,701
1219,ddxplus#445,ddxplus,3,1,578.0000,702
1220,ddxplus#446,ddxplus,3,1,578.0000,703
1221,ddxplus#447,ddxplus,3,1,578.0000,704
1222,ds1000#975,ds1000,3,1,578.0000,705
1223,ds1000#905,ds1000,3,0,579.0000,705
1224,ddxplus#448,ddxplus,3,1,579.0000,706
1225,ddxplus#449,ddxplus,3,1,579.0000,707
1226,ddxplus#450,ddxplus,3,1,579.0000,708
1227,ddxplus#451,ddxplus,3,0,580.0000,708
1228,hotpotqa#410,hotpotqa,3,1,580.0000,709
1229,hotpotqa#411,hotpotqa,3,0,581.0000,709
1230,ddxplus#452,ddxplus,3,1,581.0000,710
1231,ds1000#817,ds1000,3,0,582.0000,710
1232,ddxplus#453,ddxplus,3,1,582.0000,711
1233,ds1000#748,ds1000,3,0,583.0000,711
1234,ds1000#565,ds1000,3,0,584.0000,711
1235,ddxplus#454,ddxplus,3,1,584.0000,712
1236,hotpotqa#412,hotpotqa,3,1,584.0000,713
1237,hotpotqa#413,hotpotqa,3,0,585.0000,713
1238,hotpotqa#414,hotpotqa,3,0,586.0000,713
1239,ddxplus#455,ddxplus,3,1,586.0000,714
1240,hotpotqa#415,hotpotqa,3,1,586.0000,715
1241,ddxplus#456,ddxplus,3,1,586.0000,716
1242,hotpotqa#416,hotpotqa,3,0,587.0000,716
1243,ddxplus#457,ddxplus,3,0,588.0000,716
1244,ds1000#734,ds1000,3,1,588.0000,717
1245,ddxplus#458,ddxplus,3,1,588.0000,718
1246,hotpotqa#417,hotpotqa,3,1,588.0000,719
1247,ddxplus#459,ddxplus,3,1,588.0000,720
1248,ddxplus#460,ddxplus,3,1,588.0000,721
1249,hotpotqa#418,hotpotqa,3,0,589.0000,721
1250,ddxplus#461,ddxplus,3,1,589.0000,722
1251,hotpotqa#419,hotpotqa,3,1,589.0000,723
1252,hotpotqa#420,hotpotqa,3,0,590.0000,723
1253,ds1000#237,ds1000,3,0,591.0000,723
1254,ddxplus#462,ddxplus,3,1,591.0000,724
1255,ds1000#774,ds1000,3,0,592.0000,724
1256,hotpotqa#421,hotpotqa,3,1,592.0000,725
1257,hotpotqa#422,hotpotqa,3,1,592.0000,726
1258,ddxplus#463,ddxplus,3,0,593.0000,726
1259,ddxplus#464,ddxplus,3,1,593.0000,727
1260,hotpotqa#423,hotpotqa,3,0,594.0000,727
1261,hotpotqa#424,hotpotqa,3,0,595.0000,727
1262,ds1000#894,ds1000,3,1,595.0000,728
1263,hotpotqa#425,hotpotqa,3,0,596.0000,728
1264,hotpotqa#426,hotpotqa,3,1,596.0000,729
1265,ddxplus#465,ddxplus,3,0,597.0000,729
1266,ddxplus#466,ddxplus,3,1,597.0000,730
1267,hotpotqa#427,hotpotqa,3,1,597.0000,731
1268,ds1000#988,ds1000,3,0,598.0000,731
1269,ddxplus#467,ddxplus,3,0,599.0000,731
1270,ddxplus#468,ddxplus,3,0,600.0000,731
1271,hotpotqa#428,hotpotqa,3,1,600.0000,732
1272,ds1000#825,ds1000,3,1,600.0000,733
1273,ddxplus#469,ddxplus,3,0,601.0000,733
1274,hotpotqa#429,hotpotqa,3,1,601.0000,734
1275,hotpotqa#430,hotpotqa,3,1,601.0000,735
1276,ds1000#20,ds1000,3,1,601.0000,736
1277,hotpotqa#431,hotpotqa,3,0,602.0000,736
1278,hotpotqa#432,hotpotqa,3,1,602.0000,737
1279,ds1000#480,ds1000,3,1,602.0000,738
1280,ddxplus#470,ddxplus,3,1,602.0000,739
1281,hotpotqa#433,hotpotqa,3,1,602.0000,740
1282,ds1000#271,ds1000,3,1,602.0000,741
1283,ddxplus#471,ddxplus,3,1,602.0000,742
1284,ddxplus#472,ddxplus,3,0,603.0000,742
1285,ddxplus#473,ddxplus,3,1,603.0000,743
1286,hotpotqa#434,hotpotqa,3,1,603.0000,744
1287,hotpotqa#435,hotpotqa,3,0,604.0000,744
1288,ddxplus#474,ddxplus,3,1,604.0000,745
1289,ds1000#476,ds1000,3,0,605.0000,745
1290,ddxplus#475,ddxplus,3,1,605.0000,746
1291,ds1000#834,ds1000,3,1,605.0000,747
1292,hotpotqa#436,hotpotqa,3,0,606.0000,747
1293,hotpotqa#437,hotpotqa,3,0,607.0000,747
1294,ds1000#530,ds1000,3,0,608.0000,747
1295,ds1000#780,ds1000,3,0,609.0000,747
1296,ddxplus#476,ddxplus,3,1,609.0000,748
1297,hotpotqa#438,hotpotqa,3,1,609.0000,749
1298,ddxplus#477,ddxplus,3,1,609.0000,750
1299,ds1000#986,ds1000,3,0,610.0000,750
1300,ds1000#183,ds1000,3,1,610.0000,752
1301,ddxplus#478,ddxplus,3,1,610.0000,753
1302,ddxplus#479,ddxplus,3,1,610.0000,754
1303,ds1000#140,ds1000,3,1,610.0000,755
1304,ds1000#393,ds1000,3,0,611.0000,755
1305,ddxplus#480,ddxplus,3,1,611.0000,756
1306,hotpotqa#439,hotpotqa,3,0,612.0000,756
1307,ddxplus#481,ddxplus,3,1,612.0000,757
1308,ds1000#202,ds1000,3,0,613.0000,757
1309,hotpotqa#440,hotpotqa,3,0,614.0000,757
1310,hotpotqa#441,hotpotqa,3,1,614.0000,758
1311,ddxplus#482,ddxplus,3,0,615.0000,758
1312,ddxplus#483,ddxplus,3,0,616.0000,758
1313,ds1000#725,ds1000,3,1,616.0000,759
1314,hotpotqa#442,hotpotqa,3,1,616.0000,760
1315,ddxplus#484,ddxplus,3,1,616.0000,761
1316,ds1000#743,ds1000,3,0,617.0000,761
1317,hotpotqa#443,hotpotqa,3,1,617.0000,762
1318,hotpotqa#444,hotpotqa,3,1,617.0000,763
1319,hotpotqa#445,hotpotqa,3,0,618.0000,763
1320,ddxplus#485,ddxplus,3,1,618.0000,764
1321,ddxplus#486,ddxplus,3,0,619.0000,764
1322,hotpotqa#446,hotpotqa,3,1,619.0000,765
1323,ddxplus#487,ddxplus,3,0,620.0000,765
1324,hotpotqa#447,hotpotqa,3,1,620.0000,766
1325,hotpotqa#448,hotpotqa,3,0,621.0000,766
1326,ddxplus#488,ddxplus,3,0,622.0000,766
1327,hotpotqa#449,hotpotqa,3,1,622.0000,767
1328,ddxplus#489,ddxplus,3,0,623.0000,767
1329,ddxplus#490,ddxplus,3,0,624.0000,767
1330,ddxplus#491,ddxplus,3,0,625.0000,767
1331,hotpotqa#450,hotpotqa,3,1,625.0000,768
1332,ds1000#124,ds1000,3,1,625.0000,769
1333,ds1000#951,ds1000,3,1,625.0000,770
1334,hotpotqa#451,hotpotqa,3,0,626.0000,770
1335,ddxplus#492,ddxplus,3,0,627.0000,770
1336,ddxplus#493,ddxplus,3,0,628.0000,770
1337,hotpotqa#452,hotpotqa,3,1,628.0000,771
1338,ddxplus#494,ddxplus,3,1,628.0000,772
1339,ddxplus#495,ddxplus,3,1,628.0000,773
1340,hotpotqa#453,hotpotqa,3,1,628.0000,774
1341,ddxplus#496,ddxplus,3,1,628.0000,775
1342,hotpotqa#454,hotpotqa,3,1,628.0000,776
1343,hotpotqa#455,hotpotqa,3,1,628.0000,777
1344,ds1000#59,ds1000,3,0,629.0000,777
1345,ddxplus#497,ddxplus,3,0,630.0000,777
1346,hotpotqa#456,hotpotqa,3,1,630.0000,778
1347,ds1000#823,ds1000,3,1,630.0000,779
1348,ddxplus#498,ddxplus,3,1,630.0000,780
1349,hotpotqa#457,hotpotqa,3,0,631.0000,780
1350,hotpotqa#458,hotpotqa,3,1,631.0000,781
1351,ddxplus#499,ddxplus,3,0,632.0000,781
1352,ddxplus#500,ddxplus,3,1,632.0000,782
1353,ddxplus#501,ddxplus,3,0,633.0000,782
1354,ddxplus#502,ddxplus,3,0,634.0000,782
1355,hotpotqa#459,hotpotqa,3,1,634.0000,783
1356,hotpotqa#460,hotpotqa,3,1,634.0000,784
1357,ddxplus#503,ddxplus,3,1,634.0000,785
1358,ddxplus#504,ddxplus,3,0,635.0000,785
1359,hotpotqa#461,hotpotqa,3,0,636.0000,785
1360,ddxplus#505,ddxplus,3,1,636.0000,786
1361,hotpotqa#462,hotpotqa,3,1,636.0000,787
1362,hotpotqa#463,hotpotqa,3,1,636.0000,788
1363,hotpotqa#464,hotpotqa,3,1,636.0000,789
1364,ds1000#716,ds1000,3,1,636.0000,790
1365,ddxplus#506,ddxplus,3,1,636.0000,791
1366,hotpotqa#465,hotpotqa,3,1,636.0000,792
1367,hotpotqa#466,hotpotqa,3,1,636.0000,793
1368,ds1000#766,ds1000,3,0,637.0000,793
1369,ddxplus#507,ddxplus,3,1,637.0000,794
1370,ddxplus#508,ddxplus,3,0,638.0000,794
1371,ds1000#472,ds1000,3,1,638.0000,795
1372,ddxplus#509,ddxplus,3,1,638.0000,796
1373,ds1000#64,ds1000,3,0,639.0000,796
1374,ddxplus#510,ddxplus,3,0,640.0000,796
1375,hotpotqa#467,hotpotqa,3,1,640.0000,797
1376,ds1000#234,ds1000,3,1,640.0000,798
1377,ddxplus#511,ddxplus,3,1,640.0000,799
1378,ddxplus#512,ddxplus,3,1,640.0000,800
1379,ds1000#873,ds1000,3,1,640.0000,801
1380,hotpotqa#468,hotpotqa,3,0,641.0000,802
1381,hotpotqa#469,hotpotqa,3,0,642.0000,802
1382,ds1000#719,ds1000,3,1,642.0000,803
1383,ds1000#585,ds1000,3,0,643.0000,803
1384,ddxplus#513,ddxplus,3,1,643.0000,804
1385,hotpotqa#470,hotpotqa,3,0,644.0000,804
1386,hotpotqa#471,hotpotqa,3,1,644.0000,805
1387,hotpotqa#472,hotpotqa,3,1,644.0000,806
1388,ds1000#461,ds1000,3,0,645.0000,806
1389,ds1000#40,ds1000,3,0,646.0000,806
1390,ddxplus#514,ddxplus,3,0,647.0000,807
1391,ddxplus#515,ddxplus,3,1,647.0000,808
1392,ddxplus#516,ddxplus,3,1,647.0000,809
1393,ddxplus#517,ddxplus,3,1,647.0000,810
1394,hotpotqa#473,hotpotqa,3,1,647.0000,811
1395,ds1000#977,ds1000,3,1,647.0000,812
1396,ddxplus#518,ddxplus,3,0,648.0000,812
1397,hotpotqa#474,hotpotqa,3,0,649.0000,812
1398,ds1000#601,ds1000,3,1,649.0000,813
1399,ddxplus#519,ddxplus,3,1,649.0000,814
1400,hotpotqa#475,hotpotqa,3,0,650.0000,814
1401,ddxplus#520,ddxplus,3,1,650.0000,815
1402,ddxplus#521,ddxplus,3,1,650.0000,816
1403,ddxplus#522,ddxplus,3,1,650.0000,817
1404,hotpotqa#476,hotpotqa,3,1,650.0000,818
1405,hotpotqa#477,hotpotqa,3,0,651.0000,818
1406,hotpotqa#478,hotpotqa,3,0,652.0000,818
1407,ddxplus#523,ddxplus,3,1,652.0000,819
1408,hotpotqa#479,hotpotqa,3,0,653.0000,819
1409,ddxplus#524,ddxplus,3,1,653.0000,820
1410,ds1000#478,ds1000,3,0,654.0000,820
1411,ddxplus#525,ddxplus,3,1,654.0000,821
1412,hotpotqa#480,hotpotqa,3,1,654.0000,822
1413,ddxplus#526,ddxplus,3,0,655.0000,822
1414,hotpotqa#481,hotpotqa,3,0,656.0000,822
1415,hotpotqa#482,hotpotqa,3,0,657.0000,822
1416,ddxplus#527,ddxplus,3,1,657.0000,823
1417,hotpotqa#483,hotpotqa,3,1,657.0000,824
1418,hotpotqa#484,hotpotqa,3,1,657.0000,825
1419,ddxplus#528,ddxplus,3,1,657.0000,826
1420,ds1000#589,ds1000,3,1,657.0000,828
1421,ddxplus#529,ddxplus,3,0,658.0000,828
1422,ddxplus#530,ddxplus,3,0,659.0000,828
1423,hotpotqa#485,hotpotqa,3,0,660.0000,828
1424,ddxplus#531,ddxplus,3,1,660.0000,829
1425,ds1000#915,ds1000,3,0,661.0000,829
1426,hotpotqa#486,hotpotqa,3,0,662.0000,829
1427,ddxplus#532,ddxplus,3,1,662.0000,830
1428,ddxplus#533,ddxplus,3,1,662.0000,831
1429,hotpotqa#487,hotpotqa,3,1,662.0000,832
1430,ddxplus#534,ddxplus,3,1,662.0000,834
1431,ddxplus#535,ddxplus,3,0,663.0000,834
1432,ddxplus#536,ddxplus,3,0,664.0000,834
1433,ddxplus#537,ddxplus,3,1,664.0000,835
1434,ddxplus#538,ddxplus,3,0,665.0000,835
1435,ds1000#132,ds1000,3,0,666.0000,835
1436,ddxplus#539,ddxplus,3,1,666.0000,836
1437,ddxplus#540,ddxplus,3,1,666.0000,837
1438,ddxplus#541,ddxplus,3,1,666.0000,838
1439,ddxplus#542,ddxplus,3,0,667.0000,838
1400,hotpotqa#475,hotpotqa,3,0,650.0000,814
1401,ddxplus#520,ddxplus,3,1,650.0000,815
1402,ddxplus#521,ddxplus,3,1,650.0000,816
1403,ddxplus#522,ddxplus,3,1,650.0000,817
1404,hotpotqa#476,hotpotqa,3,1,650.0000,818
1405,hotpotqa#477,hotpotqa,3,0,651.0000,818
1406,hotpotqa#478,hotpotqa,3,0,652.0000,818
1407,ddxplus#523,ddxplus,3,1,652.0000,819
1408,hotpotqa#479,hotpotqa,3,0,653.0000,819
1409,ddxplus#524,ddxplus,3,1,653.0000,820
1410,ds1000#478,ds1000,3,0,654.0000,820
1411,ddxplus#525,ddxplus,3,1,654.0000,821
1412,hotpotqa#480,hotpotqa,3,1,654.0000,822
1413,ddxplus#526,ddxplus,3,0,655.0000,822
1414,hotpotqa#481,hotpotqa,3,0,656.0000,822
1415,hotpotqa#482,hotpotqa,3,1,656.0000,823
1416,ddxplus#527,ddxplus,3,1,656.0000,824
1417,hotpotqa#483,hotpotqa,3,1,656.0000,825
1418,hotpotqa#484,hotpotqa,3,1,656.0000,826
1419,ddxplus#528,ddxplus,3,1,656.0000,827
1420,ds1000#589,ds1000,3,1,656.0000,829
1421,ddxplus#529,ddxplus,3,0,657.0000,829
1422,ddxplus#530,ddxplus,3,0,658.0000,829
1423,hotpotqa#485,hotpotqa,3,0,659.0000,829
1424,ddxplus#531,ddxplus,3,1,659.0000,830
1425,ds1000#915,ds1000,3,0,660.0000,830
1426,hotpotqa#486,hotpotqa,3,0,661.0000,830
1427,ddxplus#532,ddxplus,3,1,661.0000,831
1428,ddxplus#533,ddxplus,3,1,661.0000,832
1429,hotpotqa#487,hotpotqa,3,1,661.0000,833
1430,ddxplus#534,ddxplus,3,1,661.0000,834
1431,ddxplus#535,ddxplus,3,0,662.0000,834
1432,ddxplus#536,ddxplus,3,0,663.0000,834
1433,ddxplus#537,ddxplus,3,1,663.0000,835
1434,ddxplus#538,ddxplus,3,0,664.0000,835
1435,ds1000#132,ds1000,3,0,665.0000,835
1436,ddxplus#539,ddxplus,3,1,665.0000,836
1437,ddxplus#540,ddxplus,3,1,665.0000,837
1438,ddxplus#541,ddxplus,3,1,665.0000,838
1439,ddxplus#542,ddxplus,3,0,666.0000,838
1440,hotpotqa#488,hotpotqa,3,0,667.0000,839
1441,hotpotqa#489,hotpotqa,3,1,667.0000,840
1442,hotpotqa#490,hotpotqa,3,0,668.0000,840
1443,hotpotqa#491,hotpotqa,3,0,669.0000,840
1444,ddxplus#543,ddxplus,3,1,669.0000,841
1445,ds1000#72,ds1000,3,1,669.0000,842
1446,hotpotqa#492,hotpotqa,3,1,669.0000,843
1447,ds1000#138,ds1000,3,0,670.0000,843
1448,ds1000#121,ds1000,3,0,671.0000,843
1449,ds1000#46,ds1000,3,0,672.0000,843
1450,ddxplus#544,ddxplus,3,1,672.0000,844
1451,ddxplus#545,ddxplus,3,1,672.0000,845
1452,hotpotqa#493,hotpotqa,3,1,672.0000,846
1453,ddxplus#546,ddxplus,3,1,672.0000,847
1454,ddxplus#547,ddxplus,3,1,672.0000,848
1455,ds1000#482,ds1000,3,1,672.0000,849
1456,ds1000#184,ds1000,3,0,673.0000,849
1457,ddxplus#548,ddxplus,3,1,673.0000,850
1458,ddxplus#549,ddxplus,3,1,673.0000,851
1459,ddxplus#550,ddxplus,3,0,674.0000,851
1460,ds1000#53,ds1000,3,1,674.0000,852
1461,ddxplus#551,ddxplus,3,1,674.0000,853
1462,ddxplus#552,ddxplus,3,1,674.0000,854
1463,hotpotqa#494,hotpotqa,3,1,674.0000,855
1464,hotpotqa#495,hotpotqa,3,1,674.0000,856
1465,ddxplus#553,ddxplus,3,1,674.0000,857
1466,hotpotqa#496,hotpotqa,3,1,674.0000,858
1467,hotpotqa#497,hotpotqa,3,0,675.0000,858
1468,ddxplus#554,ddxplus,3,1,675.0000,859
1469,ddxplus#555,ddxplus,3,1,675.0000,860
1470,hotpotqa#498,hotpotqa,3,0,676.0000,860
1471,hotpotqa#499,hotpotqa,3,0,677.0000,860
1472,ddxplus#556,ddxplus,3,0,678.0000,860
1473,ddxplus#557,ddxplus,3,1,678.0000,861
1474,ds1000#715,ds1000,3,1,678.0000,862
1475,hotpotqa#500,hotpotqa,3,1,678.0000,863
1476,ds1000#33,ds1000,3,1,678.0000,864
1477,ddxplus#558,ddxplus,3,1,678.0000,865
1478,ds1000#966,ds1000,3,1,678.0000,866
1479,hotpotqa#501,hotpotqa,3,1,678.0000,867
1480,ddxplus#559,ddxplus,3,1,678.0000,868
1481,ddxplus#560,ddxplus,3,0,679.0000,868
1482,ddxplus#561,ddxplus,3,0,680.0000,868
1483,ddxplus#562,ddxplus,3,1,680.0000,869
1484,hotpotqa#502,hotpotqa,3,0,681.0000,869
1485,ds1000#794,ds1000,3,0,682.0000,869
1486,hotpotqa#503,hotpotqa,3,1,682.0000,870
1487,ds1000#26,ds1000,3,0,683.0000,870
1488,hotpotqa#504,hotpotqa,3,1,683.0000,871
1489,hotpotqa#505,hotpotqa,3,0,684.0000,871
1490,hotpotqa#506,hotpotqa,3,0,685.0000,871
1491,ds1000#415,ds1000,3,0,686.0000,871
1492,ddxplus#563,ddxplus,3,1,686.0000,872
1493,hotpotqa#507,hotpotqa,3,0,687.0000,872
1494,hotpotqa#508,hotpotqa,3,1,687.0000,873
1495,ddxplus#564,ddxplus,3,1,687.0000,874
1496,ddxplus#565,ddxplus,3,1,687.0000,875
1497,ddxplus#566,ddxplus,3,1,687.0000,876
1498,hotpotqa#509,hotpotqa,3,0,688.0000,876
1499,hotpotqa#510,hotpotqa,3,1,688.0000,877
1500,ds1000#509,ds1000,3,0,689.0000,877
1501,ds1000#772,ds1000,3,0,690.0000,877
1502,hotpotqa#511,hotpotqa,3,0,691.0000,877
1503,ds1000#374,ds1000,3,0,692.0000,877
1504,ds1000#431,ds1000,3,1,692.0000,878
1505,ds1000#742,ds1000,3,1,692.0000,879
1506,hotpotqa#512,hotpotqa,3,1,692.0000,880
1507,ds1000#168,ds1000,3,1,692.0000,881
1508,hotpotqa#513,hotpotqa,3,0,693.0000,881
1509,ddxplus#567,ddxplus,3,0,694.0000,881
1510,hotpotqa#514,hotpotqa,3,0,695.0000,881
1511,ddxplus#568,ddxplus,3,1,695.0000,882
1512,ds1000#531,ds1000,3,0,696.0000,882
1513,ds1000#399,ds1000,3,0,697.0000,882
1514,hotpotqa#515,hotpotqa,3,0,698.0000,882
1515,hotpotqa#516,hotpotqa,3,1,698.0000,883
1516,ds1000#471,ds1000,3,1,698.0000,884
1517,ds1000#172,ds1000,3,0,699.0000,884
1518,hotpotqa#517,hotpotqa,3,0,700.0000,884
1519,ds1000#269,ds1000,3,0,701.0000,884
1520,hotpotqa#518,hotpotqa,3,0,702.0000,884
1521,ddxplus#569,ddxplus,3,1,702.0000,885
1522,ds1000#596,ds1000,3,0,703.0000,885
1523,hotpotqa#519,hotpotqa,3,1,703.0000,886
1524,ds1000#258,ds1000,3,0,704.0000,886
1525,ddxplus#570,ddxplus,3,1,704.0000,887
1526,ds1000#731,ds1000,3,1,704.0000,888
1527,ddxplus#571,ddxplus,3,0,705.0000,888
1528,ddxplus#572,ddxplus,3,1,705.0000,889
1529,hotpotqa#520,hotpotqa,3,1,705.0000,890
1530,ddxplus#573,ddxplus,3,0,706.0000,892
1531,hotpotqa#521,hotpotqa,3,1,706.0000,893
1532,hotpotqa#522,hotpotqa,3,0,707.0000,893
1533,ds1000#879,ds1000,3,0,708.0000,893
1534,ds1000#714,ds1000,3,1,708.0000,894
1535,hotpotqa#523,hotpotqa,3,1,708.0000,895
1536,ds1000#144,ds1000,3,1,708.0000,896
1537,ddxplus#574,ddxplus,3,1,708.0000,897
1538,ds1000#463,ds1000,3,0,709.0000,897
1539,ds1000#220,ds1000,3,0,710.0000,897
1540,hotpotqa#524,hotpotqa,3,1,710.0000,898
1541,ddxplus#575,ddxplus,3,1,710.0000,899
1542,hotpotqa#525,hotpotqa,3,1,710.0000,900
1543,ddxplus#576,ddxplus,3,0,711.0000,900
1544,ddxplus#577,ddxplus,3,1,711.0000,901
1545,ds1000#740,ds1000,3,0,712.0000,901
1546,ds1000#85,ds1000,3,0,713.0000,901
1547,hotpotqa#526,hotpotqa,3,0,714.0000,901
1548,ds1000#852,ds1000,3,1,714.0000,902
1549,ds1000#627,ds1000,3,1,714.0000,903
1550,ddxplus#578,ddxplus,3,1,714.0000,904
1551,hotpotqa#527,hotpotqa,3,1,714.0000,905
1552,ddxplus#579,ddxplus,3,0,715.0000,905
1553,ddxplus#580,ddxplus,3,1,715.0000,906
1554,hotpotqa#528,hotpotqa,3,0,716.0000,906
1555,ddxplus#581,ddxplus,3,1,716.0000,907
1556,ddxplus#582,ddxplus,3,0,717.0000,907
1557,hotpotqa#529,hotpotqa,3,1,717.0000,908
1558,ddxplus#583,ddxplus,3,1,717.0000,909
1559,ds1000#723,ds1000,3,1,717.0000,910
1560,hotpotqa#530,hotpotqa,3,0,718.0000,911
1561,hotpotqa#531,hotpotqa,3,1,718.0000,912
1562,hotpotqa#532,hotpotqa,3,0,719.0000,912
1563,ddxplus#584,ddxplus,3,1,719.0000,913
1564,ddxplus#585,ddxplus,3,1,719.0000,914
1565,hotpotqa#533,hotpotqa,3,1,719.0000,915
1566,hotpotqa#534,hotpotqa,3,0,720.0000,915
1567,ds1000#807,ds1000,3,1,720.0000,916
1568,hotpotqa#535,hotpotqa,3,1,720.0000,917
1569,ds1000#226,ds1000,3,0,721.0000,917
1570,hotpotqa#536,hotpotqa,3,1,721.0000,918
1571,ddxplus#586,ddxplus,3,0,722.0000,918
1572,ddxplus#587,ddxplus,3,1,722.0000,919
1573,hotpotqa#537,hotpotqa,3,0,723.0000,919
1574,ddxplus#588,ddxplus,3,0,724.0000,919
1575,ddxplus#589,ddxplus,3,1,724.0000,920
1576,ds1000#110,ds1000,3,1,724.0000,921
1577,hotpotqa#538,hotpotqa,3,1,724.0000,922
1578,hotpotqa#539,hotpotqa,3,0,725.0000,922
1579,ds1000#869,ds1000,3,1,725.0000,923
1580,ddxplus#590,ddxplus,3,1,725.0000,924
1581,ddxplus#591,ddxplus,3,0,726.0000,924
1582,ddxplus#592,ddxplus,3,1,726.0000,925
1583,ddxplus#593,ddxplus,3,0,727.0000,925
1584,ddxplus#594,ddxplus,3,1,727.0000,926
1585,ds1000#984,ds1000,3,0,728.0000,926
1586,ddxplus#595,ddxplus,3,1,728.0000,927
1587,hotpotqa#540,hotpotqa,3,0,729.0000,927
1588,ddxplus#596,ddxplus,3,1,729.0000,928
1589,ddxplus#597,ddxplus,3,0,730.0000,928
1590,hotpotqa#541,hotpotqa,3,0,731.0000,929
1591,ddxplus#598,ddxplus,3,1,731.0000,930
1592,ddxplus#599,ddxplus,3,0,732.0000,930
1593,hotpotqa#542,hotpotqa,3,1,732.0000,931
1594,hotpotqa#543,hotpotqa,3,0,733.0000,931
1595,hotpotqa#544,hotpotqa,3,0,734.0000,931
1596,ddxplus#600,ddxplus,3,1,734.0000,932
1597,hotpotqa#545,hotpotqa,3,1,734.0000,933
1598,ddxplus#601,ddxplus,3,1,734.0000,934
1599,ddxplus#602,ddxplus,3,1,734.0000,935
1600,hotpotqa#546,hotpotqa,3,0,735.0000,935
1601,ddxplus#603,ddxplus,3,1,735.0000,936
1602,hotpotqa#547,hotpotqa,3,0,736.0000,936
1603,ds1000#663,ds1000,3,1,736.0000,937
1604,ddxplus#604,ddxplus,3,0,737.0000,937
1605,ds1000#561,ds1000,3,1,737.0000,938
1606,ddxplus#605,ddxplus,3,0,738.0000,938
1607,ddxplus#606,ddxplus,3,1,738.0000,939
1608,ddxplus#607,ddxplus,3,0,739.0000,939
1609,ds1000#802,ds1000,3,0,740.0000,939
1610,hotpotqa#548,hotpotqa,3,1,740.0000,940
1611,hotpotqa#549,hotpotqa,3,1,740.0000,941
1612,ddxplus#608,ddxplus,3,1,740.0000,942
1613,ds1000#729,ds1000,3,1,740.0000,943
1614,hotpotqa#550,hotpotqa,3,1,740.0000,944
1615,ddxplus#609,ddxplus,3,0,741.0000,944
1616,ds1000#952,ds1000,3,1,741.0000,945
1617,hotpotqa#551,hotpotqa,3,0,742.0000,945
1618,ds1000#377,ds1000,3,1,742.0000,946
1619,ddxplus#610,ddxplus,3,1,742.0000,947
1620,hotpotqa#552,hotpotqa,3,0,743.0000,947
1621,ddxplus#611,ddxplus,3,1,743.0000,948
1622,ddxplus#612,ddxplus,3,1,743.0000,949
1623,ddxplus#613,ddxplus,3,1,743.0000,950
1624,ds1000#351,ds1000,3,0,744.0000,950
1625,hotpotqa#553,hotpotqa,3,1,744.0000,951
1626,hotpotqa#554,hotpotqa,3,0,745.0000,951
1627,ddxplus#614,ddxplus,3,1,745.0000,952
1628,ddxplus#615,ddxplus,3,1,745.0000,953
1629,ds1000#174,ds1000,3,0,746.0000,953
1630,ds1000#784,ds1000,3,0,747.0000,953
1631,ddxplus#616,ddxplus,3,0,748.0000,953
1632,hotpotqa#555,hotpotqa,3,0,749.0000,953
1633,hotpotqa#556,hotpotqa,3,0,750.0000,953
1634,ds1000#155,ds1000,3,0,751.0000,953
1635,hotpotqa#557,hotpotqa,3,1,751.0000,954
1636,ddxplus#617,ddxplus,3,1,751.0000,955
1637,ddxplus#618,ddxplus,3,1,751.0000,956
1638,ddxplus#619,ddxplus,3,1,751.0000,957
1639,ddxplus#620,ddxplus,3,1,751.0000,958
1640,ddxplus#621,ddxplus,3,1,751.0000,962
1641,ddxplus#622,ddxplus,3,0,752.0000,962
1642,ddxplus#623,ddxplus,3,0,753.0000,962
1643,hotpotqa#558,hotpotqa,3,0,754.0000,962
1644,ddxplus#624,ddxplus,3,1,754.0000,963
1645,ds1000#795,ds1000,3,1,754.0000,964
1646,ds1000#816,ds1000,3,1,754.0000,965
1647,ddxplus#625,ddxplus,3,0,755.0000,965
1648,ddxplus#626,ddxplus,3,1,755.0000,966
1649,ddxplus#627,ddxplus,3,0,756.0000,966
1650,ddxplus#628,ddxplus,3,0,757.0000,966
1651,ddxplus#629,ddxplus,3,1,757.0000,967
1652,hotpotqa#559,hotpotqa,3,1,757.0000,968
1653,ddxplus#630,ddxplus,3,0,758.0000,968
1654,ddxplus#631,ddxplus,3,1,758.0000,969
1655,ddxplus#632,ddxplus,3,1,758.0000,970
1656,ddxplus#633,ddxplus,3,1,758.0000,971
1657,ddxplus#634,ddxplus,3,1,758.0000,972
1658,hotpotqa#560,hotpotqa,3,1,758.0000,973
1659,ddxplus#635,ddxplus,3,1,758.0000,974
1660,hotpotqa#561,hotpotqa,3,1,758.0000,975
1661,hotpotqa#562,hotpotqa,3,0,759.0000,975
1662,ddxplus#636,ddxplus,3,0,760.0000,975
1663,hotpotqa#563,hotpotqa,3,1,760.0000,976
1664,ds1000#964,ds1000,3,1,760.0000,977
1665,ddxplus#637,ddxplus,3,0,761.0000,977
1666,ds1000#47,ds1000,3,0,762.0000,977
1667,ddxplus#638,ddxplus,3,0,763.0000,977
1668,ddxplus#639,ddxplus,3,1,763.0000,978
1669,hotpotqa#564,hotpotqa,3,1,763.0000,979
1670,hotpotqa#565,hotpotqa,3,0,764.0000,979
1671,hotpotqa#566,hotpotqa,3,0,765.0000,979
1672,ddxplus#640,ddxplus,3,1,765.0000,980
1673,ddxplus#641,ddxplus,3,0,766.0000,980
1674,hotpotqa#567,hotpotqa,3,1,766.0000,981
1675,ddxplus#642,ddxplus,3,1,766.0000,982
1676,hotpotqa#568,hotpotqa,3,0,767.0000,982
1677,ddxplus#643,ddxplus,3,1,767.0000,983
1678,ddxplus#644,ddxplus,3,0,768.0000,983
1679,ddxplus#645,ddxplus,3,1,768.0000,984
1680,ddxplus#646,ddxplus,3,0,769.0000,984
1681,hotpotqa#569,hotpotqa,3,0,770.0000,984
1682,ddxplus#647,ddxplus,3,0,771.0000,984
1683,ds1000#400,ds1000,3,1,771.0000,985
1684,ddxplus#648,ddxplus,3,1,771.0000,986
1685,hotpotqa#570,hotpotqa,3,1,771.0000,987
1686,ds1000#97,ds1000,3,1,771.0000,988
1687,hotpotqa#571,hotpotqa,3,0,772.0000,988
1688,ds1000#840,ds1000,3,1,772.0000,989
1689,hotpotqa#572,hotpotqa,3,1,772.0000,990
1690,ddxplus#649,ddxplus,3,0,773.0000,990
1691,ddxplus#650,ddxplus,3,1,773.0000,991
1692,ds1000#778,ds1000,3,1,773.0000,992
1693,ddxplus#651,ddxplus,3,1,773.0000,993
1694,hotpotqa#573,hotpotqa,3,1,773.0000,994
1695,ddxplus#652,ddxplus,3,1,773.0000,995
1696,ds1000#211,ds1000,3,0,774.0000,995
1697,ddxplus#653,ddxplus,3,0,775.0000,995
1698,ddxplus#654,ddxplus,3,1,775.0000,996
1699,ddxplus#655,ddxplus,3,0,776.0000,996
1700,ddxplus#656,ddxplus,3,1,776.0000,998
1701,ddxplus#657,ddxplus,3,0,777.0000,998
1702,ddxplus#658,ddxplus,3,0,778.0000,998
1703,hotpotqa#574,hotpotqa,3,1,778.0000,999
1704,ddxplus#659,ddxplus,3,0,779.0000,999
1705,hotpotqa#575,hotpotqa,3,1,779.0000,1000
1706,ddxplus#660,ddxplus,3,0,780.0000,1000
1707,hotpotqa#576,hotpotqa,3,1,780.0000,1001
1708,ddxplus#661,ddxplus,3,1,780.0000,1002
1709,hotpotqa#577,hotpotqa,3,0,781.0000,1002
1710,ds1000#309,ds1000,3,1,781.0000,1003
1711,ddxplus#662,ddxplus,3,0,782.0000,1003
1712,hotpotqa#578,hotpotqa,3,0,783.0000,1003
1713,hotpotqa#579,hotpotqa,3,1,783.0000,1004
1714,hotpotqa#580,hotpotqa,3,1,783.0000,1005
1715,ddxplus#663,ddxplus,3,1,783.0000,1006
1716,ddxplus#664,ddxplus,3,1,783.0000,1007
1717,ds1000#619,ds1000,3,1,783.0000,1008
1718,hotpotqa#581,hotpotqa,3,0,784.0000,1008
1719,hotpotqa#582,hotpotqa,3,1,784.0000,1009
1720,ds1000#845,ds1000,3,1,784.0000,1010
1721,ddxplus#665,ddxplus,3,1,784.0000,1011
1722,hotpotqa#583,hotpotqa,3,1,784.0000,1012
1723,ddxplus#666,ddxplus,3,1,784.0000,1013
1724,ddxplus#667,ddxplus,3,1,784.0000,1014
1725,hotpotqa#584,hotpotqa,3,0,785.0000,1014
1726,ddxplus#668,ddxplus,3,1,785.0000,1015
1727,ds1000#3,ds1000,3,0,786.0000,1015
1728,hotpotqa#585,hotpotqa,3,1,786.0000,1016
1729,ddxplus#669,ddxplus,3,1,786.0000,1017
1730,ddxplus#670,ddxplus,3,1,786.0000,1018
1731,hotpotqa#586,hotpotqa,3,1,786.0000,1019
1732,ds1000#971,ds1000,3,1,786.0000,1020
1733,ddxplus#671,ddxplus,3,1,786.0000,1021
1734,hotpotqa#587,hotpotqa,3,0,787.0000,1021
1735,hotpotqa#588,hotpotqa,3,1,787.0000,1022
1736,ddxplus#672,ddxplus,3,1,787.0000,1023
1737,ds1000#192,ds1000,3,0,788.0000,1023
1738,ddxplus#673,ddxplus,3,1,788.0000,1024
1739,ddxplus#674,ddxplus,3,0,789.0000,1024
1740,hotpotqa#589,hotpotqa,3,1,789.0000,1026
1741,hotpotqa#590,hotpotqa,3,0,790.0000,1026
1742,ddxplus#675,ddxplus,3,1,790.0000,1027
1743,ddxplus#676,ddxplus,3,0,791.0000,1027
1744,ds1000#406,ds1000,3,0,792.0000,1027
1745,hotpotqa#591,hotpotqa,3,1,792.0000,1028
1746,ds1000#738,ds1000,3,0,793.0000,1028
1747,hotpotqa#592,hotpotqa,3,0,794.0000,1028
1748,hotpotqa#593,hotpotqa,3,1,794.0000,1029
1749,hotpotqa#594,hotpotqa,3,1,794.0000,1030
1750,ddxplus#677,ddxplus,3,1,794.0000,1031
1751,ddxplus#678,ddxplus,3,1,794.0000,1032
1752,ddxplus#679,ddxplus,3,1,794.0000,1033
1753,hotpotqa#595,hotpotqa,3,0,795.0000,1033
1754,ddxplus#680,ddxplus,3,0,796.0000,1033
1755,ddxplus#681,ddxplus,3,1,796.0000,1034
1756,ddxplus#682,ddxplus,3,1,796.0000,1035
1757,hotpotqa#596,hotpotqa,3,0,797.0000,1035
1758,hotpotqa#597,hotpotqa,3,0,798.0000,1035
1759,ds1000#80,ds1000,3,0,799.0000,1035
1760,ds1000#744,ds1000,3,0,800.0000,1035
1761,ddxplus#683,ddxplus,3,1,800.0000,1036
1762,ddxplus#684,ddxplus,3,1,800.0000,1037
1763,ddxplus#685,ddxplus,3,1,800.0000,1038
1764,hotpotqa#598,hotpotqa,3,0,801.0000,1038
1765,ddxplus#686,ddxplus,3,1,801.0000,1039
1766,ds1000#419,ds1000,3,0,802.0000,1039
1767,ds1000#357,ds1000,3,1,802.0000,1040
1768,ddxplus#687,ddxplus,3,1,802.0000,1041
1769,hotpotqa#599,hotpotqa,3,1,802.0000,1042
1770,hotpotqa#600,hotpotqa,3,1,802.0000,1043
1771,hotpotqa#601,hotpotqa,3,0,803.0000,1043
1772,ddxplus#688,ddxplus,3,1,803.0000,1044
1773,ds1000#644,ds1000,3,0,804.0000,1044
1774,ddxplus#689,ddxplus,3,1,804.0000,1045
1775,ds1000#422,ds1000,3,0,805.0000,1045
1776,ddxplus#690,ddxplus,3,1,805.0000,1046
1777,hotpotqa#602,hotpotqa,3,0,806.0000,1046
1778,hotpotqa#603,hotpotqa,3,1,806.0000,1047
1779,ddxplus#691,ddxplus,3,0,807.0000,1047
1780,hotpotqa#604,hotpotqa,3,1,807.0000,1049
1781,ddxplus#692,ddxplus,3,1,807.0000,1050
1782,hotpotqa#605,hotpotqa,3,1,807.0000,1051
1783,hotpotqa#606,hotpotqa,3,0,808.0000,1051
1784,hotpotqa#607,hotpotqa,3,1,808.0000,1052
1785,hotpotqa#608,hotpotqa,3,1,808.0000,1053
1786,ds1000#923,ds1000,3,0,809.0000,1053
1787,ds1000#929,ds1000,3,1,809.0000,1054
1788,ds1000#603,ds1000,3,0,810.0000,1054
1789,hotpotqa#609,hotpotqa,3,0,811.0000,1054
1790,ddxplus#693,ddxplus,3,1,811.0000,1055
1791,hotpotqa#610,hotpotqa,3,1,811.0000,1056
1792,ddxplus#694,ddxplus,3,0,812.0000,1056
1793,hotpotqa#611,hotpotqa,3,0,813.0000,1056
1794,hotpotqa#612,hotpotqa,3,1,813.0000,1057
1795,ds1000#208,ds1000,3,0,814.0000,1057
1796,hotpotqa#613,hotpotqa,3,1,814.0000,1058
1797,ddxplus#695,ddxplus,3,1,814.0000,1059
1798,ddxplus#696,ddxplus,3,0,815.0000,1059
1799,hotpotqa#614,hotpotqa,3,0,816.0000,1059
1800,ddxplus#697,ddxplus,3,1,816.0000,1061
1801,ddxplus#698,ddxplus,3,1,816.0000,1062
1802,hotpotqa#615,hotpotqa,3,0,817.0000,1062
1803,ddxplus#699,ddxplus,3,0,818.0000,1062
1804,ddxplus#700,ddxplus,3,1,818.0000,1063
1805,ddxplus#701,ddxplus,3,1,818.0000,1064
1806,hotpotqa#616,hotpotqa,3,0,819.0000,1064
1807,ddxplus#702,ddxplus,3,1,819.0000,1065
1808,hotpotqa#617,hotpotqa,3,1,819.0000,1066
1809,ddxplus#703,ddxplus,3,0,820.0000,1066
1810,hotpotqa#618,hotpotqa,3,1,820.0000,1068
1811,hotpotqa#619,hotpotqa,3,1,820.0000,1069
1812,hotpotqa#620,hotpotqa,3,0,821.0000,1069
1813,ds1000#345,ds1000,3,0,822.0000,1069
1814,ddxplus#704,ddxplus,3,0,823.0000,1069
1815,hotpotqa#621,hotpotqa,3,0,824.0000,1069
1816,hotpotqa#622,hotpotqa,3,1,824.0000,1070
1817,ds1000#256,ds1000,3,1,824.0000,1071
1818,ddxplus#705,ddxplus,3,1,824.0000,1072
1819,ddxplus#706,ddxplus,3,1,824.0000,1073
1820,hotpotqa#623,hotpotqa,3,1,824.0000,1074
1821,hotpotqa#624,hotpotqa,3,1,824.0000,1075
1822,hotpotqa#625,hotpotqa,3,1,824.0000,1076
1823,hotpotqa#626,hotpotqa,3,0,825.0000,1076
1824,hotpotqa#627,hotpotqa,3,0,826.0000,1076
1825,ds1000#145,ds1000,3,1,826.0000,1077
1826,ddxplus#707,ddxplus,3,0,827.0000,1077
1827,ddxplus#708,ddxplus,3,1,827.0000,1078
1828,ddxplus#709,ddxplus,3,0,828.0000,1078
1829,ds1000#854,ds1000,3,1,828.0000,1079
1830,ds1000#488,ds1000,3,0,829.0000,1079
1831,hotpotqa#628,hotpotqa,3,1,829.0000,1080
1832,ddxplus#710,ddxplus,3,1,829.0000,1081
1833,hotpotqa#629,hotpotqa,3,1,829.0000,1082
1834,hotpotqa#630,hotpotqa,3,0,830.0000,1082
1835,ddxplus#711,ddxplus,3,0,831.0000,1082
1836,ddxplus#712,ddxplus,3,1,831.0000,1083
1837,ds1000#713,ds1000,3,1,831.0000,1084
1838,ddxplus#713,ddxplus,3,1,831.0000,1085
1839,ddxplus#714,ddxplus,3,1,831.0000,1086
1840,hotpotqa#631,hotpotqa,3,0,832.0000,1086
1841,hotpotqa#632,hotpotqa,3,0,833.0000,1086
1842,ddxplus#715,ddxplus,3,1,833.0000,1087
1843,ddxplus#716,ddxplus,3,1,833.0000,1088
1844,ds1000#90,ds1000,3,0,834.0000,1088
1845,hotpotqa#633,hotpotqa,3,1,834.0000,1089
1846,ds1000#469,ds1000,3,0,835.0000,1089
1847,hotpotqa#634,hotpotqa,3,1,835.0000,1090
1848,ddxplus#717,ddxplus,3,0,836.0000,1090
1849,hotpotqa#635,hotpotqa,3,0,837.0000,1090
1850,hotpotqa#636,hotpotqa,3,1,837.0000,1091
1851,hotpotqa#637,hotpotqa,3,1,837.0000,1092
1852,hotpotqa#638,hotpotqa,3,1,837.0000,1093
1853,ddxplus#718,ddxplus,3,1,837.0000,1094
1854,ds1000#800,ds1000,3,0,838.0000,1094
1855,hotpotqa#639,hotpotqa,3,1,838.0000,1095
1856,ddxplus#719,ddxplus,3,1,838.0000,1096
1857,hotpotqa#640,hotpotqa,3,1,838.0000,1097
1858,ds1000#441,ds1000,3,1,838.0000,1098
1859,hotpotqa#641,hotpotqa,3,0,839.0000,1098
1860,ddxplus#720,ddxplus,3,0,840.0000,1098
1861,hotpotqa#642,hotpotqa,3,0,841.0000,1098
1862,ddxplus#721,ddxplus,3,1,841.0000,1099
1863,ds1000#108,ds1000,3,0,842.0000,1099
1864,hotpotqa#643,hotpotqa,3,0,843.0000,1099
1865,ddxplus#722,ddxplus,3,0,844.0000,1099
1866,hotpotqa#644,hotpotqa,3,0,845.0000,1099
1867,ddxplus#723,ddxplus,3,0,846.0000,1099
1868,hotpotqa#645,hotpotqa,3,0,847.0000,1099
1869,hotpotqa#646,hotpotqa,3,0,848.0000,1099
1870,hotpotqa#647,hotpotqa,3,1,848.0000,1100
1871,ddxplus#724,ddxplus,3,0,849.0000,1100
1872,ddxplus#725,ddxplus,3,1,849.0000,1101
1873,ddxplus#726,ddxplus,3,0,850.0000,1101
1874,ds1000#404,ds1000,3,0,851.0000,1101
1875,ds1000#338,ds1000,3,0,852.0000,1101
1876,ds1000#68,ds1000,3,0,853.0000,1101
1877,hotpotqa#648,hotpotqa,3,1,853.0000,1102
1878,ddxplus#727,ddxplus,3,0,854.0000,1102
1879,ddxplus#728,ddxplus,3,0,855.0000,1102
1880,hotpotqa#649,hotpotqa,3,0,856.0000,1102
1881,ds1000#575,ds1000,3,0,857.0000,1102
1882,ds1000#741,ds1000,3,1,857.0000,1103
1883,ddxplus#729,ddxplus,3,0,858.0000,1103
1884,ds1000#728,ds1000,3,1,858.0000,1104
1885,ddxplus#730,ddxplus,3,1,858.0000,1105
1886,hotpotqa#650,hotpotqa,3,0,859.0000,1105
1887,hotpotqa#651,hotpotqa,3,1,859.0000,1106
1888,ddxplus#731,ddxplus,3,1,859.0000,1107
1889,ds1000#747,ds1000,3,0,860.0000,1107
1890,ddxplus#732,ddxplus,3,1,860.0000,1108
1891,ddxplus#733,ddxplus,3,1,860.0000,1109
1892,ddxplus#734,ddxplus,3,1,860.0000,1110
1893,hotpotqa#652,hotpotqa,3,1,860.0000,1111
1894,hotpotqa#653,hotpotqa,3,0,861.0000,1111
1895,hotpotqa#654,hotpotqa,3,1,861.0000,1112
1896,ddxplus#735,ddxplus,3,0,862.0000,1112
1897,ddxplus#736,ddxplus,3,1,862.0000,1113
1898,ddxplus#737,ddxplus,3,1,862.0000,1114
1899,ds1000#194,ds1000,3,0,863.0000,1114
1900,ddxplus#738,ddxplus,3,1,863.0000,1115
1901,ds1000#925,ds1000,3,0,864.0000,1115
1902,ddxplus#739,ddxplus,3,1,864.0000,1116
1903,ddxplus#740,ddxplus,3,1,864.0000,1117
1904,ds1000#569,ds1000,3,1,864.0000,1118
1905,hotpotqa#655,hotpotqa,3,1,864.0000,1119
1906,ddxplus#741,ddxplus,3,1,864.0000,1120
1907,ddxplus#742,ddxplus,3,1,864.0000,1121
1908,ds1000#855,ds1000,3,1,864.0000,1122
1909,hotpotqa#656,hotpotqa,3,1,864.0000,1123
1910,hotpotqa#657,hotpotqa,3,0,865.0000,1123
1911,ddxplus#743,ddxplus,3,1,865.0000,1124
1912,ddxplus#744,ddxplus,3,0,866.0000,1124
1913,ds1000#58,ds1000,3,0,867.0000,1124
1914,hotpotqa#658,hotpotqa,3,1,867.0000,1125
1915,ds1000#462,ds1000,3,0,868.0000,1125
1916,ddxplus#745,ddxplus,3,1,868.0000,1126
1917,ddxplus#746,ddxplus,3,1,868.0000,1127
1918,ddxplus#747,ddxplus,3,1,868.0000,1128
1919,ddxplus#748,ddxplus,3,1,868.0000,1129
1920,ddxplus#749,ddxplus,3,0,869.0000,1129
1921,hotpotqa#659,hotpotqa,3,1,869.0000,1130
1922,ddxplus#750,ddxplus,3,1,869.0000,1131
1923,ddxplus#751,ddxplus,3,0,870.0000,1131
1924,ddxplus#752,ddxplus,3,1,870.0000,1132
1925,hotpotqa#660,hotpotqa,3,1,870.0000,1133
1926,hotpotqa#661,hotpotqa,3,1,870.0000,1134
1927,hotpotqa#662,hotpotqa,3,1,870.0000,1135
1928,ddxplus#753,ddxplus,3,1,870.0000,1136
1929,ds1000#901,ds1000,3,1,870.0000,1137
1930,hotpotqa#663,hotpotqa,3,0,871.0000,1137
1931,ddxplus#754,ddxplus,3,1,871.0000,1138
1932,ddxplus#755,ddxplus,3,1,871.0000,1139
1933,hotpotqa#664,hotpotqa,3,0,872.0000,1139
1934,ds1000#261,ds1000,3,1,872.0000,1140
1935,ddxplus#756,ddxplus,3,1,872.0000,1141
1936,ddxplus#757,ddxplus,3,0,873.0000,1141
1937,ddxplus#758,ddxplus,3,1,873.0000,1142
1938,ddxplus#759,ddxplus,3,1,873.0000,1143
1939,hotpotqa#665,hotpotqa,3,1,873.0000,1144
1940,hotpotqa#666,hotpotqa,3,1,873.0000,1146
1941,ddxplus#760,ddxplus,3,1,873.0000,1147
1942,ddxplus#761,ddxplus,3,0,874.0000,1147
1943,hotpotqa#667,hotpotqa,3,1,874.0000,1148
1944,hotpotqa#668,hotpotqa,3,1,874.0000,1149
1945,ddxplus#762,ddxplus,3,0,875.0000,1149
1946,hotpotqa#669,hotpotqa,3,0,876.0000,1149
1947,ddxplus#763,ddxplus,3,0,877.0000,1149
1948,ddxplus#764,ddxplus,3,1,877.0000,1150
1949,ddxplus#765,ddxplus,3,1,877.0000,1151
1950,hotpotqa#670,hotpotqa,3,0,878.0000,1151
1951,hotpotqa#671,hotpotqa,3,1,878.0000,1152
1952,ddxplus#766,ddxplus,3,0,879.0000,1152
1953,hotpotqa#672,hotpotqa,3,1,879.0000,1153
1954,ddxplus#767,ddxplus,3,1,879.0000,1154
1955,ds1000#398,ds1000,3,1,879.0000,1155
1956,hotpotqa#673,hotpotqa,3,1,879.0000,1156
1957,ds1000#755,ds1000,3,0,880.0000,1156
1958,ddxplus#768,ddxplus,3,1,880.0000,1157
1959,hotpotqa#674,hotpotqa,3,0,881.0000,1157
1960,ds1000#871,ds1000,3,1,881.0000,1158
1961,hotpotqa#675,hotpotqa,3,1,881.0000,1159
1962,ddxplus#769,ddxplus,3,0,882.0000,1159
1963,hotpotqa#676,hotpotqa,3,0,883.0000,1159
1964,hotpotqa#677,hotpotqa,3,0,884.0000,1159
1965,hotpotqa#678,hotpotqa,3,1,884.0000,1160
1966,hotpotqa#679,hotpotqa,3,1,884.0000,1161
1967,ds1000#459,ds1000,3,1,884.0000,1162
1968,hotpotqa#680,hotpotqa,3,0,885.0000,1162
1969,hotpotqa#681,hotpotqa,3,0,886.0000,1162
1970,ds1000#632,ds1000,3,0,887.0000,1162
1971,ds1000#647,ds1000,3,0,888.0000,1162
1972,ddxplus#770,ddxplus,3,1,888.0000,1163
1973,hotpotqa#682,hotpotqa,3,1,888.0000,1164
1974,hotpotqa#683,hotpotqa,3,1,888.0000,1165
1975,hotpotqa#684,hotpotqa,3,1,888.0000,1166
1976,hotpotqa#685,hotpotqa,3,1,888.0000,1167
1977,ds1000#580,ds1000,3,1,888.0000,1168
1978,hotpotqa#686,hotpotqa,3,0,889.0000,1168
1979,ddxplus#771,ddxplus,3,1,889.0000,1169
1980,hotpotqa#687,hotpotqa,3,1,889.0000,1170
1981,ds1000#954,ds1000,3,0,890.0000,1170
1982,ds1000#235,ds1000,3,1,890.0000,1171
1983,hotpotqa#688,hotpotqa,3,0,891.0000,1171
1984,hotpotqa#689,hotpotqa,3,1,891.0000,1172
1985,hotpotqa#690,hotpotqa,3,1,891.0000,1173
1986,ddxplus#772,ddxplus,3,0,892.0000,1173
1987,ddxplus#773,ddxplus,3,0,893.0000,1173
1988,ddxplus#774,ddxplus,3,1,893.0000,1174
1989,hotpotqa#691,hotpotqa,3,1,893.0000,1175
1990,hotpotqa#692,hotpotqa,3,1,893.0000,1176
1991,hotpotqa#693,hotpotqa,3,1,893.0000,1177
1992,ddxplus#775,ddxplus,3,1,893.0000,1178
1993,hotpotqa#694,hotpotqa,3,0,894.0000,1178
1994,ddxplus#776,ddxplus,3,0,895.0000,1178
1995,ddxplus#777,ddxplus,3,0,896.0000,1178
1996,hotpotqa#695,hotpotqa,3,1,896.0000,1179
1997,hotpotqa#696,hotpotqa,3,1,896.0000,1180
1998,ds1000#280,ds1000,3,0,897.0000,1180
1999,ds1000#922,ds1000,3,0,898.0000,1180
2000,hotpotqa#697,hotpotqa,3,1,898.0000,1181
2001,ddxplus#778,ddxplus,3,1,898.0000,1182
2002,ddxplus#779,ddxplus,3,1,898.0000,1183
2003,ddxplus#780,ddxplus,3,1,898.0000,1184
2004,hotpotqa#698,hotpotqa,3,0,899.0000,1184
2005,hotpotqa#699,hotpotqa,3,1,899.0000,1185
2006,ds1000#618,ds1000,3,0,900.0000,1185
2007,hotpotqa#700,hotpotqa,3,1,900.0000,1186
2008,ddxplus#781,ddxplus,3,0,901.0000,1186
2009,ddxplus#782,ddxplus,3,1,901.0000,1187
2010,ddxplus#783,ddxplus,3,0,902.0000,1187
2011,ds1000#573,ds1000,3,1,902.0000,1188
2012,ddxplus#784,ddxplus,3,1,902.0000,1189
2013,hotpotqa#701,hotpotqa,3,0,903.0000,1189
2014,hotpotqa#702,hotpotqa,3,1,903.0000,1190
2015,ddxplus#785,ddxplus,3,1,903.0000,1191
2016,hotpotqa#703,hotpotqa,3,1,903.0000,1192
2017,ddxplus#786,ddxplus,3,0,904.0000,1192
2018,ds1000#293,ds1000,3,1,904.0000,1193
2019,hotpotqa#704,hotpotqa,3,0,905.0000,1193
2020,hotpotqa#705,hotpotqa,3,0,906.0000,1193
2021,hotpotqa#706,hotpotqa,3,0,907.0000,1193
2022,ddxplus#787,ddxplus,3,0,908.0000,1193
2023,ds1000#538,ds1000,3,0,909.0000,1193
2024,hotpotqa#707,hotpotqa,3,0,910.0000,1193
2025,hotpotqa#708,hotpotqa,3,1,910.0000,1194
2026,hotpotqa#709,hotpotqa,3,1,910.0000,1195
2027,hotpotqa#710,hotpotqa,3,0,911.0000,1195
2028,ds1000#178,ds1000,3,0,912.0000,1195
2029,hotpotqa#711,hotpotqa,3,1,912.0000,1196
2030,ddxplus#788,ddxplus,3,1,912.0000,1197
2031,ddxplus#789,ddxplus,3,1,912.0000,1198
2032,ddxplus#790,ddxplus,3,1,912.0000,1199
2033,hotpotqa#712,hotpotqa,3,0,913.0000,1199
2034,hotpotqa#713,hotpotqa,3,1,913.0000,1200
2035,ddxplus#791,ddxplus,3,1,913.0000,1201
2036,hotpotqa#714,hotpotqa,3,1,913.0000,1202
2037,ddxplus#792,ddxplus,3,0,914.0000,1202
2038,ddxplus#793,ddxplus,3,1,914.0000,1203
2039,ds1000#516,ds1000,3,0,915.0000,1203
2040,hotpotqa#715,hotpotqa,3,0,916.0000,1203
2041,hotpotqa#716,hotpotqa,3,1,916.0000,1204
2042,ddxplus#794,ddxplus,3,1,916.0000,1205
2043,hotpotqa#717,hotpotqa,3,1,916.0000,1206
2044,hotpotqa#718,hotpotqa,3,0,917.0000,1206
2045,ddxplus#795,ddxplus,3,1,917.0000,1207
2046,hotpotqa#719,hotpotqa,3,0,918.0000,1207
2047,ddxplus#796,ddxplus,3,1,918.0000,1208
2048,hotpotqa#720,hotpotqa,3,0,919.0000,1208
2049,ds1000#981,ds1000,3,1,919.0000,1209
2050,ddxplus#797,ddxplus,3,1,919.0000,1210
2051,ds1000#229,ds1000,3,1,919.0000,1211
2052,hotpotqa#721,hotpotqa,3,0,920.0000,1211
2053,hotpotqa#722,hotpotqa,3,0,921.0000,1211
2054,hotpotqa#723,hotpotqa,3,1,921.0000,1212
2055,ddxplus#798,ddxplus,3,0,922.0000,1212
2056,hotpotqa#724,hotpotqa,3,0,923.0000,1212
2057,ddxplus#799,ddxplus,3,0,924.0000,1212
2058,hotpotqa#725,hotpotqa,3,1,924.0000,1213
2059,hotpotqa#726,hotpotqa,3,0,925.0000,1213
2060,ddxplus#800,ddxplus,3,1,925.0000,1214
2061,ds1000#353,ds1000,3,0,926.0000,1214
2062,hotpotqa#727,hotpotqa,3,1,926.0000,1215
2063,hotpotqa#728,hotpotqa,3,0,927.0000,1215
2064,hotpotqa#729,hotpotqa,3,1,927.0000,1216
2065,ds1000#84,ds1000,3,0,928.0000,1216
2066,hotpotqa#730,hotpotqa,3,0,929.0000,1216
2067,hotpotqa#731,hotpotqa,3,1,929.0000,1217
2068,hotpotqa#732,hotpotqa,3,0,930.0000,1217
2069,hotpotqa#733,hotpotqa,3,1,930.0000,1218
2070,ddxplus#801,ddxplus,3,0,931.0000,1218
2071,hotpotqa#734,hotpotqa,3,1,931.0000,1219
2072,ddxplus#802,ddxplus,3,0,932.0000,1219
2073,hotpotqa#735,hotpotqa,3,1,932.0000,1220
2074,hotpotqa#736,hotpotqa,3,0,933.0000,1220
2075,hotpotqa#737,hotpotqa,3,0,934.0000,1220
2076,hotpotqa#738,hotpotqa,3,0,935.0000,1220
2077,hotpotqa#739,hotpotqa,3,0,936.0000,1220
2078,ds1000#607,ds1000,3,1,936.0000,1221
2079,hotpotqa#740,hotpotqa,3,0,937.0000,1221
2080,hotpotqa#741,hotpotqa,3,0,938.0000,1221
2081,hotpotqa#742,hotpotqa,3,0,939.0000,1221
2082,hotpotqa#743,hotpotqa,3,1,939.0000,1222
2083,hotpotqa#744,hotpotqa,3,1,939.0000,1223
2084,ddxplus#803,ddxplus,3,0,940.0000,1223
2085,ds1000#559,ds1000,3,1,940.0000,1224
2086,ds1000#870,ds1000,3,1,940.0000,1225
2087,ddxplus#804,ddxplus,3,0,941.0000,1225
2088,ds1000#282,ds1000,3,0,942.0000,1225
2089,hotpotqa#745,hotpotqa,3,1,942.0000,1226
2090,hotpotqa#746,hotpotqa,3,1,942.0000,1227
2091,ds1000#522,ds1000,3,0,943.0000,1227
2092,ddxplus#805,ddxplus,3,1,943.0000,1228
2093,ddxplus#806,ddxplus,3,1,943.0000,1229
2094,ddxplus#807,ddxplus,3,1,943.0000,1230
2095,hotpotqa#747,hotpotqa,3,0,944.0000,1230
2096,hotpotqa#748,hotpotqa,3,0,945.0000,1230
2097,ddxplus#808,ddxplus,3,1,945.0000,1231
2098,ds1000#438,ds1000,3,1,945.0000,1232
2099,ddxplus#809,ddxplus,3,1,945.0000,1233
2100,ds1000#160,ds1000,3,0,946.0000,1233
2101,ds1000#74,ds1000,3,0,947.0000,1233
2102,ddxplus#810,ddxplus,3,0,948.0000,1233
2103,hotpotqa#749,hotpotqa,3,0,949.0000,1233
2104,hotpotqa#750,hotpotqa,3,0,950.0000,1233
2105,hotpotqa#751,hotpotqa,3,1,950.0000,1234
2106,hotpotqa#752,hotpotqa,3,0,951.0000,1234
2107,hotpotqa#753,hotpotqa,3,1,951.0000,1235
2108,ds1000#733,ds1000,3,1,951.0000,1236
2109,hotpotqa#754,hotpotqa,3,1,951.0000,1237
2110,ds1000#938,ds1000,3,1,951.0000,1238
2111,ddxplus#811,ddxplus,3,1,951.0000,1239
2112,ddxplus#812,ddxplus,3,0,952.0000,1239
2113,hotpotqa#755,hotpotqa,3,0,953.0000,1239
2114,hotpotqa#756,hotpotqa,3,0,954.0000,1239
2115,ds1000#969,ds1000,3,1,954.0000,1240
2116,ddxplus#813,ddxplus,3,1,954.0000,1241
2117,ddxplus#814,ddxplus,3,1,954.0000,1242
2118,ddxplus#815,ddxplus,3,1,954.0000,1243
2119,ddxplus#816,ddxplus,3,1,954.0000,1244
2120,ddxplus#817,ddxplus,3,0,955.0000,1244
2121,hotpotqa#757,hotpotqa,3,1,955.0000,1245
2122,ddxplus#818,ddxplus,3,0,956.0000,1245
2123,hotpotqa#758,hotpotqa,3,1,956.0000,1246
2124,ddxplus#819,ddxplus,3,1,956.0000,1247
2125,hotpotqa#759,hotpotqa,3,0,957.0000,1247
2126,ds1000#200,ds1000,3,0,958.0000,1247
2127,ddxplus#820,ddxplus,3,1,958.0000,1248
2128,ddxplus#821,ddxplus,3,1,958.0000,1249
2129,hotpotqa#760,hotpotqa,3,1,958.0000,1250
2130,ddxplus#822,ddxplus,3,1,958.0000,1251
2131,hotpotqa#761,hotpotqa,3,1,958.0000,1252
2132,hotpotqa#762,hotpotqa,3,1,958.0000,1253
2133,hotpotqa#763,hotpotqa,3,1,958.0000,1254
2134,hotpotqa#764,hotpotqa,3,1,958.0000,1255
2135,ddxplus#823,ddxplus,3,0,959.0000,1255
2136,hotpotqa#765,hotpotqa,3,0,960.0000,1255
2137,ddxplus#824,ddxplus,3,0,961.0000,1255
2138,ddxplus#825,ddxplus,3,1,961.0000,1256
2139,ddxplus#826,ddxplus,3,1,961.0000,1257
2140,ddxplus#827,ddxplus,3,1,961.0000,1258
2141,ddxplus#828,ddxplus,3,1,961.0000,1259
2142,hotpotqa#766,hotpotqa,3,0,962.0000,1259
2143,hotpotqa#767,hotpotqa,3,0,963.0000,1259
2144,ds1000#757,ds1000,3,1,963.0000,1260
2145,ds1000#517,ds1000,3,0,964.0000,1260
2146,ddxplus#829,ddxplus,3,1,964.0000,1261
2147,hotpotqa#768,hotpotqa,3,1,964.0000,1262
2148,hotpotqa#769,hotpotqa,3,1,964.0000,1263
2149,hotpotqa#770,hotpotqa,3,0,965.0000,1263
2150,ddxplus#830,ddxplus,3,0,966.0000,1265
2151,ddxplus#831,ddxplus,3,1,966.0000,1266
2152,ds1000#754,ds1000,3,1,966.0000,1267
2153,hotpotqa#771,hotpotqa,3,0,967.0000,1267
2154,ddxplus#832,ddxplus,3,1,967.0000,1268
2155,ddxplus#833,ddxplus,3,1,967.0000,1269
2156,ddxplus#834,ddxplus,3,0,968.0000,1269
2157,hotpotqa#772,hotpotqa,3,0,969.0000,1269
2158,ds1000#979,ds1000,3,0,970.0000,1269
2159,hotpotqa#773,hotpotqa,3,1,970.0000,1270
2160,ddxplus#835,ddxplus,3,1,970.0000,1271
2161,ddxplus#836,ddxplus,3,1,970.0000,1272
2162,hotpotqa#774,hotpotqa,3,0,971.0000,1272
2163,ds1000#295,ds1000,3,1,971.0000,1273
2164,hotpotqa#775,hotpotqa,3,1,971.0000,1274
2165,ddxplus#837,ddxplus,3,1,971.0000,1275
2166,hotpotqa#776,hotpotqa,3,1,971.0000,1276
2167,ddxplus#838,ddxplus,3,0,972.0000,1276
2168,hotpotqa#777,hotpotqa,3,1,972.0000,1277
2169,hotpotqa#778,hotpotqa,3,1,972.0000,1278
2170,hotpotqa#779,hotpotqa,3,1,972.0000,1280
2171,ddxplus#839,ddxplus,3,0,973.0000,1280
2172,ddxplus#840,ddxplus,3,1,973.0000,1281
2173,ddxplus#841,ddxplus,3,1,973.0000,1282
2174,ddxplus#842,ddxplus,3,1,973.0000,1283
2175,ddxplus#843,ddxplus,3,1,973.0000,1284
2176,hotpotqa#780,hotpotqa,3,0,974.0000,1284
2177,ddxplus#844,ddxplus,3,1,974.0000,1285
2178,ddxplus#845,ddxplus,3,1,974.0000,1286
2179,hotpotqa#781,hotpotqa,3,1,974.0000,1287
2180,hotpotqa#782,hotpotqa,3,0,975.0000,1287
2181,ds1000#423,ds1000,3,0,976.0000,1287
2182,hotpotqa#783,hotpotqa,3,1,976.0000,1288
2183,hotpotqa#784,hotpotqa,3,1,976.0000,1289
2184,ddxplus#846,ddxplus,3,0,977.0000,1289
2185,hotpotqa#785,hotpotqa,3,0,978.0000,1289
2186,ddxplus#847,ddxplus,3,1,978.0000,1290
2187,ddxplus#848,ddxplus,3,1,978.0000,1291
2188,ddxplus#849,ddxplus,3,1,978.0000,1292
2189,hotpotqa#786,hotpotqa,3,1,978.0000,1293
2190,ds1000#118,ds1000,3,1,978.0000,1294
2191,ddxplus#850,ddxplus,3,1,978.0000,1295
2192,ds1000#337,ds1000,3,1,978.0000,1296
2193,ddxplus#851,ddxplus,3,1,978.0000,1297
2194,hotpotqa#787,hotpotqa,3,1,978.0000,1298
2195,ddxplus#852,ddxplus,3,1,978.0000,1299
2196,hotpotqa#788,hotpotqa,3,1,978.0000,1300
2197,ddxplus#853,ddxplus,3,1,978.0000,1301
2198,ddxplus#854,ddxplus,3,0,979.0000,1301
2199,ddxplus#855,ddxplus,3,0,980.0000,1301
2200,ddxplus#856,ddxplus,3,1,980.0000,1302
2201,hotpotqa#789,hotpotqa,3,0,981.0000,1302
2202,hotpotqa#790,hotpotqa,3,0,982.0000,1302
2203,hotpotqa#791,hotpotqa,3,0,983.0000,1302
2204,ddxplus#857,ddxplus,3,1,983.0000,1303
2205,ddxplus#858,ddxplus,3,1,983.0000,1304
2206,ddxplus#859,ddxplus,3,1,983.0000,1305
2207,ddxplus#860,ddxplus,3,1,983.0000,1306
2208,ds1000#985,ds1000,3,0,984.0000,1306
2209,ds1000#947,ds1000,3,1,984.0000,1307
2210,ddxplus#861,ddxplus,3,0,985.0000,1308
2211,hotpotqa#792,hotpotqa,3,0,986.0000,1308
2212,hotpotqa#793,hotpotqa,3,0,987.0000,1308
2213,ddxplus#862,ddxplus,3,1,987.0000,1309
2214,ddxplus#863,ddxplus,3,0,988.0000,1309
2215,hotpotqa#794,hotpotqa,3,1,988.0000,1310
2216,hotpotqa#795,hotpotqa,3,0,989.0000,1310
2217,ddxplus#864,ddxplus,3,0,990.0000,1310
2218,ddxplus#865,ddxplus,3,1,990.0000,1311
2219,hotpotqa#796,hotpotqa,3,1,990.0000,1312
2220,hotpotqa#797,hotpotqa,3,0,991.0000,1312
2221,hotpotqa#798,hotpotqa,3,0,992.0000,1312
2222,hotpotqa#799,hotpotqa,3,0,993.0000,1312
2223,hotpotqa#800,hotpotqa,3,0,994.0000,1312
2224,ddxplus#866,ddxplus,3,1,994.0000,1313
2225,ddxplus#867,ddxplus,3,0,995.0000,1313
2226,ddxplus#868,ddxplus,3,1,995.0000,1314
2227,ddxplus#869,ddxplus,3,1,995.0000,1315
2228,hotpotqa#801,hotpotqa,3,0,996.0000,1315
2229,ddxplus#870,ddxplus,3,1,996.0000,1316
2230,hotpotqa#802,hotpotqa,3,1,996.0000,1317
2231,ddxplus#871,ddxplus,3,1,996.0000,1318
2232,ds1000#215,ds1000,3,1,996.0000,1319
2233,ddxplus#872,ddxplus,3,1,996.0000,1320
2234,ddxplus#873,ddxplus,3,1,996.0000,1321
2235,ddxplus#874,ddxplus,3,1,996.0000,1322
2236,ddxplus#875,ddxplus,3,1,996.0000,1323
2237,ds1000#924,ds1000,3,0,997.0000,1323
2238,ds1000#54,ds1000,3,1,997.0000,1324
2239,ddxplus#876,ddxplus,3,1,997.0000,1325
2240,ddxplus#877,ddxplus,3,0,998.0000,1325
2241,ddxplus#878,ddxplus,3,0,999.0000,1325
2242,hotpotqa#803,hotpotqa,3,0,1000.0000,1325
2243,ds1000#880,ds1000,3,0,1001.0000,1325
2244,hotpotqa#804,hotpotqa,3,1,1001.0000,1326
2245,hotpotqa#805,hotpotqa,3,0,1002.0000,1326
2246,ds1000#737,ds1000,3,0,1003.0000,1326
2247,ddxplus#879,ddxplus,3,1,1003.0000,1327
2248,ds1000#847,ds1000,3,0,1004.0000,1327
2249,ds1000#643,ds1000,3,1,1004.0000,1328
2250,ddxplus#880,ddxplus,3,0,1005.0000,1328
2251,ds1000#765,ds1000,3,0,1006.0000,1328
2252,hotpotqa#806,hotpotqa,3,0,1007.0000,1328
2253,ds1000#446,ds1000,3,0,1008.0000,1328
2254,hotpotqa#807,hotpotqa,3,0,1009.0000,1328
2255,ddxplus#881,ddxplus,3,1,1009.0000,1329
2256,ddxplus#882,ddxplus,3,1,1009.0000,1330
2257,ddxplus#883,ddxplus,3,0,1010.0000,1330
2258,hotpotqa#808,hotpotqa,3,1,1010.0000,1331
2259,ddxplus#884,ddxplus,3,1,1010.0000,1332
2260,hotpotqa#809,hotpotqa,3,0,1011.0000,1333
2261,ddxplus#885,ddxplus,3,0,1012.0000,1333
2262,ddxplus#886,ddxplus,3,1,1012.0000,1334
2263,ddxplus#887,ddxplus,3,0,1013.0000,1334
2264,ddxplus#888,ddxplus,3,1,1013.0000,1335
2265,hotpotqa#810,hotpotqa,3,1,1013.0000,1336
2266,ddxplus#889,ddxplus,3,1,1013.0000,1337
2267,ddxplus#890,ddxplus,3,1,1013.0000,1338
2268,ddxplus#891,ddxplus,3,0,1014.0000,1338
2269,ds1000#284,ds1000,3,0,1015.0000,1338
2270,ddxplus#892,ddxplus,3,1,1015.0000,1339
2271,ddxplus#893,ddxplus,3,1,1015.0000,1340
2272,ds1000#897,ds1000,3,1,1015.0000,1341
2273,ddxplus#894,ddxplus,3,1,1015.0000,1342
2274,hotpotqa#811,hotpotqa,3,0,1016.0000,1342
2275,hotpotqa#812,hotpotqa,3,1,1016.0000,1343
2276,hotpotqa#813,hotpotqa,3,0,1017.0000,1343
2277,ddxplus#895,ddxplus,3,0,1018.0000,1343
2278,ddxplus#896,ddxplus,3,1,1018.0000,1344
2279,ddxplus#897,ddxplus,3,1,1018.0000,1345
2280,ddxplus#898,ddxplus,3,1,1018.0000,1346
2281,ddxplus#899,ddxplus,3,1,1018.0000,1347
2282,ddxplus#900,ddxplus,3,1,1018.0000,1348
2283,ddxplus#901,ddxplus,3,1,1018.0000,1349
2284,ddxplus#902,ddxplus,3,0,1019.0000,1349
2285,hotpotqa#814,hotpotqa,3,1,1019.0000,1350
2286,hotpotqa#815,hotpotqa,3,1,1019.0000,1351
2287,ddxplus#903,ddxplus,3,1,1019.0000,1352
2288,hotpotqa#816,hotpotqa,3,1,1019.0000,1353
2289,ddxplus#904,ddxplus,3,1,1019.0000,1354
2290,ddxplus#905,ddxplus,3,0,1020.0000,1354
2291,ddxplus#906,ddxplus,3,1,1020.0000,1355
2292,hotpotqa#817,hotpotqa,3,1,1020.0000,1356
2293,ddxplus#907,ddxplus,3,1,1020.0000,1357
2294,ddxplus#908,ddxplus,3,1,1020.0000,1358
2295,hotpotqa#818,hotpotqa,3,1,1020.0000,1359
2296,hotpotqa#819,hotpotqa,3,1,1020.0000,1360
2297,hotpotqa#820,hotpotqa,3,0,1021.0000,1360
2298,hotpotqa#821,hotpotqa,3,1,1021.0000,1361
2299,ddxplus#909,ddxplus,3,0,1022.0000,1361
2300,hotpotqa#822,hotpotqa,3,0,1023.0000,1361
2301,ds1000#874,ds1000,3,1,1023.0000,1362
2302,ds1000#99,ds1000,3,0,1024.0000,1362
2303,ddxplus#910,ddxplus,3,1,1024.0000,1363
2304,hotpotqa#823,hotpotqa,3,1,1024.0000,1364
2305,ddxplus#911,ddxplus,3,1,1024.0000,1365
2306,ddxplus#912,ddxplus,3,1,1024.0000,1366
2307,ddxplus#913,ddxplus,3,1,1024.0000,1367
2308,hotpotqa#824,hotpotqa,3,0,1025.0000,1367
2309,hotpotqa#825,hotpotqa,3,1,1025.0000,1368
2310,hotpotqa#826,hotpotqa,3,1,1025.0000,1369
2311,ddxplus#914,ddxplus,3,1,1025.0000,1370
2312,ds1000#139,ds1000,3,1,1025.0000,1371
2313,hotpotqa#827,hotpotqa,3,1,1025.0000,1372
2314,ds1000#926,ds1000,3,0,1026.0000,1372
2315,ds1000#320,ds1000,3,1,1026.0000,1373
2316,ddxplus#915,ddxplus,3,0,1027.0000,1373
2317,hotpotqa#828,hotpotqa,3,1,1027.0000,1374
2318,ddxplus#916,ddxplus,3,1,1027.0000,1375
2319,hotpotqa#829,hotpotqa,3,1,1027.0000,1376
2320,hotpotqa#830,hotpotqa,3,0,1028.0000,1376
2321,hotpotqa#831,hotpotqa,3,0,1029.0000,1376
2322,hotpotqa#832,hotpotqa,3,1,1029.0000,1377
2323,ddxplus#917,ddxplus,3,1,1029.0000,1378
2324,hotpotqa#833,hotpotqa,3,1,1029.0000,1379
2325,ddxplus#918,ddxplus,3,1,1029.0000,1380
2326,hotpotqa#834,hotpotqa,3,1,1029.0000,1381
2327,hotpotqa#835,hotpotqa,3,0,1030.0000,1381
2328,hotpotqa#836,hotpotqa,3,1,1030.0000,1382
2329,ds1000#246,ds1000,3,0,1031.0000,1382
2330,ddxplus#919,ddxplus,3,1,1031.0000,1383
2331,hotpotqa#837,hotpotqa,3,1,1031.0000,1384
2332,ddxplus#920,ddxplus,3,0,1032.0000,1384
2333,ddxplus#921,ddxplus,3,0,1033.0000,1384
2334,ddxplus#922,ddxplus,3,1,1033.0000,1385
2335,ddxplus#923,ddxplus,3,1,1033.0000,1386
2336,ds1000#23,ds1000,3,1,1033.0000,1387
2337,hotpotqa#838,hotpotqa,3,0,1034.0000,1387
2338,ds1000#191,ds1000,3,0,1035.0000,1387
2339,hotpotqa#839,hotpotqa,3,1,1035.0000,1388
2340,ddxplus#924,ddxplus,3,0,1036.0000,1388
2341,hotpotqa#840,hotpotqa,3,1,1036.0000,1389
2342,ddxplus#925,ddxplus,3,0,1037.0000,1389
2343,ddxplus#926,ddxplus,3,1,1037.0000,1390
2344,ds1000#505,ds1000,3,0,1038.0000,1390
2345,hotpotqa#841,hotpotqa,3,0,1039.0000,1390
2346,hotpotqa#842,hotpotqa,3,0,1040.0000,1390
2347,hotpotqa#843,hotpotqa,3,1,1040.0000,1391
2348,ds1000#264,ds1000,3,1,1040.0000,1392
2349,hotpotqa#844,hotpotqa,3,1,1040.0000,1393
2350,ddxplus#927,ddxplus,3,1,1040.0000,1394
2351,ddxplus#928,ddxplus,3,1,1040.0000,1395
2352,hotpotqa#845,hotpotqa,3,1,1040.0000,1396
2353,hotpotqa#846,hotpotqa,3,0,1041.0000,1396
2354,ddxplus#929,ddxplus,3,1,1041.0000,1397
2355,hotpotqa#847,hotpotqa,3,1,1041.0000,1398
2356,hotpotqa#848,hotpotqa,3,1,1041.0000,1399
2357,ddxplus#930,ddxplus,3,1,1041.0000,1400
2358,ddxplus#931,ddxplus,3,1,1041.0000,1401
2359,hotpotqa#849,hotpotqa,3,0,1042.0000,1401
2360,ddxplus#932,ddxplus,3,1,1042.0000,1402
2361,hotpotqa#850,hotpotqa,3,0,1043.0000,1402
2362,ddxplus#933,ddxplus,3,1,1043.0000,1403
2363,hotpotqa#851,hotpotqa,3,0,1044.0000,1403
2364,ddxplus#934,ddxplus,3,1,1044.0000,1404
2365,ddxplus#935,ddxplus,3,1,1044.0000,1405
2366,hotpotqa#852,hotpotqa,3,1,1044.0000,1406
2367,ddxplus#936,ddxplus,3,1,1044.0000,1407
2368,ddxplus#937,ddxplus,3,0,1045.0000,1407
2369,ds1000#824,ds1000,3,1,1045.0000,1408
2370,hotpotqa#853,hotpotqa,3,1,1045.0000,1409
2371,ddxplus#938,ddxplus,3,0,1046.0000,1409
2372,ddxplus#939,ddxplus,3,1,1046.0000,1410
2373,hotpotqa#854,hotpotqa,3,0,1047.0000,1410
2374,hotpotqa#855,hotpotqa,3,1,1047.0000,1411
2375,ddxplus#940,ddxplus,3,1,1047.0000,1412
2376,ds1000#465,ds1000,3,1,1047.0000,1413
2377,ds1000#792,ds1000,3,1,1047.0000,1414
2378,ds1000#610,ds1000,3,0,1048.0000,1414
2379,hotpotqa#856,hotpotqa,3,0,1049.0000,1414
2380,hotpotqa#857,hotpotqa,3,1,1049.0000,1415
2381,ds1000#636,ds1000,3,1,1049.0000,1416
2382,hotpotqa#858,hotpotqa,3,0,1050.0000,1416
2383,ddxplus#941,ddxplus,3,1,1050.0000,1417
2384,ddxplus#942,ddxplus,3,1,1050.0000,1418
2385,ds1000#653,ds1000,3,1,1050.0000,1419
2386,ddxplus#943,ddxplus,3,1,1050.0000,1420
2387,ds1000#801,ds1000,3,1,1050.0000,1421
2388,ddxplus#944,ddxplus,3,1,1050.0000,1422
2389,ds1000#520,ds1000,3,0,1051.0000,1422
2390,ddxplus#945,ddxplus,3,0,1052.0000,1422
2391,ddxplus#946,ddxplus,3,1,1052.0000,1423
2392,ddxplus#947,ddxplus,3,1,1052.0000,1424
2393,ddxplus#948,ddxplus,3,1,1052.0000,1425
2394,ddxplus#949,ddxplus,3,1,1052.0000,1426
2395,hotpotqa#859,hotpotqa,3,0,1053.0000,1426
2396,ddxplus#950,ddxplus,3,1,1053.0000,1427
2397,ds1000#436,ds1000,3,1,1053.0000,1428
2398,ddxplus#951,ddxplus,3,1,1053.0000,1429
2399,hotpotqa#860,hotpotqa,3,1,1053.0000,1430
2400,ds1000#430,ds1000,3,1,1053.0000,1431
2401,ds1000#262,ds1000,3,1,1053.0000,1432
2402,ddxplus#952,ddxplus,3,1,1053.0000,1433
2403,hotpotqa#861,hotpotqa,3,0,1054.0000,1433
2404,hotpotqa#862,hotpotqa,3,0,1055.0000,1433
2405,hotpotqa#863,hotpotqa,3,0,1056.0000,1433
2406,hotpotqa#864,hotpotqa,3,1,1056.0000,1434
2407,hotpotqa#865,hotpotqa,3,0,1057.0000,1434
2408,hotpotqa#866,hotpotqa,3,0,1058.0000,1434
2409,ddxplus#953,ddxplus,3,1,1058.0000,1435
2410,ddxplus#954,ddxplus,3,1,1058.0000,1437
2411,ddxplus#955,ddxplus,3,1,1058.0000,1438
2412,ds1000#242,ds1000,3,0,1059.0000,1438
2413,hotpotqa#867,hotpotqa,3,0,1060.0000,1438
2414,hotpotqa#868,hotpotqa,3,1,1060.0000,1439
2415,ddxplus#956,ddxplus,3,1,1060.0000,1440
2416,hotpotqa#869,hotpotqa,3,0,1061.0000,1440
2417,ddxplus#957,ddxplus,3,1,1061.0000,1441
2418,ddxplus#958,ddxplus,3,0,1062.0000,1441
2419,ddxplus#959,ddxplus,3,0,1063.0000,1441
2420,ddxplus#960,ddxplus,3,1,1063.0000,1442
2421,ddxplus#961,ddxplus,3,1,1063.0000,1443
2422,ddxplus#962,ddxplus,3,1,1063.0000,1444
2423,ddxplus#963,ddxplus,3,1,1063.0000,1445
2424,ddxplus#964,ddxplus,3,1,1063.0000,1446
2425,hotpotqa#870,hotpotqa,3,0,1064.0000,1446
2426,ddxplus#965,ddxplus,3,1,1064.0000,1447
2427,hotpotqa#871,hotpotqa,3,0,1065.0000,1447
2428,hotpotqa#872,hotpotqa,3,0,1066.0000,1447
2429,ddxplus#966,ddxplus,3,1,1066.0000,1448
2430,hotpotqa#873,hotpotqa,3,1,1066.0000,1449
2431,ds1000#822,ds1000,3,1,1066.0000,1450
2432,ddxplus#967,ddxplus,3,1,1066.0000,1451
2433,hotpotqa#874,hotpotqa,3,1,1066.0000,1452
2434,ddxplus#968,ddxplus,3,1,1066.0000,1453
2435,hotpotqa#875,hotpotqa,3,1,1066.0000,1454
2436,ds1000#656,ds1000,3,0,1067.0000,1454
2437,hotpotqa#876,hotpotqa,3,0,1068.0000,1454
2438,ds1000#594,ds1000,3,1,1068.0000,1455
2439,hotpotqa#877,hotpotqa,3,1,1068.0000,1456
2440,ddxplus#969,ddxplus,3,1,1068.0000,1457
2441,ddxplus#970,ddxplus,3,1,1068.0000,1458
2442,ddxplus#971,ddxplus,3,1,1068.0000,1459
2443,ddxplus#972,ddxplus,3,1,1068.0000,1460
2444,hotpotqa#878,hotpotqa,3,0,1069.0000,1460
2445,ddxplus#973,ddxplus,3,1,1069.0000,1461
2446,hotpotqa#879,hotpotqa,3,0,1070.0000,1461
2447,ddxplus#974,ddxplus,3,1,1070.0000,1462
2448,ds1000#907,ds1000,3,0,1071.0000,1462
2449,hotpotqa#880,hotpotqa,3,1,1071.0000,1463
2450,hotpotqa#881,hotpotqa,3,1,1071.0000,1464
2451,ddxplus#975,ddxplus,3,1,1071.0000,1465
2452,hotpotqa#882,hotpotqa,3,1,1071.0000,1466
2453,ddxplus#976,ddxplus,3,1,1071.0000,1467
2454,hotpotqa#883,hotpotqa,3,1,1071.0000,1468
2455,ds1000#486,ds1000,3,1,1071.0000,1469
2456,ddxplus#977,ddxplus,3,1,1071.0000,1470
2457,hotpotqa#884,hotpotqa,3,1,1071.0000,1471
2458,ddxplus#978,ddxplus,3,1,1071.0000,1472
2459,ddxplus#979,ddxplus,3,0,1072.0000,1472
2460,ds1000#103,ds1000,3,1,1072.0000,1473
2461,ds1000#414,ds1000,3,0,1073.0000,1473
2462,hotpotqa#885,hotpotqa,3,0,1074.0000,1473
2463,hotpotqa#886,hotpotqa,3,1,1074.0000,1474
2464,ddxplus#980,ddxplus,3,1,1074.0000,1475
2465,ddxplus#981,ddxplus,3,1,1074.0000,1476
2466,ddxplus#982,ddxplus,3,1,1074.0000,1477
2467,hotpotqa#887,hotpotqa,3,1,1074.0000,1478
2468,ddxplus#983,ddxplus,3,1,1074.0000,1479
2469,ds1000#327,ds1000,3,1,1074.0000,1480
2470,ddxplus#984,ddxplus,3,1,1074.0000,1481
2471,ddxplus#985,ddxplus,3,1,1074.0000,1482
2472,ddxplus#986,ddxplus,3,0,1075.0000,1482
2473,hotpotqa#888,hotpotqa,3,1,1075.0000,1483
2474,hotpotqa#889,hotpotqa,3,1,1075.0000,1484
2475,ds1000#104,ds1000,3,0,1076.0000,1484
2476,ddxplus#987,ddxplus,3,1,1076.0000,1485
2477,ddxplus#988,ddxplus,3,1,1076.0000,1486
2478,ds1000#844,ds1000,3,1,1076.0000,1487
2479,ds1000#906,ds1000,3,0,1077.0000,1487
2480,ddxplus#989,ddxplus,3,1,1077.0000,1488
2481,ddxplus#990,ddxplus,3,1,1077.0000,1489
2482,ddxplus#991,ddxplus,3,0,1078.0000,1489
2483,hotpotqa#890,hotpotqa,3,0,1079.0000,1489
2484,hotpotqa#891,hotpotqa,3,0,1080.0000,1489
2485,ddxplus#992,ddxplus,3,0,1081.0000,1489
2486,ds1000#841,ds1000,3,1,1081.0000,1490
2487,hotpotqa#892,hotpotqa,3,1,1081.0000,1491
2488,hotpotqa#893,hotpotqa,3,0,1082.0000,1491
2489,ds1000#443,ds1000,3,1,1082.0000,1492
2450,hotpotqa#881,hotpotqa,3,1,1071.0000,1464
2451,ddxplus#975,ddxplus,3,1,1071.0000,1465
2452,hotpotqa#882,hotpotqa,3,1,1071.0000,1466
2453,ddxplus#976,ddxplus,3,1,1071.0000,1467
2454,hotpotqa#883,hotpotqa,3,1,1071.0000,1468
2455,ds1000#486,ds1000,3,1,1071.0000,1469
2456,ddxplus#977,ddxplus,3,1,1071.0000,1470
2457,hotpotqa#884,hotpotqa,3,1,1071.0000,1471
2458,ddxplus#978,ddxplus,3,1,1071.0000,1472
2459,ddxplus#979,ddxplus,3,0,1072.0000,1472
2460,ds1000#103,ds1000,3,1,1072.0000,1474
2461,ds1000#414,ds1000,3,0,1073.0000,1474
2462,hotpotqa#885,hotpotqa,3,0,1074.0000,1474
2463,hotpotqa#886,hotpotqa,3,1,1074.0000,1475
2464,ddxplus#980,ddxplus,3,1,1074.0000,1476
2465,ddxplus#981,ddxplus,3,1,1074.0000,1477
2466,ddxplus#982,ddxplus,3,1,1074.0000,1478
2467,hotpotqa#887,hotpotqa,3,1,1074.0000,1479
2468,ddxplus#983,ddxplus,3,1,1074.0000,1480
2469,ds1000#327,ds1000,3,1,1074.0000,1481
2450,hotpotqa#881,hotpotqa,3,1,1071.0000,1464
2451,ddxplus#975,ddxplus,3,1,1071.0000,1465
2452,hotpotqa#882,hotpotqa,3,1,1071.0000,1466
2453,ddxplus#976,ddxplus,3,1,1071.0000,1467
2454,hotpotqa#883,hotpotqa,3,1,1071.0000,1468
2455,ds1000#486,ds1000,3,1,1071.0000,1469
2456,ddxplus#977,ddxplus,3,1,1071.0000,1470
2457,hotpotqa#884,hotpotqa,3,1,1071.0000,1471
2458,ddxplus#978,ddxplus,3,1,1071.0000,1472
2459,ddxplus#979,ddxplus,3,0,1072.0000,1472
2460,ds1000#103,ds1000,3,1,1072.0000,1474
2461,ds1000#414,ds1000,3,0,1073.0000,1474
2462,hotpotqa#885,hotpotqa,3,0,1074.0000,1474
2463,hotpotqa#886,hotpotqa,3,1,1074.0000,1475
2464,ddxplus#980,ddxplus,3,1,1074.0000,1476
2465,ddxplus#981,ddxplus,3,1,1074.0000,1477
2466,ddxplus#982,ddxplus,3,1,1074.0000,1478
2467,hotpotqa#887,hotpotqa,3,1,1074.0000,1479
2468,ddxplus#983,ddxplus,3,1,1074.0000,1480
2469,ds1000#327,ds1000,3,1,1074.0000,1481
2470,ddxplus#984,ddxplus,3,1,1074.0000,1482
2471,ddxplus#985,ddxplus,3,1,1074.0000,1483
2472,ddxplus#986,ddxplus,3,0,1075.0000,1483
2473,hotpotqa#888,hotpotqa,3,1,1075.0000,1484
2474,hotpotqa#889,hotpotqa,3,1,1075.0000,1485
2475,ds1000#104,ds1000,3,0,1076.0000,1485
2476,ddxplus#987,ddxplus,3,1,1076.0000,1486
2477,ddxplus#988,ddxplus,3,1,1076.0000,1487
2478,ds1000#844,ds1000,3,1,1076.0000,1488
2479,ds1000#906,ds1000,3,0,1077.0000,1488
2480,ddxplus#989,ddxplus,3,1,1077.0000,1489
2481,ddxplus#990,ddxplus,3,1,1077.0000,1490
2482,ddxplus#991,ddxplus,3,0,1078.0000,1490
2483,hotpotqa#890,hotpotqa,3,0,1079.0000,1490
2484,hotpotqa#891,hotpotqa,3,0,1080.0000,1490
2485,ddxplus#992,ddxplus,3,0,1081.0000,1490
2486,ds1000#841,ds1000,3,1,1081.0000,1491
2487,hotpotqa#892,hotpotqa,3,1,1081.0000,1492
2488,hotpotqa#893,hotpotqa,3,0,1082.0000,1492
2489,ds1000#443,ds1000,3,1,1082.0000,1493
2490,hotpotqa#894,hotpotqa,3,0,1083.0000,1493
2491,hotpotqa#895,hotpotqa,3,1,1083.0000,1494
2492,ddxplus#993,ddxplus,3,1,1083.0000,1495
2493,ddxplus#994,ddxplus,3,1,1083.0000,1496
2494,ddxplus#995,ddxplus,3,1,1083.0000,1497
2495,ddxplus#996,ddxplus,3,0,1084.0000,1497
2496,ddxplus#997,ddxplus,3,1,1084.0000,1498
2497,ddxplus#998,ddxplus,3,1,1084.0000,1499
2498,hotpotqa#896,hotpotqa,3,1,1084.0000,1500
2499,ddxplus#999,ddxplus,3,1,1084.0000,1501
2500,ddxplus#1000,ddxplus,3,0,1085.0000,1501
2501,hotpotqa#897,hotpotqa,3,1,1085.0000,1502
2502,ddxplus#1001,ddxplus,3,1,1085.0000,1503
2503,hotpotqa#898,hotpotqa,3,1,1085.0000,1504
2504,hotpotqa#899,hotpotqa,3,1,1085.0000,1505
2505,ddxplus#1002,ddxplus,3,0,1086.0000,1505
2506,ddxplus#1003,ddxplus,3,1,1086.0000,1506
2507,ds1000#31,ds1000,3,0,1087.0000,1506
2508,ds1000#383,ds1000,3,1,1087.0000,1507
2509,ddxplus#1004,ddxplus,3,0,1088.0000,1507
2510,ds1000#254,ds1000,3,1,1088.0000,1508
2511,hotpotqa#900,hotpotqa,3,0,1089.0000,1508
2512,ds1000#17,ds1000,3,0,1090.0000,1508
2513,hotpotqa#901,hotpotqa,3,0,1091.0000,1508
2514,ddxplus#1005,ddxplus,3,1,1091.0000,1509
2515,hotpotqa#902,hotpotqa,3,1,1091.0000,1510
2516,ddxplus#1006,ddxplus,3,1,1091.0000,1511
2517,ddxplus#1007,ddxplus,3,0,1092.0000,1511
2518,hotpotqa#903,hotpotqa,3,0,1093.0000,1511
2519,ddxplus#1008,ddxplus,3,1,1093.0000,1512
2520,hotpotqa#904,hotpotqa,3,0,1094.0000,1512
2521,ddxplus#1009,ddxplus,3,1,1094.0000,1513
2522,ds1000#24,ds1000,3,1,1094.0000,1514
2523,hotpotqa#905,hotpotqa,3,0,1095.0000,1514
2524,ds1000#355,ds1000,3,1,1095.0000,1515
2525,ddxplus#1010,ddxplus,3,1,1095.0000,1516
2526,ddxplus#1011,ddxplus,3,1,1095.0000,1517
2527,ddxplus#1012,ddxplus,3,1,1095.0000,1518
2528,hotpotqa#906,hotpotqa,3,0,1096.0000,1518
2529,hotpotqa#907,hotpotqa,3,1,1096.0000,1519
2530,ddxplus#1013,ddxplus,3,1,1096.0000,1520
2531,ddxplus#1014,ddxplus,3,1,1096.0000,1521
2532,ds1000#378,ds1000,3,1,1096.0000,1522
2533,hotpotqa#908,hotpotqa,3,1,1096.0000,1523
2534,hotpotqa#909,hotpotqa,3,1,1096.0000,1524
2535,hotpotqa#910,hotpotqa,3,0,1097.0000,1524
2536,ddxplus#1015,ddxplus,3,1,1097.0000,1525
2537,ddxplus#1016,ddxplus,3,1,1097.0000,1526
2538,hotpotqa#911,hotpotqa,3,1,1097.0000,1527
2539,ddxplus#1017,ddxplus,3,1,1097.0000,1528
2540,ddxplus#1018,ddxplus,3,1,1097.0000,1529
2541,ddxplus#1019,ddxplus,3,1,1097.0000,1530
2542,ddxplus#1020,ddxplus,3,1,1097.0000,1531
2543,hotpotqa#912,hotpotqa,3,0,1098.0000,1531
2544,hotpotqa#913,hotpotqa,3,1,1098.0000,1532
2545,ddxplus#1021,ddxplus,3,1,1098.0000,1533
2546,hotpotqa#914,hotpotqa,3,0,1099.0000,1533
2547,hotpotqa#915,hotpotqa,3,1,1099.0000,1534
2548,ddxplus#1022,ddxplus,3,0,1100.0000,1534
2549,hotpotqa#916,hotpotqa,3,1,1100.0000,1535
2550,ddxplus#1023,ddxplus,3,1,1100.0000,1536
2551,ddxplus#1024,ddxplus,3,1,1100.0000,1537
2552,ddxplus#1025,ddxplus,3,1,1100.0000,1538
2553,ddxplus#1026,ddxplus,3,0,1101.0000,1538
2554,ds1000#782,ds1000,3,0,1102.0000,1538
2555,hotpotqa#917,hotpotqa,3,1,1102.0000,1539
2556,ddxplus#1027,ddxplus,3,0,1103.0000,1539
2557,ddxplus#1028,ddxplus,3,0,1104.0000,1539
2558,ddxplus#1029,ddxplus,3,1,1104.0000,1540
2559,ddxplus#1030,ddxplus,3,1,1104.0000,1541
2560,hotpotqa#918,hotpotqa,3,1,1104.0000,1542
2561,ddxplus#1031,ddxplus,3,0,1105.0000,1542
2562,hotpotqa#919,hotpotqa,3,1,1105.0000,1543
2563,hotpotqa#920,hotpotqa,3,1,1105.0000,1544
2564,hotpotqa#921,hotpotqa,3,1,1105.0000,1545
2565,ddxplus#1032,ddxplus,3,0,1106.0000,1545
2566,ddxplus#1033,ddxplus,3,1,1106.0000,1546
2567,ddxplus#1034,ddxplus,3,1,1106.0000,1547
2568,ddxplus#1035,ddxplus,3,1,1106.0000,1548
2569,ds1000#769,ds1000,3,1,1106.0000,1549
2570,hotpotqa#922,hotpotqa,3,1,1106.0000,1551
2571,ddxplus#1036,ddxplus,3,1,1106.0000,1552
2572,ddxplus#1037,ddxplus,3,1,1106.0000,1553
2573,hotpotqa#923,hotpotqa,3,1,1106.0000,1554
2574,ddxplus#1038,ddxplus,3,1,1106.0000,1555
2575,hotpotqa#924,hotpotqa,3,1,1106.0000,1556
2576,hotpotqa#925,hotpotqa,3,1,1106.0000,1557
2577,ds1000#568,ds1000,3,1,1106.0000,1558
2578,hotpotqa#926,hotpotqa,3,1,1106.0000,1559
2579,ddxplus#1039,ddxplus,3,1,1106.0000,1560
2580,ddxplus#1040,ddxplus,3,0,1107.0000,1560
2581,ddxplus#1041,ddxplus,3,1,1107.0000,1561
2582,hotpotqa#927,hotpotqa,3,1,1107.0000,1562
2583,ddxplus#1042,ddxplus,3,1,1107.0000,1563
2584,hotpotqa#928,hotpotqa,3,1,1107.0000,1564
2585,hotpotqa#929,hotpotqa,3,1,1107.0000,1565
2586,hotpotqa#930,hotpotqa,3,1,1107.0000,1566
2587,hotpotqa#931,hotpotqa,3,1,1107.0000,1567
2588,ds1000#460,ds1000,3,1,1107.0000,1568
2589,ddxplus#1043,ddxplus,3,0,1108.0000,1568
2590,hotpotqa#932,hotpotqa,3,1,1108.0000,1570
2591,ds1000#19,ds1000,3,0,1109.0000,1570
2592,ds1000#162,ds1000,3,0,1110.0000,1570
2593,hotpotqa#933,hotpotqa,3,1,1110.0000,1571
2594,hotpotqa#934,hotpotqa,3,0,1111.0000,1571
2595,ddxplus#1044,ddxplus,3,1,1111.0000,1572
2596,ddxplus#1045,ddxplus,3,0,1112.0000,1572
2597,ds1000#16,ds1000,3,1,1112.0000,1573
2598,hotpotqa#935,hotpotqa,3,0,1113.0000,1573
2599,ddxplus#1046,ddxplus,3,0,1114.0000,1573
2600,ddxplus#1047,ddxplus,3,1,1114.0000,1575
2601,ddxplus#1048,ddxplus,3,1,1114.0000,1576
2602,ddxplus#1049,ddxplus,3,1,1114.0000,1577
2603,ddxplus#1050,ddxplus,3,1,1114.0000,1578
2604,hotpotqa#936,hotpotqa,3,1,1114.0000,1579
2605,ddxplus#1051,ddxplus,3,0,1115.0000,1579
2606,ddxplus#1052,ddxplus,3,1,1115.0000,1580
2607,ds1000#899,ds1000,3,1,1115.0000,1581
2608,hotpotqa#937,hotpotqa,3,1,1115.0000,1582
2609,ds1000#308,ds1000,3,1,1115.0000,1583
2610,ddxplus#1053,ddxplus,3,1,1115.0000,1586
2611,hotpotqa#938,hotpotqa,3,0,1116.0000,1586
2612,ds1000#968,ds1000,3,1,1116.0000,1587
2613,ds1000#495,ds1000,3,1,1116.0000,1588
2614,ds1000#325,ds1000,3,0,1117.0000,1588
2615,ddxplus#1054,ddxplus,3,1,1117.0000,1589
2616,hotpotqa#939,hotpotqa,3,1,1117.0000,1590
2617,hotpotqa#940,hotpotqa,3,0,1118.0000,1590
2618,ddxplus#1055,ddxplus,3,1,1118.0000,1591
2619,ds1000#73,ds1000,3,0,1119.0000,1591
2620,hotpotqa#941,hotpotqa,3,1,1119.0000,1592
2621,ddxplus#1056,ddxplus,3,1,1119.0000,1593
2622,hotpotqa#942,hotpotqa,3,0,1120.0000,1593
2623,ds1000#75,ds1000,3,0,1121.0000,1593
2624,ddxplus#1057,ddxplus,3,1,1121.0000,1594
2625,ddxplus#1058,ddxplus,3,1,1121.0000,1595
2626,hotpotqa#943,hotpotqa,3,1,1121.0000,1596
2627,ds1000#515,ds1000,3,0,1122.0000,1596
2628,hotpotqa#944,hotpotqa,3,0,1123.0000,1596
2629,ds1000#831,ds1000,3,0,1124.0000,1596
2630,ds1000#997,ds1000,3,0,1125.0000,1596
2631,hotpotqa#945,hotpotqa,3,1,1125.0000,1597
2632,hotpotqa#946,hotpotqa,3,0,1126.0000,1597
2633,ddxplus#1059,ddxplus,3,1,1126.0000,1598
2634,hotpotqa#947,hotpotqa,3,1,1126.0000,1599
2635,ds1000#577,ds1000,3,0,1127.0000,1599
2636,hotpotqa#948,hotpotqa,3,0,1128.0000,1599
2637,hotpotqa#949,hotpotqa,3,1,1128.0000,1600
2638,hotpotqa#950,hotpotqa,3,1,1128.0000,1601
2639,hotpotqa#951,hotpotqa,3,1,1128.0000,1602
2640,ddxplus#1060,ddxplus,3,1,1128.0000,1603
2641,ddxplus#1061,ddxplus,3,0,1129.0000,1603
2642,hotpotqa#952,hotpotqa,3,0,1130.0000,1603
2643,hotpotqa#953,hotpotqa,3,1,1130.0000,1604
2644,ddxplus#1062,ddxplus,3,0,1131.0000,1604
2645,ds1000#913,ds1000,3,1,1131.0000,1605
2646,ddxplus#1063,ddxplus,3,0,1132.0000,1605
2647,ds1000#958,ds1000,3,1,1132.0000,1606
2648,ddxplus#1064,ddxplus,3,1,1132.0000,1607
2649,ddxplus#1065,ddxplus,3,1,1132.0000,1608
2650,ds1000#283,ds1000,3,0,1133.0000,1609
2651,ds1000#574,ds1000,3,0,1134.0000,1609
2652,ds1000#456,ds1000,3,1,1134.0000,1610
2653,ddxplus#1066,ddxplus,3,0,1135.0000,1610
2654,hotpotqa#954,hotpotqa,3,1,1135.0000,1611
2655,ddxplus#1067,ddxplus,3,1,1135.0000,1612
2656,hotpotqa#955,hotpotqa,3,1,1135.0000,1613
2657,ddxplus#1068,ddxplus,3,1,1135.0000,1614
2658,ddxplus#1069,ddxplus,3,1,1135.0000,1615
2659,ddxplus#1070,ddxplus,3,1,1135.0000,1616
2660,ds1000#862,ds1000,3,0,1136.0000,1616
2661,ddxplus#1071,ddxplus,3,1,1136.0000,1617
2662,hotpotqa#956,hotpotqa,3,1,1136.0000,1618
2663,ddxplus#1072,ddxplus,3,1,1136.0000,1619
2664,ds1000#639,ds1000,3,1,1136.0000,1620
2665,ddxplus#1073,ddxplus,3,0,1137.0000,1620
2666,hotpotqa#957,hotpotqa,3,0,1138.0000,1620
2667,ddxplus#1074,ddxplus,3,1,1138.0000,1621
2668,ds1000#466,ds1000,3,1,1138.0000,1622
2669,hotpotqa#958,hotpotqa,3,0,1139.0000,1622
2670,ddxplus#1075,ddxplus,3,1,1139.0000,1623
2671,ds1000#658,ds1000,3,1,1139.0000,1624
2672,hotpotqa#959,hotpotqa,3,1,1139.0000,1625
2673,hotpotqa#960,hotpotqa,3,1,1139.0000,1626
2674,ddxplus#1076,ddxplus,3,0,1140.0000,1626
2675,ddxplus#1077,ddxplus,3,1,1140.0000,1627
2676,ds1000#777,ds1000,3,1,1140.0000,1628
2677,hotpotqa#961,hotpotqa,3,0,1141.0000,1628
2678,hotpotqa#962,hotpotqa,3,0,1142.0000,1628
2679,ds1000#739,ds1000,3,1,1142.0000,1629
2680,ddxplus#1078,ddxplus,3,1,1142.0000,1630
2681,ddxplus#1079,ddxplus,3,0,1143.0000,1630
2682,ddxplus#1080,ddxplus,3,0,1144.0000,1630
2683,ds1000#27,ds1000,3,0,1145.0000,1630
2684,ds1000#249,ds1000,3,1,1145.0000,1631
2685,ddxplus#1081,ddxplus,3,0,1146.0000,1631
2686,hotpotqa#963,hotpotqa,3,1,1146.0000,1632
2687,ddxplus#1082,ddxplus,3,1,1146.0000,1633
2688,hotpotqa#964,hotpotqa,3,1,1146.0000,1634
2689,ddxplus#1083,ddxplus,3,1,1146.0000,1635
2690,ddxplus#1084,ddxplus,3,1,1146.0000,1636
2691,ddxplus#1085,ddxplus,3,1,1146.0000,1637
2692,hotpotqa#965,hotpotqa,3,1,1146.0000,1638
2693,ddxplus#1086,ddxplus,3,1,1146.0000,1639
2694,hotpotqa#966,hotpotqa,3,0,1147.0000,1639
2695,hotpotqa#967,hotpotqa,3,0,1148.0000,1639
2696,ddxplus#1087,ddxplus,3,1,1148.0000,1640
2697,hotpotqa#968,hotpotqa,3,1,1148.0000,1641
2698,ddxplus#1088,ddxplus,3,1,1148.0000,1642
2699,hotpotqa#969,hotpotqa,3,0,1149.0000,1642
2700,hotpotqa#970,hotpotqa,3,1,1149.0000,1644
2701,hotpotqa#971,hotpotqa,3,0,1150.0000,1644
2702,ddxplus#1089,ddxplus,3,1,1150.0000,1645
2703,hotpotqa#972,hotpotqa,3,1,1150.0000,1646
2704,hotpotqa#973,hotpotqa,3,0,1151.0000,1646
2705,hotpotqa#974,hotpotqa,3,1,1151.0000,1647
2706,hotpotqa#975,hotpotqa,3,0,1152.0000,1647
2707,ddxplus#1090,ddxplus,3,0,1153.0000,1647
2708,ddxplus#1091,ddxplus,3,1,1153.0000,1648
2709,ds1000#292,ds1000,3,1,1153.0000,1649
2710,ddxplus#1092,ddxplus,3,0,1154.0000,1650
2711,hotpotqa#976,hotpotqa,3,1,1154.0000,1651
2712,hotpotqa#977,hotpotqa,3,0,1155.0000,1651
2713,hotpotqa#978,hotpotqa,3,0,1156.0000,1651
2714,ds1000#477,ds1000,3,1,1156.0000,1652
2715,ddxplus#1093,ddxplus,3,1,1156.0000,1653
2716,ddxplus#1094,ddxplus,3,1,1156.0000,1654
2717,ddxplus#1095,ddxplus,3,1,1156.0000,1655
2718,hotpotqa#979,hotpotqa,3,1,1156.0000,1656
2719,ds1000#265,ds1000,3,1,1156.0000,1657
2720,ds1000#819,ds1000,3,0,1157.0000,1657
2721,ddxplus#1096,ddxplus,3,0,1158.0000,1657
2722,ddxplus#1097,ddxplus,3,1,1158.0000,1658
2723,ddxplus#1098,ddxplus,3,1,1158.0000,1659
2724,ds1000#247,ds1000,3,0,1159.0000,1659
2725,hotpotqa#980,hotpotqa,3,0,1160.0000,1659
2726,hotpotqa#981,hotpotqa,3,0,1161.0000,1659
2727,ddxplus#1099,ddxplus,3,0,1162.0000,1659
2728,hotpotqa#982,hotpotqa,3,1,1162.0000,1660
2729,ddxplus#1100,ddxplus,3,1,1162.0000,1661
2730,ds1000#858,ds1000,3,0,1163.0000,1661
2731,ds1000#228,ds1000,3,0,1164.0000,1661
2732,ddxplus#1101,ddxplus,3,1,1164.0000,1662
2733,hotpotqa#983,hotpotqa,3,0,1165.0000,1662
2734,hotpotqa#984,hotpotqa,3,1,1165.0000,1663
2735,hotpotqa#985,hotpotqa,3,1,1165.0000,1664
2736,ddxplus#1102,ddxplus,3,1,1165.0000,1665
2737,ddxplus#1103,ddxplus,3,1,1165.0000,1666
2738,ddxplus#1104,ddxplus,3,1,1165.0000,1667
2739,ddxplus#1105,ddxplus,3,0,1166.0000,1667
2740,ds1000#655,ds1000,3,0,1167.0000,1668
2741,hotpotqa#986,hotpotqa,3,1,1167.0000,1669
2742,hotpotqa#987,hotpotqa,3,1,1167.0000,1670
2743,ddxplus#1106,ddxplus,3,1,1167.0000,1671
2744,ddxplus#1107,ddxplus,3,1,1167.0000,1672
2745,ds1000#876,ds1000,3,1,1167.0000,1673
2746,hotpotqa#988,hotpotqa,3,0,1168.0000,1673
2747,ddxplus#1108,ddxplus,3,1,1168.0000,1674
2748,hotpotqa#989,hotpotqa,3,0,1169.0000,1674
2749,hotpotqa#990,hotpotqa,3,1,1169.0000,1675
2750,hotpotqa#991,hotpotqa,3,1,1169.0000,1676
2751,ds1000#294,ds1000,3,1,1169.0000,1677
2752,hotpotqa#992,hotpotqa,3,1,1169.0000,1678
2753,ddxplus#1109,ddxplus,3,1,1169.0000,1679
2754,ddxplus#1110,ddxplus,3,1,1169.0000,1680
2755,ddxplus#1111,ddxplus,3,0,1170.0000,1680
2756,hotpotqa#993,hotpotqa,3,0,1171.0000,1680
2757,ddxplus#1112,ddxplus,3,1,1171.0000,1681
2758,hotpotqa#994,hotpotqa,3,1,1171.0000,1682
2759,ddxplus#1113,ddxplus,3,1,1171.0000,1683
2760,ddxplus#1114,ddxplus,3,1,1171.0000,1685
2761,ddxplus#1115,ddxplus,3,1,1171.0000,1686
2762,ds1000#22,ds1000,3,1,1171.0000,1687
2763,hotpotqa#995,hotpotqa,3,1,1171.0000,1688
2764,ddxplus#1116,ddxplus,3,1,1171.0000,1689
2765,ddxplus#1117,ddxplus,3,1,1171.0000,1690
2766,ddxplus#1118,ddxplus,3,1,1171.0000,1691
2767,ds1000#210,ds1000,3,0,1172.0000,1691
2768,ddxplus#1119,ddxplus,3,1,1172.0000,1692
2769,ddxplus#1120,ddxplus,3,1,1172.0000,1693
2770,ddxplus#1121,ddxplus,3,1,1172.0000,1694
2771,hotpotqa#996,hotpotqa,3,1,1172.0000,1695
2772,hotpotqa#997,hotpotqa,3,1,1172.0000,1696
2773,hotpotqa#998,hotpotqa,3,0,1173.0000,1696
2774,ddxplus#1122,ddxplus,3,0,1174.0000,1696
2775,ddxplus#1123,ddxplus,3,1,1174.0000,1697
2776,ds1000#89,ds1000,3,1,1174.0000,1698
2777,ddxplus#1124,ddxplus,3,0,1175.0000,1698
2778,hotpotqa#999,hotpotqa,3,0,1176.0000,1698
2779,ds1000#661,ds1000,3,0,1177.0000,1698
2780,ddxplus#1125,ddxplus,3,1,1177.0000,1699
2781,ddxplus#1126,ddxplus,3,1,1177.0000,1700
2782,hotpotqa#1000,hotpotqa,3,0,1178.0000,1700
2783,ds1000#148,ds1000,3,0,1179.0000,1700
2784,hotpotqa#1001,hotpotqa,3,0,1180.0000,1700
2785,ds1000#485,ds1000,3,0,1181.0000,1700
2786,ddxplus#1127,ddxplus,3,0,1182.0000,1700
2787,ddxplus#1128,ddxplus,3,1,1182.0000,1701
2788,ddxplus#1129,ddxplus,3,0,1183.0000,1701
2789,ddxplus#1130,ddxplus,3,1,1183.0000,1702
2790,hotpotqa#1002,hotpotqa,3,0,1184.0000,1702
2791,ds1000#196,ds1000,3,0,1185.0000,1702
2792,hotpotqa#1003,hotpotqa,3,1,1185.0000,1703
2793,hotpotqa#1004,hotpotqa,3,1,1185.0000,1704
2794,ddxplus#1131,ddxplus,3,1,1185.0000,1705
2795,hotpotqa#1005,hotpotqa,3,1,1185.0000,1706
2796,ds1000#917,ds1000,3,1,1185.0000,1707
2797,ddxplus#1132,ddxplus,3,1,1185.0000,1708
2798,hotpotqa#1006,hotpotqa,3,1,1185.0000,1709
2799,ddxplus#1133,ddxplus,3,1,1185.0000,1710
2800,hotpotqa#1007,hotpotqa,3,0,1186.0000,1710
2801,hotpotqa#1008,hotpotqa,3,0,1187.0000,1710
2802,hotpotqa#1009,hotpotqa,3,1,1187.0000,1711
2803,hotpotqa#1010,hotpotqa,3,0,1188.0000,1711
2804,hotpotqa#1011,hotpotqa,3,1,1188.0000,1712
2805,ds1000#134,ds1000,3,0,1189.0000,1712
2806,ds1000#524,ds1000,3,0,1190.0000,1712
2807,ddxplus#1134,ddxplus,3,1,1190.0000,1713
2808,ddxplus#1135,ddxplus,3,0,1191.0000,1713
2809,ddxplus#1136,ddxplus,3,1,1191.0000,1714
2810,hotpotqa#1012,hotpotqa,3,1,1191.0000,1715
2811,ddxplus#1137,ddxplus,3,0,1192.0000,1715
2812,ddxplus#1138,ddxplus,3,1,1192.0000,1716
2813,ds1000#882,ds1000,3,0,1193.0000,1716
2814,hotpotqa#1013,hotpotqa,3,0,1194.0000,1716
2815,ds1000#67,ds1000,3,0,1195.0000,1716
2816,ddxplus#1139,ddxplus,3,0,1196.0000,1716
2817,ddxplus#1140,ddxplus,3,0,1197.0000,1716
2818,ddxplus#1141,ddxplus,3,1,1197.0000,1717
2819,ddxplus#1142,ddxplus,3,1,1197.0000,1718
2820,ddxplus#1143,ddxplus,3,1,1197.0000,1719
2821,hotpotqa#1014,hotpotqa,3,1,1197.0000,1720
2822,hotpotqa#1015,hotpotqa,3,1,1197.0000,1721
2823,ddxplus#1144,ddxplus,3,1,1197.0000,1722
2824,hotpotqa#1016,hotpotqa,3,1,1197.0000,1723
2825,ds1000#494,ds1000,3,0,1198.0000,1723
2826,ds1000#866,ds1000,3,0,1199.0000,1723
2827,ddxplus#1145,ddxplus,3,0,1200.0000,1723
2828,ds1000#497,ds1000,3,1,1200.0000,1724
2829,ds1000#989,ds1000,3,1,1200.0000,1725
2830,ddxplus#1146,ddxplus,3,1,1200.0000,1726
2831,ddxplus#1147,ddxplus,3,1,1200.0000,1727
2832,ddxplus#1148,ddxplus,3,1,1200.0000,1728
2833,ddxplus#1149,ddxplus,3,1,1200.0000,1729
2834,ddxplus#1150,ddxplus,3,1,1200.0000,1730
2835,hotpotqa#1017,hotpotqa,3,0,1201.0000,1730
2836,hotpotqa#1018,hotpotqa,3,0,1202.0000,1730
2837,ddxplus#1151,ddxplus,3,0,1203.0000,1730
2838,ddxplus#1152,ddxplus,3,1,1203.0000,1731
2839,ds1000#519,ds1000,3,0,1204.0000,1731
2840,hotpotqa#1019,hotpotqa,3,1,1204.0000,1733
2841,ddxplus#1153,ddxplus,3,1,1204.0000,1734
2842,hotpotqa#1020,hotpotqa,3,1,1204.0000,1735
2843,ddxplus#1154,ddxplus,3,1,1204.0000,1736
2844,hotpotqa#1021,hotpotqa,3,1,1204.0000,1737
2845,hotpotqa#1022,hotpotqa,3,1,1204.0000,1738
2846,ddxplus#1155,ddxplus,3,0,1205.0000,1738
2847,ds1000#759,ds1000,3,1,1205.0000,1739
2848,ddxplus#1156,ddxplus,3,1,1205.0000,1740
2849,hotpotqa#1023,hotpotqa,3,1,1205.0000,1741
2850,ddxplus#1157,ddxplus,3,1,1205.0000,1742
2851,hotpotqa#1024,hotpotqa,3,1,1205.0000,1743
2852,ddxplus#1158,ddxplus,3,1,1205.0000,1744
2853,ddxplus#1159,ddxplus,3,1,1205.0000,1745
2854,ddxplus#1160,ddxplus,3,1,1205.0000,1746
2855,ddxplus#1161,ddxplus,3,1,1205.0000,1747
2856,ds1000#625,ds1000,3,1,1205.0000,1748
2857,ddxplus#1162,ddxplus,3,1,1205.0000,1749
2858,ddxplus#1163,ddxplus,3,0,1206.0000,1749
2859,hotpotqa#1025,hotpotqa,3,0,1207.0000,1749
2860,ddxplus#1164,ddxplus,3,1,1207.0000,1750
2861,hotpotqa#1026,hotpotqa,3,1,1207.0000,1751
2862,hotpotqa#1027,hotpotqa,3,1,1207.0000,1752
2863,ddxplus#1165,ddxplus,3,1,1207.0000,1753
2864,hotpotqa#1028,hotpotqa,3,1,1207.0000,1754
2865,ddxplus#1166,ddxplus,3,1,1207.0000,1755
2866,ddxplus#1167,ddxplus,3,1,1207.0000,1756
2867,ddxplus#1168,ddxplus,3,1,1207.0000,1757
2868,hotpotqa#1029,hotpotqa,3,0,1208.0000,1757
2869,ddxplus#1169,ddxplus,3,0,1209.0000,1757
2870,hotpotqa#1030,hotpotqa,3,0,1210.0000,1757
2871,ddxplus#1170,ddxplus,3,1,1210.0000,1758
2872,ddxplus#1171,ddxplus,3,0,1211.0000,1758
2873,ddxplus#1172,ddxplus,3,1,1211.0000,1759
2874,ddxplus#1173,ddxplus,3,1,1211.0000,1760
2875,ddxplus#1174,ddxplus,3,1,1211.0000,1761
2876,ddxplus#1175,ddxplus,3,1,1211.0000,1762
2877,hotpotqa#1031,hotpotqa,3,1,1211.0000,1763
2878,hotpotqa#1032,hotpotqa,3,1,1211.0000,1764
2879,ddxplus#1176,ddxplus,3,0,1212.0000,1764
2880,hotpotqa#1033,hotpotqa,3,1,1212.0000,1765
2881,ds1000#957,ds1000,3,1,1212.0000,1766
2882,hotpotqa#1034,hotpotqa,3,1,1212.0000,1767
2883,ddxplus#1177,ddxplus,3,0,1213.0000,1767
2884,hotpotqa#1035,hotpotqa,3,1,1213.0000,1768
2885,ddxplus#1178,ddxplus,3,1,1213.0000,1769
2886,ddxplus#1179,ddxplus,3,0,1214.0000,1769
2887,ddxplus#1180,ddxplus,3,1,1214.0000,1770
2888,ddxplus#1181,ddxplus,3,1,1214.0000,1771
2889,ddxplus#1182,ddxplus,3,1,1214.0000,1772
2890,ddxplus#1183,ddxplus,3,0,1215.0000,1772
2891,ds1000#537,ds1000,3,1,1215.0000,1773
2892,ds1000#604,ds1000,3,0,1216.0000,1773
2893,ddxplus#1184,ddxplus,3,1,1216.0000,1774
2894,ddxplus#1185,ddxplus,3,0,1217.0000,1774
2895,hotpotqa#1036,hotpotqa,3,0,1218.0000,1774
2896,ddxplus#1186,ddxplus,3,1,1218.0000,1775
2897,hotpotqa#1037,hotpotqa,3,1,1218.0000,1776
2898,ddxplus#1187,ddxplus,3,1,1218.0000,1777
2899,ddxplus#1188,ddxplus,3,0,1219.0000,1777
2900,ddxplus#1189,ddxplus,3,1,1219.0000,1778
2901,ds1000#358,ds1000,3,1,1219.0000,1779
2902,hotpotqa#1038,hotpotqa,3,0,1220.0000,1779
2903,ddxplus#1190,ddxplus,3,1,1220.0000,1780
2904,ddxplus#1191,ddxplus,3,1,1220.0000,1781
2905,ddxplus#1192,ddxplus,3,0,1221.0000,1781
2906,ddxplus#1193,ddxplus,3,1,1221.0000,1782
2907,ds1000#722,ds1000,3,1,1221.0000,1783
2908,ddxplus#1194,ddxplus,3,1,1221.0000,1784
2909,ddxplus#1195,ddxplus,3,0,1222.0000,1784
2910,hotpotqa#1039,hotpotqa,3,1,1222.0000,1785
2911,ddxplus#1196,ddxplus,3,1,1222.0000,1786
2912,hotpotqa#1040,hotpotqa,3,1,1222.0000,1787
2913,hotpotqa#1041,hotpotqa,3,1,1222.0000,1788
2914,ds1000#489,ds1000,3,0,1223.0000,1788
2915,hotpotqa#1042,hotpotqa,3,1,1223.0000,1789
2916,hotpotqa#1043,hotpotqa,3,1,1223.0000,1790
2917,hotpotqa#1044,hotpotqa,3,0,1224.0000,1790
2918,ddxplus#1197,ddxplus,3,1,1224.0000,1791
2919,ddxplus#1198,ddxplus,3,1,1224.0000,1792
2920,ddxplus#1199,ddxplus,3,1,1224.0000,1793
2921,ddxplus#1200,ddxplus,3,1,1224.0000,1794
2922,hotpotqa#1045,hotpotqa,3,1,1224.0000,1795
2923,ddxplus#1201,ddxplus,3,0,1225.0000,1795
2924,hotpotqa#1046,hotpotqa,3,1,1225.0000,1796
2925,ddxplus#1202,ddxplus,3,0,1226.0000,1796
2926,ds1000#233,ds1000,3,1,1226.0000,1797
2927,hotpotqa#1047,hotpotqa,3,1,1226.0000,1798
2928,ddxplus#1203,ddxplus,3,1,1226.0000,1799
2929,hotpotqa#1048,hotpotqa,3,0,1227.0000,1799
2930,ds1000#109,ds1000,3,0,1228.0000,1799
2931,hotpotqa#1049,hotpotqa,3,0,1229.0000,1799
2932,ddxplus#1204,ddxplus,3,1,1229.0000,1800
2933,ddxplus#1205,ddxplus,3,0,1230.0000,1800
2934,ddxplus#1206,ddxplus,3,1,1230.0000,1801
2935,ddxplus#1207,ddxplus,3,1,1230.0000,1802
2936,ds1000#930,ds1000,3,0,1231.0000,1802
2937,ddxplus#1208,ddxplus,3,0,1232.0000,1802
2938,hotpotqa#1050,hotpotqa,3,1,1232.0000,1803
2939,ddxplus#1209,ddxplus,3,1,1232.0000,1804
2940,ddxplus#1210,ddxplus,3,1,1232.0000,1806
2941,hotpotqa#1051,hotpotqa,3,1,1232.0000,1807
2942,ddxplus#1211,ddxplus,3,0,1233.0000,1807
2943,hotpotqa#1052,hotpotqa,3,1,1233.0000,1808
2944,ddxplus#1212,ddxplus,3,1,1233.0000,1809
2945,ddxplus#1213,ddxplus,3,1,1233.0000,1810
2946,ds1000#412,ds1000,3,1,1233.0000,1811
2947,ddxplus#1214,ddxplus,3,1,1233.0000,1812
2948,hotpotqa#1053,hotpotqa,3,1,1233.0000,1813
2949,ddxplus#1215,ddxplus,3,1,1233.0000,1814
2950,hotpotqa#1054,hotpotqa,3,0,1234.0000,1815
2951,ddxplus#1216,ddxplus,3,0,1235.0000,1815
2952,hotpotqa#1055,hotpotqa,3,0,1236.0000,1815
2953,hotpotqa#1056,hotpotqa,3,0,1237.0000,1815
2954,ddxplus#1217,ddxplus,3,0,1238.0000,1815
2955,ds1000#291,ds1000,3,1,1238.0000,1816
2956,ddxplus#1218,ddxplus,3,1,1238.0000,1817
2957,ds1000#181,ds1000,3,1,1238.0000,1818
2958,hotpotqa#1057,hotpotqa,3,0,1239.0000,1818
2959,hotpotqa#1058,hotpotqa,3,1,1239.0000,1819
2960,ddxplus#1219,ddxplus,3,1,1239.0000,1820
2961,hotpotqa#1059,hotpotqa,3,0,1240.0000,1820
2962,hotpotqa#1060,hotpotqa,3,1,1240.0000,1821
2963,ddxplus#1220,ddxplus,3,1,1240.0000,1822
2964,hotpotqa#1061,hotpotqa,3,1,1240.0000,1823
2965,ds1000#587,ds1000,3,1,1240.0000,1824
2966,ds1000#838,ds1000,3,0,1241.0000,1824
2967,hotpotqa#1062,hotpotqa,3,0,1242.0000,1824
2968,ds1000#405,ds1000,3,1,1242.0000,1825
2969,ds1000#391,ds1000,3,0,1243.0000,1825
2970,hotpotqa#1063,hotpotqa,3,0,1244.0000,1825
2971,ddxplus#1221,ddxplus,3,1,1244.0000,1826
2972,ddxplus#1222,ddxplus,3,0,1245.0000,1826
2973,ddxplus#1223,ddxplus,3,1,1245.0000,1827
2974,hotpotqa#1064,hotpotqa,3,1,1245.0000,1828
2975,ddxplus#1224,ddxplus,3,1,1245.0000,1829
2976,hotpotqa#1065,hotpotqa,3,1,1245.0000,1830
2977,hotpotqa#1066,hotpotqa,3,0,1246.0000,1830
2978,ds1000#165,ds1000,3,0,1247.0000,1830
2979,ddxplus#1225,ddxplus,3,1,1247.0000,1831
2980,hotpotqa#1067,hotpotqa,3,0,1248.0000,1831
2981,ddxplus#1226,ddxplus,3,1,1248.0000,1832
2982,hotpotqa#1068,hotpotqa,3,1,1248.0000,1833
2983,ddxplus#1227,ddxplus,3,1,1248.0000,1834
2984,ddxplus#1228,ddxplus,3,1,1248.0000,1835
2985,hotpotqa#1069,hotpotqa,3,1,1248.0000,1836
2986,hotpotqa#1070,hotpotqa,3,1,1248.0000,1837
2987,ds1000#449,ds1000,3,1,1248.0000,1838
2988,hotpotqa#1071,hotpotqa,3,1,1248.0000,1839
2989,ddxplus#1229,ddxplus,3,1,1248.0000,1840
2990,ddxplus#1230,ddxplus,3,1,1248.0000,1842
2991,ds1000#846,ds1000,3,0,1249.0000,1842
2992,hotpotqa#1072,hotpotqa,3,0,1250.0000,1842
2993,ds1000#209,ds1000,3,0,1251.0000,1842
2994,ddxplus#1231,ddxplus,3,1,1251.0000,1843
2995,hotpotqa#1073,hotpotqa,3,1,1251.0000,1844
2996,ddxplus#1232,ddxplus,3,0,1252.0000,1844
2997,ddxplus#1233,ddxplus,3,1,1252.0000,1845
2998,ds1000#401,ds1000,3,1,1252.0000,1846
2999,hotpotqa#1074,hotpotqa,3,1,1252.0000,1847
3000,ds1000#649,ds1000,3,0,1253.0000,1847
3001,ddxplus#1234,ddxplus,3,0,1254.0000,1847
3002,ddxplus#1235,ddxplus,3,0,1255.0000,1847
3003,hotpotqa#1075,hotpotqa,3,1,1255.0000,1848
3004,hotpotqa#1076,hotpotqa,3,1,1255.0000,1849
3005,ddxplus#1236,ddxplus,3,1,1255.0000,1850
3006,ddxplus#1237,ddxplus,3,1,1255.0000,1851
3007,ddxplus#1238,ddxplus,3,1,1255.0000,1852
3008,ddxplus#1239,ddxplus,3,1,1255.0000,1853
3009,hotpotqa#1077,hotpotqa,3,0,1256.0000,1853
3010,ddxplus#1240,ddxplus,3,1,1256.0000,1854
3011,hotpotqa#1078,hotpotqa,3,1,1256.0000,1855
3012,ddxplus#1241,ddxplus,3,0,1257.0000,1855
3013,ddxplus#1242,ddxplus,3,1,1257.0000,1856
3014,hotpotqa#1079,hotpotqa,3,0,1258.0000,1856
3015,ds1000#473,ds1000,3,1,1258.0000,1857
3016,ddxplus#1243,ddxplus,3,1,1258.0000,1858
3017,ddxplus#1244,ddxplus,3,1,1258.0000,1859
3018,ddxplus#1245,ddxplus,3,1,1258.0000,1860
3019,ds1000#149,ds1000,3,0,1259.0000,1860
3020,ddxplus#1246,ddxplus,3,0,1260.0000,1860
3021,ddxplus#1247,ddxplus,3,1,1260.0000,1861
3022,ds1000#959,ds1000,3,0,1261.0000,1861
3023,ddxplus#1248,ddxplus,3,1,1261.0000,1862
3024,hotpotqa#1080,hotpotqa,3,1,1261.0000,1863
3025,hotpotqa#1081,hotpotqa,3,1,1261.0000,1864
3026,ddxplus#1249,ddxplus,3,1,1261.0000,1865
3027,hotpotqa#1082,hotpotqa,3,0,1262.0000,1865
3028,ddxplus#1250,ddxplus,3,1,1262.0000,1866
3029,ddxplus#1251,ddxplus,3,1,1262.0000,1867
3030,ds1000#70,ds1000,3,0,1263.0000,1868
3031,ds1000#255,ds1000,3,0,1264.0000,1868
3032,ds1000#37,ds1000,3,1,1264.0000,1869
3033,ddxplus#1252,ddxplus,3,1,1264.0000,1870
3034,ds1000#428,ds1000,3,1,1264.0000,1871
3035,hotpotqa#1083,hotpotqa,3,0,1265.0000,1871
3036,hotpotqa#1084,hotpotqa,3,1,1265.0000,1872
3037,ddxplus#1253,ddxplus,3,1,1265.0000,1873
3038,ddxplus#1254,ddxplus,3,0,1266.0000,1873
3039,ddxplus#1255,ddxplus,3,0,1267.0000,1873
3040,ds1000#886,ds1000,3,0,1268.0000,1873
3041,ddxplus#1256,ddxplus,3,0,1269.0000,1873
3042,ddxplus#1257,ddxplus,3,0,1270.0000,1873
3043,ddxplus#1258,ddxplus,3,1,1270.0000,1874
3044,ds1000#566,ds1000,3,0,1271.0000,1874
3045,ddxplus#1259,ddxplus,3,0,1272.0000,1874
3046,ddxplus#1260,ddxplus,3,1,1272.0000,1875
3047,ddxplus#1261,ddxplus,3,0,1273.0000,1875
3048,ds1000#318,ds1000,3,0,1274.0000,1875
3049,ddxplus#1262,ddxplus,3,0,1275.0000,1875
3050,ds1000#770,ds1000,3,0,1276.0000,1875
3051,hotpotqa#1085,hotpotqa,3,0,1277.0000,1875
3052,hotpotqa#1086,hotpotqa,3,1,1277.0000,1876
3053,ddxplus#1263,ddxplus,3,0,1278.0000,1876
3054,hotpotqa#1087,hotpotqa,3,0,1279.0000,1876
3055,ddxplus#1264,ddxplus,3,1,1279.0000,1877
3056,ds1000#322,ds1000,3,1,1279.0000,1878
3057,ddxplus#1265,ddxplus,3,0,1280.0000,1878
3058,ddxplus#1266,ddxplus,3,1,1280.0000,1879
3059,ddxplus#1267,ddxplus,3,1,1280.0000,1880
3060,ddxplus#1268,ddxplus,3,1,1280.0000,1881
3061,ddxplus#1269,ddxplus,3,1,1280.0000,1882
3062,hotpotqa#1088,hotpotqa,3,1,1280.0000,1883
3063,ddxplus#1270,ddxplus,3,1,1280.0000,1884
3064,ds1000#727,ds1000,3,1,1280.0000,1885
3065,ddxplus#1271,ddxplus,3,1,1280.0000,1886
3066,hotpotqa#1089,hotpotqa,3,0,1281.0000,1886
3067,hotpotqa#1090,hotpotqa,3,1,1281.0000,1887
3068,hotpotqa#1091,hotpotqa,3,0,1282.0000,1887
3069,hotpotqa#1092,hotpotqa,3,1,1282.0000,1888
3070,ds1000#965,ds1000,3,1,1282.0000,1890
3071,ddxplus#1272,ddxplus,3,1,1282.0000,1891
3072,ds1000#949,ds1000,3,0,1283.0000,1891
3073,hotpotqa#1093,hotpotqa,3,0,1284.0000,1891
3074,ddxplus#1273,ddxplus,3,0,1285.0000,1891
3075,ds1000#158,ds1000,3,0,1286.0000,1891
3076,ddxplus#1274,ddxplus,3,0,1287.0000,1891
3077,hotpotqa#1094,hotpotqa,3,0,1288.0000,1891
3078,ddxplus#1275,ddxplus,3,1,1288.0000,1892
3079,ddxplus#1276,ddxplus,3,1,1288.0000,1893
3080,ddxplus#1277,ddxplus,3,1,1288.0000,1894
3081,hotpotqa#1095,hotpotqa,3,1,1288.0000,1895
3082,hotpotqa#1096,hotpotqa,3,0,1289.0000,1895
3083,hotpotqa#1097,hotpotqa,3,1,1289.0000,1896
3084,hotpotqa#1098,hotpotqa,3,1,1289.0000,1897
3085,ds1000#999,ds1000,3,0,1290.0000,1897
3086,ds1000#95,ds1000,3,0,1291.0000,1897
3087,ds1000#348,ds1000,3,0,1292.0000,1897
3088,hotpotqa#1099,hotpotqa,3,1,1292.0000,1898
3089,ds1000#487,ds1000,3,0,1293.0000,1898
3090,hotpotqa#1100,hotpotqa,3,1,1293.0000,1899
3091,hotpotqa#1101,hotpotqa,3,1,1293.0000,1900
3092,ddxplus#1278,ddxplus,3,0,1294.0000,1900
3093,ddxplus#1279,ddxplus,3,0,1295.0000,1900
3094,ddxplus#1280,ddxplus,3,1,1295.0000,1901
3095,ds1000#175,ds1000,3,1,1295.0000,1902
3096,ds1000#341,ds1000,3,1,1295.0000,1903
3097,ddxplus#1281,ddxplus,3,1,1295.0000,1904
3098,ds1000#804,ds1000,3,1,1295.0000,1905
3099,ddxplus#1282,ddxplus,3,1,1295.0000,1906
3100,hotpotqa#1102,hotpotqa,3,0,1296.0000,1906
3101,ddxplus#1283,ddxplus,3,0,1297.0000,1906
3102,ds1000#186,ds1000,3,1,1297.0000,1907
3103,hotpotqa#1103,hotpotqa,3,1,1297.0000,1908
3104,ddxplus#1284,ddxplus,3,1,1297.0000,1909
3105,hotpotqa#1104,hotpotqa,3,0,1298.0000,1909
3106,ds1000#920,ds1000,3,0,1299.0000,1909
3107,hotpotqa#1105,hotpotqa,3,0,1300.0000,1909
3108,ddxplus#1285,ddxplus,3,1,1300.0000,1910
3109,ddxplus#1286,ddxplus,3,0,1301.0000,1910
3110,hotpotqa#1106,hotpotqa,3,0,1302.0000,1910
3111,ds1000#263,ds1000,3,0,1303.0000,1910
3112,hotpotqa#1107,hotpotqa,3,0,1304.0000,1910
3113,ddxplus#1287,ddxplus,3,0,1305.0000,1910
3114,ds1000#411,ds1000,3,0,1306.0000,1910
3115,hotpotqa#1108,hotpotqa,3,0,1307.0000,1910
3116,ds1000#257,ds1000,3,0,1308.0000,1910
3117,ddxplus#1288,ddxplus,3,1,1308.0000,1911
3118,ddxplus#1289,ddxplus,3,1,1308.0000,1912
3119,ddxplus#1290,ddxplus,3,0,1309.0000,1912
3120,ds1000#811,ds1000,3,1,1309.0000,1913
3121,ds1000#316,ds1000,3,1,1309.0000,1914
3122,hotpotqa#1109,hotpotqa,3,0,1310.0000,1914
3123,hotpotqa#1110,hotpotqa,3,0,1311.0000,1914
3124,ds1000#251,ds1000,3,1,1311.0000,1915
3125,hotpotqa#1111,hotpotqa,3,0,1312.0000,1915
3126,ds1000#942,ds1000,3,1,1312.0000,1916
3127,ddxplus#1291,ddxplus,3,0,1313.0000,1916
3128,ddxplus#1292,ddxplus,3,0,1314.0000,1916
3129,hotpotqa#1112,hotpotqa,3,1,1314.0000,1917
3130,ddxplus#1293,ddxplus,3,0,1315.0000,1918
3131,hotpotqa#1113,hotpotqa,3,1,1315.0000,1919
3132,ddxplus#1294,ddxplus,3,1,1315.0000,1920
3133,ddxplus#1295,ddxplus,3,1,1315.0000,1921
3134,ddxplus#1296,ddxplus,3,1,1315.0000,1922
3135,ddxplus#1297,ddxplus,3,1,1315.0000,1923
3136,ddxplus#1298,ddxplus,3,1,1315.0000,1924
3137,ds1000#600,ds1000,3,1,1315.0000,1925
3138,hotpotqa#1114,hotpotqa,3,0,1316.0000,1925
3139,ddxplus#1299,ddxplus,3,0,1317.0000,1925
3140,ddxplus#1300,ddxplus,3,1,1317.0000,1926
3141,hotpotqa#1115,hotpotqa,3,1,1317.0000,1927
3142,ddxplus#1301,ddxplus,3,1,1317.0000,1928
3143,hotpotqa#1116,hotpotqa,3,1,1317.0000,1929
3144,ddxplus#1302,ddxplus,3,1,1317.0000,1930
3145,hotpotqa#1117,hotpotqa,3,0,1318.0000,1930
3146,ddxplus#1303,ddxplus,3,0,1319.0000,1930
3147,hotpotqa#1118,hotpotqa,3,1,1319.0000,1931
3148,ds1000#506,ds1000,3,1,1319.0000,1932
3149,ddxplus#1304,ddxplus,3,1,1319.0000,1933
3150,hotpotqa#1119,hotpotqa,3,1,1319.0000,1935
3151,hotpotqa#1120,hotpotqa,3,0,1320.0000,1935
3152,hotpotqa#1121,hotpotqa,3,0,1321.0000,1935
3153,ddxplus#1305,ddxplus,3,0,1322.0000,1935
3154,hotpotqa#1122,hotpotqa,3,1,1322.0000,1936
3155,ddxplus#1306,ddxplus,3,0,1323.0000,1936
3156,ds1000#78,ds1000,3,0,1324.0000,1936
3157,hotpotqa#1123,hotpotqa,3,1,1324.0000,1937
3158,hotpotqa#1124,hotpotqa,3,1,1324.0000,1938
3159,hotpotqa#1125,hotpotqa,3,0,1325.0000,1938
3160,hotpotqa#1126,hotpotqa,3,1,1325.0000,1940
3161,ds1000#240,ds1000,3,0,1326.0000,1940
3162,ds1000#760,ds1000,3,1,1326.0000,1941
3163,hotpotqa#1127,hotpotqa,3,0,1327.0000,1941
3164,ds1000#376,ds1000,3,1,1327.0000,1942
3165,ddxplus#1307,ddxplus,3,0,1328.0000,1942
3166,hotpotqa#1128,hotpotqa,3,1,1328.0000,1943
3167,hotpotqa#1129,hotpotqa,3,1,1328.0000,1944
3168,hotpotqa#1130,hotpotqa,3,1,1328.0000,1945
3169,hotpotqa#1131,hotpotqa,3,1,1328.0000,1946
3170,hotpotqa#1132,hotpotqa,3,0,1329.0000,1946
3171,ddxplus#1308,ddxplus,3,1,1329.0000,1947
3172,ds1000#214,ds1000,3,1,1329.0000,1948
3173,ds1000#549,ds1000,3,0,1330.0000,1948
3174,hotpotqa#1133,hotpotqa,3,1,1330.0000,1949
3175,hotpotqa#1134,hotpotqa,3,1,1330.0000,1950
3176,ddxplus#1309,ddxplus,3,1,1330.0000,1951
3177,ddxplus#1310,ddxplus,3,1,1330.0000,1952
3178,ds1000#418,ds1000,3,0,1331.0000,1952
3179,ddxplus#1311,ddxplus,3,0,1332.0000,1952
3180,ddxplus#1312,ddxplus,3,1,1332.0000,1953
3181,ddxplus#1313,ddxplus,3,1,1332.0000,1954
3182,ds1000#884,ds1000,3,0,1333.0000,1954
3183,hotpotqa#1135,hotpotqa,3,0,1334.0000,1954
3184,ddxplus#1314,ddxplus,3,1,1334.0000,1955
3185,ddxplus#1315,ddxplus,3,0,1335.0000,1955
3186,hotpotqa#1136,hotpotqa,3,0,1336.0000,1955
3187,ds1000#270,ds1000,3,0,1337.0000,1955
3188,hotpotqa#1137,hotpotqa,3,0,1338.0000,1955
3189,hotpotqa#1138,hotpotqa,3,0,1339.0000,1955
3190,hotpotqa#1139,hotpotqa,3,1,1339.0000,1956
3191,hotpotqa#1140,hotpotqa,3,1,1339.0000,1957
3192,hotpotqa#1141,hotpotqa,3,1,1339.0000,1958
3193,hotpotqa#1142,hotpotqa,3,1,1339.0000,1959
3194,ds1000#13,ds1000,3,1,1339.0000,1960
3195,hotpotqa#1143,hotpotqa,3,0,1340.0000,1960
3196,ddxplus#1316,ddxplus,3,0,1341.0000,1960
3197,ds1000#492,ds1000,3,1,1341.0000,1961
3198,ds1000#161,ds1000,3,0,1342.0000,1961
3199,hotpotqa#1144,hotpotqa,3,1,1342.0000,1962
3200,hotpotqa#1145,hotpotqa,3,0,1343.0000,1963
3201,ds1000#392,ds1000,3,1,1343.0000,1964
3202,hotpotqa#1146,hotpotqa,3,1,1343.0000,1965
3203,ddxplus#1317,ddxplus,3,1,1343.0000,1966
3204,hotpotqa#1147,hotpotqa,3,1,1343.0000,1967
3205,ddxplus#1318,ddxplus,3,0,1344.0000,1967
3206,hotpotqa#1148,hotpotqa,3,1,1344.0000,1968
3207,hotpotqa#1149,hotpotqa,3,1,1344.0000,1969
3208,hotpotqa#1150,hotpotqa,3,1,1344.0000,1970
3209,ds1000#216,ds1000,3,0,1345.0000,1970
3210,ds1000#207,ds1000,3,0,1346.0000,1971
3211,ds1000#606,ds1000,3,1,1346.0000,1972
3212,hotpotqa#1151,hotpotqa,3,0,1347.0000,1972
3213,ddxplus#1319,ddxplus,3,1,1347.0000,1973
3214,hotpotqa#1152,hotpotqa,3,1,1347.0000,1974
3215,ddxplus#1320,ddxplus,3,1,1347.0000,1975
3216,ds1000#112,ds1000,3,0,1348.0000,1975
3217,ddxplus#1321,ddxplus,3,1,1348.0000,1976
3218,ddxplus#1322,ddxplus,3,0,1349.0000,1976
3219,hotpotqa#1153,hotpotqa,3,0,1350.0000,1976
3220,hotpotqa#1154,hotpotqa,3,0,1351.0000,1976
3221,ddxplus#1323,ddxplus,3,1,1351.0000,1977
3222,hotpotqa#1155,hotpotqa,3,1,1351.0000,1978
3223,ddxplus#1324,ddxplus,3,1,1351.0000,1979
3224,ds1000#507,ds1000,3,1,1351.0000,1980
3225,hotpotqa#1156,hotpotqa,3,0,1352.0000,1980
3226,ds1000#18,ds1000,3,0,1353.0000,1980
3227,ddxplus#1325,ddxplus,3,1,1353.0000,1981
3228,ds1000#665,ds1000,3,1,1353.0000,1982
3229,ddxplus#1326,ddxplus,3,0,1354.0000,1982
3230,ddxplus#1327,ddxplus,3,1,1354.0000,1984
3231,ds1000#523,ds1000,3,0,1355.0000,1984
3232,ddxplus#1328,ddxplus,3,0,1356.0000,1984
3233,ddxplus#1329,ddxplus,3,0,1357.0000,1984
3234,ddxplus#1330,ddxplus,3,1,1357.0000,1985
3235,ddxplus#1331,ddxplus,3,1,1357.0000,1986
3236,ddxplus#1332,ddxplus,3,1,1357.0000,1987
3237,ddxplus#1333,ddxplus,3,1,1357.0000,1988
3238,hotpotqa#1157,hotpotqa,3,1,1357.0000,1989
3239,ddxplus#1334,ddxplus,3,1,1357.0000,1990
3240,ddxplus#1335,ddxplus,3,1,1357.0000,1992
3241,hotpotqa#1158,hotpotqa,3,0,1358.0000,1992
3242,hotpotqa#1159,hotpotqa,3,1,1358.0000,1993
3243,ddxplus#1336,ddxplus,3,1,1358.0000,1994
3244,ds1000#157,ds1000,3,0,1359.0000,1994
3245,ds1000#205,ds1000,3,0,1360.0000,1994
3246,ddxplus#1337,ddxplus,3,0,1361.0000,1994
3247,ddxplus#1338,ddxplus,3,1,1361.0000,1995
3248,ddxplus#1339,ddxplus,3,1,1361.0000,1996
3249,ddxplus#1340,ddxplus,3,1,1361.0000,1997
3250,ddxplus#1341,ddxplus,3,0,1362.0000,1998
3251,ds1000#335,ds1000,3,1,1362.0000,1999
3252,ddxplus#1342,ddxplus,3,1,1362.0000,2000
3253,ds1000#458,ds1000,3,0,1363.0000,2000
3254,ddxplus#1343,ddxplus,3,0,1364.0000,2000
3255,ddxplus#1344,ddxplus,3,1,1364.0000,2001
3256,ddxplus#1345,ddxplus,3,1,1364.0000,2002
3257,hotpotqa#1160,hotpotqa,3,1,1364.0000,2003
3258,hotpotqa#1161,hotpotqa,3,0,1365.0000,2003
3259,hotpotqa#1162,hotpotqa,3,1,1365.0000,2004
3260,ddxplus#1346,ddxplus,3,0,1366.0000,2004
3261,hotpotqa#1163,hotpotqa,3,1,1366.0000,2005
3262,ds1000#223,ds1000,3,0,1367.0000,2005
3263,hotpotqa#1164,hotpotqa,3,0,1368.0000,2005
3264,ddxplus#1347,ddxplus,3,0,1369.0000,2005
3265,hotpotqa#1165,hotpotqa,3,0,1370.0000,2005
3266,hotpotqa#1166,hotpotqa,3,1,1370.0000,2006
3267,ddxplus#1348,ddxplus,3,1,1370.0000,2007
3268,ddxplus#1349,ddxplus,3,1,1370.0000,2008
3269,ddxplus#1350,ddxplus,3,0,1371.0000,2008
3270,ddxplus#1351,ddxplus,3,1,1371.0000,2009
3271,hotpotqa#1167,hotpotqa,3,0,1372.0000,2009
3272,ds1000#928,ds1000,3,1,1372.0000,2010
3273,ddxplus#1352,ddxplus,3,1,1372.0000,2011
3274,hotpotqa#1168,hotpotqa,3,1,1372.0000,2012
3275,hotpotqa#1169,hotpotqa,3,0,1373.0000,2012
3276,ds1000#578,ds1000,3,1,1373.0000,2013
3277,hotpotqa#1170,hotpotqa,3,1,1373.0000,2014
3278,ddxplus#1353,ddxplus,3,1,1373.0000,2015
3279,ddxplus#1354,ddxplus,3,1,1373.0000,2016
3280,ds1000#521,ds1000,3,0,1374.0000,2016
3281,hotpotqa#1171,hotpotqa,3,1,1374.0000,2017
3282,hotpotqa#1172,hotpotqa,3,1,1374.0000,2018
3283,ddxplus#1355,ddxplus,3,0,1375.0000,2018
3284,ddxplus#1356,ddxplus,3,0,1376.0000,2018
3285,ds1000#362,ds1000,3,0,1377.0000,2018
3286,hotpotqa#1173,hotpotqa,3,1,1377.0000,2019
3287,hotpotqa#1174,hotpotqa,3,1,1377.0000,2020
3288,hotpotqa#1175,hotpotqa,3,0,1378.0000,2020
3289,ddxplus#1357,ddxplus,3,1,1378.0000,2021
3290,ddxplus#1358,ddxplus,3,1,1378.0000,2022
3291,ds1000#895,ds1000,3,0,1379.0000,2022
3292,ddxplus#1359,ddxplus,3,1,1379.0000,2023
3293,ddxplus#1360,ddxplus,3,1,1379.0000,2024
3294,ds1000#510,ds1000,3,1,1379.0000,2025
3295,ds1000#571,ds1000,3,0,1380.0000,2025
3296,ddxplus#1361,ddxplus,3,1,1380.0000,2026
3297,hotpotqa#1176,hotpotqa,3,1,1380.0000,2027
3298,hotpotqa#1177,hotpotqa,3,0,1381.0000,2027
3299,ddxplus#1362,ddxplus,3,1,1381.0000,2028
3300,hotpotqa#1178,hotpotqa,3,1,1381.0000,2029
3301,ddxplus#1363,ddxplus,3,0,1382.0000,2029
3302,hotpotqa#1179,hotpotqa,3,1,1382.0000,2030
3303,ddxplus#1364,ddxplus,3,0,1383.0000,2030
3304,ddxplus#1365,ddxplus,3,1,1383.0000,2031
3305,hotpotqa#1180,hotpotqa,3,0,1384.0000,2031
3306,hotpotqa#1181,hotpotqa,3,1,1384.0000,2032
3307,ds1000#919,ds1000,3,1,1384.0000,2033
3308,ds1000#407,ds1000,3,0,1385.0000,2033
3309,hotpotqa#1182,hotpotqa,3,1,1385.0000,2034
3310,ddxplus#1366,ddxplus,3,1,1385.0000,2036
3311,ddxplus#1367,ddxplus,3,1,1385.0000,2037
3312,hotpotqa#1183,hotpotqa,3,1,1385.0000,2038
3313,ddxplus#1368,ddxplus,3,1,1385.0000,2039
3314,ddxplus#1369,ddxplus,3,0,1386.0000,2039
3315,ddxplus#1370,ddxplus,3,0,1387.0000,2039
3316,ds1000#826,ds1000,3,0,1388.0000,2039
3317,hotpotqa#1184,hotpotqa,3,0,1389.0000,2039
3318,ds1000#4,ds1000,3,0,1390.0000,2039
3319,ddxplus#1371,ddxplus,3,1,1390.0000,2040
3320,ddxplus#1372,ddxplus,3,1,1390.0000,2041
3321,ddxplus#1373,ddxplus,3,0,1391.0000,2041
3322,ddxplus#1374,ddxplus,3,1,1391.0000,2042
3323,hotpotqa#1185,hotpotqa,3,1,1391.0000,2043
3324,hotpotqa#1186,hotpotqa,3,0,1392.0000,2043
3325,ddxplus#1375,ddxplus,3,1,1392.0000,2044
3326,ddxplus#1376,ddxplus,3,0,1393.0000,2044
3327,hotpotqa#1187,hotpotqa,3,1,1393.0000,2045
3328,ddxplus#1377,ddxplus,3,1,1393.0000,2046
3329,ddxplus#1378,ddxplus,3,1,1393.0000,2047
3330,hotpotqa#1188,hotpotqa,3,0,1394.0000,2047
3331,ds1000#94,ds1000,3,0,1395.0000,2047
3332,hotpotqa#1189,hotpotqa,3,1,1395.0000,2048
3333,ds1000#560,ds1000,3,1,1395.0000,2049
3334,ddxplus#1379,ddxplus,3,1,1395.0000,2050
3335,hotpotqa#1190,hotpotqa,3,0,1396.0000,2050
3336,ddxplus#1380,ddxplus,3,0,1397.0000,2050
3337,ddxplus#1381,ddxplus,3,0,1398.0000,2050
3338,hotpotqa#1191,hotpotqa,3,1,1398.0000,2051
3339,ddxplus#1382,ddxplus,3,1,1398.0000,2052
3340,hotpotqa#1192,hotpotqa,3,0,1399.0000,2052
3341,ddxplus#1383,ddxplus,3,0,1400.0000,2052
3342,ddxplus#1384,ddxplus,3,1,1400.0000,2053
3343,ds1000#481,ds1000,3,1,1400.0000,2054
3344,hotpotqa#1193,hotpotqa,3,1,1400.0000,2055
3345,ddxplus#1385,ddxplus,3,1,1400.0000,2056
3346,ddxplus#1386,ddxplus,3,1,1400.0000,2057
3347,ddxplus#1387,ddxplus,3,1,1400.0000,2058
3348,ds1000#499,ds1000,3,1,1400.0000,2059
3349,hotpotqa#1194,hotpotqa,3,0,1401.0000,2059
3350,ddxplus#1388,ddxplus,3,0,1402.0000,2059
3351,ddxplus#1389,ddxplus,3,1,1402.0000,2060
3352,hotpotqa#1195,hotpotqa,3,0,1403.0000,2060
3353,ds1000#323,ds1000,3,1,1403.0000,2061
3354,ddxplus#1390,ddxplus,3,0,1404.0000,2061
3355,ds1000#93,ds1000,3,0,1405.0000,2061
3356,hotpotqa#1196,hotpotqa,3,0,1406.0000,2061
3357,hotpotqa#1197,hotpotqa,3,1,1406.0000,2062
3358,hotpotqa#1198,hotpotqa,3,0,1407.0000,2062
3359,ds1000#843,ds1000,3,1,1407.0000,2063
3350,ddxplus#1388,ddxplus,3,0,1402.0000,2059
3351,ddxplus#1389,ddxplus,3,1,1402.0000,2060
3352,hotpotqa#1195,hotpotqa,3,0,1403.0000,2060
3353,ds1000#323,ds1000,3,1,1403.0000,2061
3354,ddxplus#1390,ddxplus,3,0,1404.0000,2061
3355,ds1000#93,ds1000,3,0,1405.0000,2061
3356,hotpotqa#1196,hotpotqa,3,0,1406.0000,2061
3357,hotpotqa#1197,hotpotqa,3,1,1406.0000,2062
3358,hotpotqa#1198,hotpotqa,3,0,1407.0000,2062
3359,ds1000#843,ds1000,3,1,1407.0000,2063
3360,ddxplus#1391,ddxplus,3,1,1407.0000,2064
3361,ddxplus#1392,ddxplus,3,1,1407.0000,2065
3362,ds1000#877,ds1000,3,1,1407.0000,2066
3363,hotpotqa#1199,hotpotqa,3,1,1407.0000,2067
3364,hotpotqa#1200,hotpotqa,3,0,1408.0000,2067
3365,ddxplus#1393,ddxplus,3,0,1409.0000,2067
3366,ddxplus#1394,ddxplus,3,0,1410.0000,2067
3367,ddxplus#1395,ddxplus,3,1,1410.0000,2068
3368,hotpotqa#1201,hotpotqa,3,1,1410.0000,2069
3369,ds1000#763,ds1000,3,0,1411.0000,2069
3370,ds1000#389,ds1000,3,0,1412.0000,2069
3371,hotpotqa#1202,hotpotqa,3,1,1412.0000,2070
3372,hotpotqa#1203,hotpotqa,3,1,1412.0000,2071
3373,ddxplus#1396,ddxplus,3,1,1412.0000,2072
3374,ddxplus#1397,ddxplus,3,0,1413.0000,2072
3375,ds1000#397,ds1000,3,0,1414.0000,2072
3376,ddxplus#1398,ddxplus,3,1,1414.0000,2073
3377,hotpotqa#1204,hotpotqa,3,1,1414.0000,2074
3378,ddxplus#1399,ddxplus,3,0,1415.0000,2074
3379,ds1000#564,ds1000,3,0,1416.0000,2074
3380,ds1000#32,ds1000,3,0,1417.0000,2074
3381,ddxplus#1400,ddxplus,3,1,1417.0000,2075
3382,hotpotqa#1205,hotpotqa,3,1,1417.0000,2076
3383,ddxplus#1401,ddxplus,3,1,1417.0000,2077
3384,ddxplus#1402,ddxplus,3,1,1417.0000,2078
3385,hotpotqa#1206,hotpotqa,3,1,1417.0000,2079
3386,ds1000#386,ds1000,3,0,1418.0000,2079
3387,ddxplus#1403,ddxplus,3,0,1419.0000,2079
3388,ddxplus#1404,ddxplus,3,0,1420.0000,2079
3389,ds1000#364,ds1000,3,1,1420.0000,2080
3390,hotpotqa#1207,hotpotqa,3,1,1420.0000,2082
3391,hotpotqa#1208,hotpotqa,3,0,1421.0000,2082
3392,ds1000#453,ds1000,3,1,1421.0000,2083
3393,ds1000#440,ds1000,3,0,1422.0000,2083
3394,ddxplus#1405,ddxplus,3,1,1422.0000,2084
3395,hotpotqa#1209,hotpotqa,3,0,1423.0000,2084
3396,ds1000#640,ds1000,3,0,1424.0000,2084
3397,ds1000#633,ds1000,3,1,1424.0000,2085
3398,hotpotqa#1210,hotpotqa,3,1,1424.0000,2086
3399,ds1000#227,ds1000,3,1,1424.0000,2087
3400,hotpotqa#1211,hotpotqa,3,1,1424.0000,2088
3401,ddxplus#1406,ddxplus,3,1,1424.0000,2089
3402,ddxplus#1407,ddxplus,3,0,1425.0000,2089
3403,ddxplus#1408,ddxplus,3,0,1426.0000,2089
3404,hotpotqa#1212,hotpotqa,3,0,1427.0000,2089
3405,hotpotqa#1213,hotpotqa,3,0,1428.0000,2089
3406,hotpotqa#1214,hotpotqa,3,0,1429.0000,2089
3407,ddxplus#1409,ddxplus,3,1,1429.0000,2090
3408,ddxplus#1410,ddxplus,3,1,1429.0000,2091
3409,ddxplus#1411,ddxplus,3,1,1429.0000,2092
3410,ds1000#369,ds1000,3,1,1429.0000,2093
3411,ddxplus#1412,ddxplus,3,1,1429.0000,2094
3412,hotpotqa#1215,hotpotqa,3,0,1430.0000,2094
3413,hotpotqa#1216,hotpotqa,3,0,1431.0000,2094
3414,ddxplus#1413,ddxplus,3,0,1432.0000,2094
3415,hotpotqa#1217,hotpotqa,3,1,1432.0000,2095
3416,hotpotqa#1218,hotpotqa,3,0,1433.0000,2095
3417,ddxplus#1414,ddxplus,3,1,1433.0000,2096
3418,ddxplus#1415,ddxplus,3,1,1433.0000,2097
3419,ddxplus#1416,ddxplus,3,1,1433.0000,2098
3420,hotpotqa#1219,hotpotqa,3,1,1433.0000,2099
3421,ds1000#642,ds1000,3,1,1433.0000,2100
3422,ddxplus#1417,ddxplus,3,0,1434.0000,2100
3423,hotpotqa#1220,hotpotqa,3,0,1435.0000,2100
3424,hotpotqa#1221,hotpotqa,3,0,1436.0000,2100
3425,hotpotqa#1222,hotpotqa,3,0,1437.0000,2100
3426,ds1000#416,ds1000,3,0,1438.0000,2100
3427,ddxplus#1418,ddxplus,3,0,1439.0000,2100
3428,ds1000#452,ds1000,3,1,1439.0000,2101
3429,ddxplus#1419,ddxplus,3,1,1439.0000,2102
3430,ds1000#81,ds1000,3,0,1440.0000,2102
3431,ds1000#827,ds1000,3,0,1441.0000,2102
3432,hotpotqa#1223,hotpotqa,3,0,1442.0000,2102
3433,ddxplus#1420,ddxplus,3,0,1443.0000,2102
3434,ddxplus#1421,ddxplus,3,1,1443.0000,2103
3435,ddxplus#1422,ddxplus,3,0,1444.0000,2103
3436,ddxplus#1423,ddxplus,3,1,1444.0000,2104
3437,ddxplus#1424,ddxplus,3,1,1444.0000,2105
3438,ddxplus#1425,ddxplus,3,1,1444.0000,2106
3439,hotpotqa#1224,hotpotqa,3,1,1444.0000,2107
3440,ddxplus#1426,ddxplus,3,1,1444.0000,2108
3441,hotpotqa#1225,hotpotqa,3,1,1444.0000,2109
3442,hotpotqa#1226,hotpotqa,3,1,1444.0000,2110
3443,ddxplus#1427,ddxplus,3,1,1444.0000,2111
3444,ddxplus#1428,ddxplus,3,0,1445.0000,2111
3445,ds1000#820,ds1000,3,0,1446.0000,2111
3446,ddxplus#1429,ddxplus,3,0,1447.0000,2111
3447,ddxplus#1430,ddxplus,3,0,1448.0000,2111
3448,ds1000#863,ds1000,3,0,1449.0000,2111
3449,ddxplus#1431,ddxplus,3,0,1450.0000,2111
3450,hotpotqa#1227,hotpotqa,3,0,1451.0000,2112
3451,ddxplus#1432,ddxplus,3,1,1451.0000,2113
3452,ddxplus#1433,ddxplus,3,0,1452.0000,2113
3453,ddxplus#1434,ddxplus,3,1,1452.0000,2114
3454,ddxplus#1435,ddxplus,3,1,1452.0000,2115
3455,ddxplus#1436,ddxplus,3,1,1452.0000,2116
3456,hotpotqa#1228,hotpotqa,3,1,1452.0000,2117
3457,hotpotqa#1229,hotpotqa,3,0,1453.0000,2117
3458,ddxplus#1437,ddxplus,3,1,1453.0000,2118
3459,ds1000#370,ds1000,3,1,1453.0000,2119
3460,hotpotqa#1230,hotpotqa,3,1,1453.0000,2120
3461,ds1000#311,ds1000,3,1,1453.0000,2121
3462,hotpotqa#1231,hotpotqa,3,1,1453.0000,2122
3463,ddxplus#1438,ddxplus,3,1,1453.0000,2123
3464,ddxplus#1439,ddxplus,3,1,1453.0000,2124
3465,hotpotqa#1232,hotpotqa,3,1,1453.0000,2125
3466,ddxplus#1440,ddxplus,3,1,1453.0000,2126
3467,ddxplus#1441,ddxplus,3,1,1453.0000,2127
3468,ddxplus#1442,ddxplus,3,1,1453.0000,2128
3469,ddxplus#1443,ddxplus,3,0,1454.0000,2128
3470,hotpotqa#1233,hotpotqa,3,1,1454.0000,2129
3471,ddxplus#1444,ddxplus,3,0,1455.0000,2129
3472,ddxplus#1445,ddxplus,3,1,1455.0000,2130
3473,hotpotqa#1234,hotpotqa,3,0,1456.0000,2130
3474,ddxplus#1446,ddxplus,3,0,1457.0000,2130
3475,hotpotqa#1235,hotpotqa,3,1,1457.0000,2131
3476,ddxplus#1447,ddxplus,3,1,1457.0000,2132
3477,ddxplus#1448,ddxplus,3,1,1457.0000,2133
3478,ddxplus#1449,ddxplus,3,1,1457.0000,2134
3479,hotpotqa#1236,hotpotqa,3,1,1457.0000,2135
3480,ddxplus#1450,ddxplus,3,1,1457.0000,2136
3481,ds1000#450,ds1000,3,0,1458.0000,2136
3482,ddxplus#1451,ddxplus,3,1,1458.0000,2137
3483,ds1000#52,ds1000,3,0,1459.0000,2137
3484,ddxplus#1452,ddxplus,3,1,1459.0000,2138
3485,hotpotqa#1237,hotpotqa,3,1,1459.0000,2139
3486,ds1000#912,ds1000,3,1,1459.0000,2140
3487,ddxplus#1453,ddxplus,3,1,1459.0000,2141
3488,ddxplus#1454,ddxplus,3,1,1459.0000,2142
3489,hotpotqa#1238,hotpotqa,3,0,1460.0000,2142
3490,ds1000#342,ds1000,3,1,1460.0000,2143
3491,ds1000#540,ds1000,3,0,1461.0000,2143
3492,ddxplus#1455,ddxplus,3,1,1461.0000,2144
3493,hotpotqa#1239,hotpotqa,3,1,1461.0000,2145
3494,ddxplus#1456,ddxplus,3,0,1462.0000,2145
3495,ddxplus#1457,ddxplus,3,1,1462.0000,2146
3496,ds1000#267,ds1000,3,0,1463.0000,2146
3497,ds1000#721,ds1000,3,0,1464.0000,2146
3498,ddxplus#1458,ddxplus,3,1,1464.0000,2147
3499,hotpotqa#1240,hotpotqa,3,1,1464.0000,2148
3500,ds1000#106,ds1000,3,0,1465.0000,2148
3501,hotpotqa#1241,hotpotqa,3,1,1465.0000,2149
3502,ddxplus#1459,ddxplus,3,1,1465.0000,2150
3503,ds1000#122,ds1000,3,0,1466.0000,2150
3504,hotpotqa#1242,hotpotqa,3,0,1467.0000,2150
3505,ddxplus#1460,ddxplus,3,0,1468.0000,2150
3506,hotpotqa#1243,hotpotqa,3,0,1469.0000,2150
3507,ddxplus#1461,ddxplus,3,0,1470.0000,2150
3508,ds1000#396,ds1000,3,1,1470.0000,2151
3509,ds1000#992,ds1000,3,1,1470.0000,2152
3510,ddxplus#1462,ddxplus,3,1,1470.0000,2154
3511,ds1000#533,ds1000,3,0,1471.0000,2154
3512,ddxplus#1463,ddxplus,3,0,1472.0000,2154
3513,ddxplus#1464,ddxplus,3,1,1472.0000,2155
3514,ds1000#730,ds1000,3,1,1472.0000,2156
3515,ddxplus#1465,ddxplus,3,1,1472.0000,2157
3516,hotpotqa#1244,hotpotqa,3,1,1472.0000,2158
3517,ds1000#384,ds1000,3,1,1472.0000,2159
3518,ddxplus#1466,ddxplus,3,1,1472.0000,2160
3519,ddxplus#1467,ddxplus,3,1,1472.0000,2161
3520,ddxplus#1468,ddxplus,3,0,1473.0000,2161
3521,ddxplus#1469,ddxplus,3,1,1473.0000,2162
3522,hotpotqa#1245,hotpotqa,3,0,1474.0000,2162
3523,ddxplus#1470,ddxplus,3,0,1475.0000,2162
3524,hotpotqa#1246,hotpotqa,3,0,1476.0000,2162
3525,ddxplus#1471,ddxplus,3,1,1476.0000,2163
3526,hotpotqa#1247,hotpotqa,3,1,1476.0000,2164
3527,hotpotqa#1248,hotpotqa,3,0,1477.0000,2164
3528,hotpotqa#1249,hotpotqa,3,0,1478.0000,2164
3529,ddxplus#1472,ddxplus,3,1,1478.0000,2165
3530,ddxplus#1473,ddxplus,3,1,1478.0000,2166
3531,hotpotqa#1250,hotpotqa,3,1,1478.0000,2167
3532,ddxplus#1474,ddxplus,3,1,1478.0000,2168
3533,hotpotqa#1251,hotpotqa,3,0,1479.0000,2168
3534,ddxplus#1475,ddxplus,3,1,1479.0000,2169
3535,ddxplus#1476,ddxplus,3,1,1479.0000,2170
3536,hotpotqa#1252,hotpotqa,3,1,1479.0000,2171
3537,ds1000#105,ds1000,3,0,1480.0000,2171
3538,hotpotqa#1253,hotpotqa,3,0,1481.0000,2171
3539,hotpotqa#1254,hotpotqa,3,1,1481.0000,2172
3540,hotpotqa#1255,hotpotqa,3,1,1481.0000,2173
3541,hotpotqa#1256,hotpotqa,3,0,1482.0000,2173
3542,ddxplus#1477,ddxplus,3,1,1482.0000,2174
3543,ddxplus#1478,ddxplus,3,1,1482.0000,2175
3544,ddxplus#1479,ddxplus,3,0,1483.0000,2175
3545,ds1000#266,ds1000,3,0,1484.0000,2175
3546,ds1000#347,ds1000,3,0,1485.0000,2175
3547,hotpotqa#1257,hotpotqa,3,0,1486.0000,2175
3548,ddxplus#1480,ddxplus,3,1,1486.0000,2176
3549,ddxplus#1481,ddxplus,3,1,1486.0000,2177
3550,hotpotqa#1258,hotpotqa,3,0,1487.0000,2178
3551,hotpotqa#1259,hotpotqa,3,1,1487.0000,2179
3552,hotpotqa#1260,hotpotqa,3,1,1487.0000,2180
3553,hotpotqa#1261,hotpotqa,3,0,1488.0000,2180
3554,hotpotqa#1262,hotpotqa,3,1,1488.0000,2181
3555,hotpotqa#1263,hotpotqa,3,0,1489.0000,2181
3556,ddxplus#1482,ddxplus,3,0,1490.0000,2181
3557,hotpotqa#1264,hotpotqa,3,1,1490.0000,2182
3558,ddxplus#1483,ddxplus,3,1,1490.0000,2183
3559,ddxplus#1484,ddxplus,3,0,1491.0000,2183
3560,ddxplus#1485,ddxplus,3,0,1492.0000,2183
3561,ddxplus#1486,ddxplus,3,1,1492.0000,2184
3562,ddxplus#1487,ddxplus,3,1,1492.0000,2185
3563,ds1000#190,ds1000,3,0,1493.0000,2185
3564,ds1000#864,ds1000,3,0,1494.0000,2185
3565,hotpotqa#1265,hotpotqa,3,0,1495.0000,2185
3566,ds1000#850,ds1000,3,0,1496.0000,2185
3567,hotpotqa#1266,hotpotqa,3,0,1497.0000,2185
3568,ddxplus#1488,ddxplus,3,0,1498.0000,2185
3569,ds1000#39,ds1000,3,0,1499.0000,2185
3570,hotpotqa#1267,hotpotqa,3,1,1499.0000,2186
3571,ddxplus#1489,ddxplus,3,1,1499.0000,2187
3572,hotpotqa#1268,hotpotqa,3,0,1500.0000,2187
3573,ddxplus#1490,ddxplus,3,1,1500.0000,2188
3574,ds1000#339,ds1000,3,0,1501.0000,2188
3575,ddxplus#1491,ddxplus,3,1,1501.0000,2189
3576,hotpotqa#1269,hotpotqa,3,0,1502.0000,2189
3577,hotpotqa#1270,hotpotqa,3,1,1502.0000,2190
3578,ds1000#188,ds1000,3,0,1503.0000,2190
3579,hotpotqa#1271,hotpotqa,3,1,1503.0000,2191
3580,hotpotqa#1272,hotpotqa,3,0,1504.0000,2192
3581,ddxplus#1492,ddxplus,3,0,1505.0000,2192
3582,ddxplus#1493,ddxplus,3,1,1505.0000,2193
3583,ds1000#403,ds1000,3,1,1505.0000,2194
3584,hotpotqa#1273,hotpotqa,3,1,1505.0000,2195
3585,ds1000#525,ds1000,3,0,1506.0000,2195
3586,hotpotqa#1274,hotpotqa,3,1,1506.0000,2196
3587,ddxplus#1494,ddxplus,3,1,1506.0000,2197
3588,hotpotqa#1275,hotpotqa,3,0,1507.0000,2197
3589,ddxplus#1495,ddxplus,3,1,1507.0000,2198
3590,ddxplus#1496,ddxplus,3,0,1508.0000,2198
3591,ddxplus#1497,ddxplus,3,1,1508.0000,2199
3592,ds1000#189,ds1000,3,0,1509.0000,2199
3593,hotpotqa#1276,hotpotqa,3,0,1510.0000,2199
3594,ddxplus#1498,ddxplus,3,1,1510.0000,2200
3595,hotpotqa#1277,hotpotqa,3,0,1511.0000,2200
3596,ds1000#812,ds1000,3,0,1512.0000,2200
3597,ddxplus#1499,ddxplus,3,0,1513.0000,2200
3598,ddxplus#1500,ddxplus,3,1,1513.0000,2201
3599,ddxplus#1501,ddxplus,3,0,1514.0000,2201
3600,ds1000#87,ds1000,3,0,1515.0000,2201
3601,ds1000#732,ds1000,3,1,1515.0000,2202
3602,ddxplus#1502,ddxplus,3,1,1515.0000,2203
3603,hotpotqa#1278,hotpotqa,3,1,1515.0000,2204
3604,ddxplus#1503,ddxplus,3,1,1515.0000,2205
3605,ddxplus#1504,ddxplus,3,0,1516.0000,2205
3606,hotpotqa#1279,hotpotqa,3,1,1516.0000,2206
3607,ds1000#483,ds1000,3,0,1517.0000,2206
3608,hotpotqa#1280,hotpotqa,3,1,1517.0000,2207
3609,ddxplus#1505,ddxplus,3,1,1517.0000,2208
3610,hotpotqa#1281,hotpotqa,3,1,1517.0000,2209
3611,hotpotqa#1282,hotpotqa,3,0,1518.0000,2209
3612,ddxplus#1506,ddxplus,3,1,1518.0000,2210
3613,hotpotqa#1283,hotpotqa,3,0,1519.0000,2210
3614,ddxplus#1507,ddxplus,3,1,1519.0000,2211
3615,ds1000#5,ds1000,3,0,1520.0000,2211
3616,hotpotqa#1284,hotpotqa,3,1,1520.0000,2212
3617,ddxplus#1508,ddxplus,3,1,1520.0000,2213
3618,ddxplus#1509,ddxplus,3,1,1520.0000,2214
3619,ddxplus#1510,ddxplus,3,1,1520.0000,2215
3620,hotpotqa#1285,hotpotqa,3,1,1520.0000,2217
3621,hotpotqa#1286,hotpotqa,3,1,1520.0000,2218
3622,ds1000#597,ds1000,3,1,1520.0000,2219
3623,hotpotqa#1287,hotpotqa,3,0,1521.0000,2219
3624,hotpotqa#1288,hotpotqa,3,0,1522.0000,2219
3625,hotpotqa#1289,hotpotqa,3,1,1522.0000,2220
3626,ddxplus#1511,ddxplus,3,1,1522.0000,2221
3627,ddxplus#1512,ddxplus,3,1,1522.0000,2222
3628,ddxplus#1513,ddxplus,3,0,1523.0000,2222
3629,ddxplus#1514,ddxplus,3,1,1523.0000,2223
3630,ds1000#953,ds1000,3,0,1524.0000,2225
3631,hotpotqa#1290,hotpotqa,3,1,1524.0000,2226
3632,ds1000#442,ds1000,3,1,1524.0000,2227
3633,ds1000#893,ds1000,3,1,1524.0000,2228
3634,ddxplus#1515,ddxplus,3,1,1524.0000,2229
3635,ddxplus#1516,ddxplus,3,1,1524.0000,2230
3636,hotpotqa#1291,hotpotqa,3,1,1524.0000,2231
3637,ddxplus#1517,ddxplus,3,1,1524.0000,2232
3638,hotpotqa#1292,hotpotqa,3,1,1524.0000,2233
3639,hotpotqa#1293,hotpotqa,3,1,1524.0000,2234
3640,ddxplus#1518,ddxplus,3,0,1525.0000,2235
3641,ddxplus#1519,ddxplus,3,1,1525.0000,2236
3642,ddxplus#1520,ddxplus,3,1,1525.0000,2237
3643,hotpotqa#1294,hotpotqa,3,1,1525.0000,2238
3644,hotpotqa#1295,hotpotqa,3,1,1525.0000,2239
3645,ddxplus#1521,ddxplus,3,0,1526.0000,2239
3646,ddxplus#1522,ddxplus,3,1,1526.0000,2240
3647,ddxplus#1523,ddxplus,3,1,1526.0000,2241
3648,ds1000#861,ds1000,3,0,1527.0000,2241
3649,ddxplus#1524,ddxplus,3,1,1527.0000,2242
3650,hotpotqa#1296,hotpotqa,3,1,1527.0000,2243
3651,ddxplus#1525,ddxplus,3,1,1527.0000,2244
3652,ddxplus#1526,ddxplus,3,1,1527.0000,2245
3653,ddxplus#1527,ddxplus,3,1,1527.0000,2246
3654,hotpotqa#1297,hotpotqa,3,0,1528.0000,2246
3655,hotpotqa#1298,hotpotqa,3,0,1529.0000,2246
3656,ddxplus#1528,ddxplus,3,0,1530.0000,2246
3657,ddxplus#1529,ddxplus,3,0,1531.0000,2246
3658,hotpotqa#1299,hotpotqa,3,1,1531.0000,2247
3659,ddxplus#1530,ddxplus,3,1,1531.0000,2248
3660,ddxplus#1531,ddxplus,3,1,1531.0000,2249
3661,ddxplus#1532,ddxplus,3,1,1531.0000,2250
3662,ds1000#385,ds1000,3,0,1532.0000,2250
3663,hotpotqa#1300,hotpotqa,3,1,1532.0000,2251
3664,ddxplus#1533,ddxplus,3,1,1532.0000,2252
3665,hotpotqa#1301,hotpotqa,3,1,1532.0000,2253
3666,ddxplus#1534,ddxplus,3,1,1532.0000,2254
3667,ds1000#332,ds1000,3,0,1533.0000,2254
3668,ddxplus#1535,ddxplus,3,1,1533.0000,2255
3669,ddxplus#1536,ddxplus,3,0,1534.0000,2255
3670,hotpotqa#1302,hotpotqa,3,0,1535.0000,2256
3671,ddxplus#1537,ddxplus,3,1,1535.0000,2257
3672,ddxplus#1538,ddxplus,3,1,1535.0000,2258
3673,ddxplus#1539,ddxplus,3,1,1535.0000,2259
3674,ds1000#790,ds1000,3,0,1536.0000,2259
3675,hotpotqa#1303,hotpotqa,3,0,1537.0000,2259
3676,hotpotqa#1304,hotpotqa,3,0,1538.0000,2259
3677,ds1000#359,ds1000,3,1,1538.0000,2260
3678,ddxplus#1540,ddxplus,3,1,1538.0000,2261
3679,ds1000#590,ds1000,3,1,1538.0000,2262
3680,hotpotqa#1305,hotpotqa,3,1,1538.0000,2263
3681,ddxplus#1541,ddxplus,3,0,1539.0000,2263
3682,ddxplus#1542,ddxplus,3,1,1539.0000,2264
3683,ddxplus#1543,ddxplus,3,1,1539.0000,2265
3684,hotpotqa#1306,hotpotqa,3,1,1539.0000,2266
3685,ds1000#504,ds1000,3,0,1540.0000,2266
3686,ds1000#962,ds1000,3,1,1540.0000,2267
3687,ddxplus#1544,ddxplus,3,1,1540.0000,2268
3688,ddxplus#1545,ddxplus,3,1,1540.0000,2269
3689,hotpotqa#1307,hotpotqa,3,1,1540.0000,2270
3650,hotpotqa#1296,hotpotqa,3,1,1527.0000,2243
3651,ddxplus#1525,ddxplus,3,1,1527.0000,2244
3652,ddxplus#1526,ddxplus,3,1,1527.0000,2245
3653,ddxplus#1527,ddxplus,3,1,1527.0000,2246
3654,hotpotqa#1297,hotpotqa,3,0,1528.0000,2246
3655,hotpotqa#1298,hotpotqa,3,0,1529.0000,2246
3656,ddxplus#1528,ddxplus,3,0,1530.0000,2246
3657,ddxplus#1529,ddxplus,3,0,1531.0000,2246
3658,hotpotqa#1299,hotpotqa,3,1,1531.0000,2247
3659,ddxplus#1530,ddxplus,3,1,1531.0000,2248
3660,ddxplus#1531,ddxplus,3,1,1531.0000,2249
3661,ddxplus#1532,ddxplus,3,1,1531.0000,2250
3662,ds1000#385,ds1000,3,0,1532.0000,2250
3663,hotpotqa#1300,hotpotqa,3,1,1532.0000,2251
3664,ddxplus#1533,ddxplus,3,1,1532.0000,2252
3665,hotpotqa#1301,hotpotqa,3,1,1532.0000,2253
3666,ddxplus#1534,ddxplus,3,1,1532.0000,2254
3667,ds1000#332,ds1000,3,0,1533.0000,2254
3668,ddxplus#1535,ddxplus,3,1,1533.0000,2255
3669,ddxplus#1536,ddxplus,3,0,1534.0000,2255
3670,hotpotqa#1302,hotpotqa,3,0,1535.0000,2256
3671,ddxplus#1537,ddxplus,3,1,1535.0000,2257
3672,ddxplus#1538,ddxplus,3,1,1535.0000,2258
3673,ddxplus#1539,ddxplus,3,1,1535.0000,2259
3674,ds1000#790,ds1000,3,0,1536.0000,2259
3675,hotpotqa#1303,hotpotqa,3,0,1537.0000,2259
3676,hotpotqa#1304,hotpotqa,3,0,1538.0000,2259
3677,ds1000#359,ds1000,3,1,1538.0000,2260
3678,ddxplus#1540,ddxplus,3,1,1538.0000,2261
3679,ds1000#590,ds1000,3,1,1538.0000,2262
3680,hotpotqa#1305,hotpotqa,3,1,1538.0000,2263
3681,ddxplus#1541,ddxplus,3,0,1539.0000,2263
3682,ddxplus#1542,ddxplus,3,1,1539.0000,2264
3683,ddxplus#1543,ddxplus,3,1,1539.0000,2265
3684,hotpotqa#1306,hotpotqa,3,1,1539.0000,2266
3685,ds1000#504,ds1000,3,0,1540.0000,2266
3686,ds1000#962,ds1000,3,1,1540.0000,2267
3687,ddxplus#1544,ddxplus,3,1,1540.0000,2268
3688,ddxplus#1545,ddxplus,3,1,1540.0000,2269
3689,hotpotqa#1307,hotpotqa,3,1,1540.0000,2270
3690,ds1000#375,ds1000,3,0,1541.0000,2270
3691,ddxplus#1546,ddxplus,3,1,1541.0000,2271
3692,hotpotqa#1308,hotpotqa,3,1,1541.0000,2272
3693,ddxplus#1547,ddxplus,3,1,1541.0000,2273
3694,ddxplus#1548,ddxplus,3,1,1541.0000,2274
3695,ddxplus#1549,ddxplus,3,0,1542.0000,2274
3696,hotpotqa#1309,hotpotqa,3,0,1543.0000,2274
3697,hotpotqa#1310,hotpotqa,3,1,1543.0000,2275
3698,ds1000#114,ds1000,3,1,1543.0000,2276
3699,hotpotqa#1311,hotpotqa,3,0,1544.0000,2276
3700,ds1000#170,ds1000,3,1,1544.0000,2277
3701,hotpotqa#1312,hotpotqa,3,1,1544.0000,2278
3702,ddxplus#1550,ddxplus,3,1,1544.0000,2279
3703,ds1000#851,ds1000,3,0,1545.0000,2279
3704,hotpotqa#1313,hotpotqa,3,1,1545.0000,2280
3705,ddxplus#1551,ddxplus,3,1,1545.0000,2281
3706,hotpotqa#1314,hotpotqa,3,1,1545.0000,2282
3707,ddxplus#1552,ddxplus,3,1,1545.0000,2283
3708,ddxplus#1553,ddxplus,3,1,1545.0000,2284
3709,ddxplus#1554,ddxplus,3,1,1545.0000,2285
3710,hotpotqa#1315,hotpotqa,3,1,1545.0000,2286
3711,ddxplus#1555,ddxplus,3,0,1546.0000,2286
3712,ds1000#123,ds1000,3,1,1546.0000,2287
3713,ddxplus#1556,ddxplus,3,1,1546.0000,2288
3714,ddxplus#1557,ddxplus,3,1,1546.0000,2289
3715,hotpotqa#1316,hotpotqa,3,1,1546.0000,2290
3716,hotpotqa#1317,hotpotqa,3,1,1546.0000,2291
3717,ds1000#301,ds1000,3,1,1546.0000,2292
3718,hotpotqa#1318,hotpotqa,3,1,1546.0000,2293
3719,ddxplus#1558,ddxplus,3,0,1547.0000,2293
3720,hotpotqa#1319,hotpotqa,3,1,1547.0000,2294
3721,hotpotqa#1320,hotpotqa,3,1,1547.0000,2295
3722,hotpotqa#1321,hotpotqa,3,0,1548.0000,2295
3723,hotpotqa#1322,hotpotqa,3,1,1548.0000,2296
3724,ds1000#615,ds1000,3,1,1548.0000,2297
3725,hotpotqa#1323,hotpotqa,3,0,1549.0000,2297
3726,hotpotqa#1324,hotpotqa,3,0,1550.0000,2297
3727,hotpotqa#1325,hotpotqa,3,0,1551.0000,2297
3728,hotpotqa#1326,hotpotqa,3,0,1552.0000,2297
3729,ds1000#602,ds1000,3,1,1552.0000,2298
3730,ds1000#711,ds1000,3,1,1552.0000,2300
3731,ds1000#786,ds1000,3,0,1553.0000,2300
3732,ddxplus#1559,ddxplus,3,1,1553.0000,2301
3733,ds1000#918,ds1000,3,1,1553.0000,2302
3734,ddxplus#1560,ddxplus,3,1,1553.0000,2303
3735,ddxplus#1561,ddxplus,3,0,1554.0000,2303
3736,ddxplus#1562,ddxplus,3,0,1555.0000,2303
3737,ds1000#508,ds1000,3,1,1555.0000,2304
3738,ddxplus#1563,ddxplus,3,0,1556.0000,2304
3739,ddxplus#1564,ddxplus,3,1,1556.0000,2305
3740,ddxplus#1565,ddxplus,3,1,1556.0000,2306
3741,hotpotqa#1327,hotpotqa,3,0,1557.0000,2306
3742,ddxplus#1566,ddxplus,3,1,1557.0000,2307
3743,hotpotqa#1328,hotpotqa,3,0,1558.0000,2307
3744,hotpotqa#1329,hotpotqa,3,0,1559.0000,2307
3745,ddxplus#1567,ddxplus,3,1,1559.0000,2308
3746,hotpotqa#1330,hotpotqa,3,1,1559.0000,2309
3747,ds1000#718,ds1000,3,0,1560.0000,2309
3748,hotpotqa#1331,hotpotqa,3,0,1561.0000,2309
3749,ds1000#599,ds1000,3,0,1562.0000,2309
3750,ddxplus#1568,ddxplus,3,1,1562.0000,2310
3751,ds1000#221,ds1000,3,0,1563.0000,2310
3752,ddxplus#1569,ddxplus,3,0,1564.0000,2310
3753,ds1000#654,ds1000,3,0,1565.0000,2310
3754,ds1000#111,ds1000,3,1,1565.0000,2311
3755,hotpotqa#1332,hotpotqa,3,0,1566.0000,2311
3756,hotpotqa#1333,hotpotqa,3,1,1566.0000,2312
3757,ds1000#475,ds1000,3,1,1566.0000,2313
3758,ddxplus#1570,ddxplus,3,1,1566.0000,2314
3759,hotpotqa#1334,hotpotqa,3,1,1566.0000,2315
3760,hotpotqa#1335,hotpotqa,3,0,1567.0000,2315
3761,ds1000#484,ds1000,3,0,1568.0000,2315
3762,ddxplus#1571,ddxplus,3,0,1569.0000,2315
3763,hotpotqa#1336,hotpotqa,3,1,1569.0000,2316
3764,ddxplus#1572,ddxplus,3,1,1569.0000,2317
3765,ddxplus#1573,ddxplus,3,0,1570.0000,2317
3766,ddxplus#1574,ddxplus,3,1,1570.0000,2318
3767,hotpotqa#1337,hotpotqa,3,1,1570.0000,2319
3768,ddxplus#1575,ddxplus,3,1,1570.0000,2320
3769,ddxplus#1576,ddxplus,3,1,1570.0000,2321
3770,ddxplus#1577,ddxplus,3,1,1570.0000,2323
3771,hotpotqa#1338,hotpotqa,3,1,1570.0000,2324
3772,ddxplus#1578,ddxplus,3,1,1570.0000,2325
3773,hotpotqa#1339,hotpotqa,3,1,1570.0000,2326
3774,ddxplus#1579,ddxplus,3,1,1570.0000,2327
3775,hotpotqa#1340,hotpotqa,3,0,1571.0000,2327
3776,ddxplus#1580,ddxplus,3,0,1572.0000,2327
3777,ddxplus#1581,ddxplus,3,0,1573.0000,2327
3778,hotpotqa#1341,hotpotqa,3,1,1573.0000,2328
3779,ddxplus#1582,ddxplus,3,0,1574.0000,2328
3780,ddxplus#1583,ddxplus,3,1,1574.0000,2329
3781,hotpotqa#1342,hotpotqa,3,0,1575.0000,2329
3782,hotpotqa#1343,hotpotqa,3,1,1575.0000,2330
3783,ddxplus#1584,ddxplus,3,0,1576.0000,2330
3784,ddxplus#1585,ddxplus,3,1,1576.0000,2331
3785,ddxplus#1586,ddxplus,3,1,1576.0000,2332
3786,hotpotqa#1344,hotpotqa,3,0,1577.0000,2332
3787,hotpotqa#1345,hotpotqa,3,0,1578.0000,2332
3788,hotpotqa#1346,hotpotqa,3,0,1579.0000,2332
3789,ddxplus#1587,ddxplus,3,1,1579.0000,2333
3790,hotpotqa#1347,hotpotqa,3,0,1580.0000,2333
3791,ds1000#329,ds1000,3,1,1580.0000,2334
3792,ds1000#279,ds1000,3,0,1581.0000,2334
3793,ddxplus#1588,ddxplus,3,0,1582.0000,2334
3794,ds1000#277,ds1000,3,1,1582.0000,2335
3795,ds1000#349,ds1000,3,1,1582.0000,2336
3796,ds1000#956,ds1000,3,1,1582.0000,2337
3797,ddxplus#1589,ddxplus,3,1,1582.0000,2338
3798,ds1000#187,ds1000,3,0,1583.0000,2338
3799,ddxplus#1590,ddxplus,3,1,1583.0000,2339
3800,ddxplus#1591,ddxplus,3,0,1584.0000,2339
3801,hotpotqa#1348,hotpotqa,3,1,1584.0000,2340
3802,hotpotqa#1349,hotpotqa,3,0,1585.0000,2340
3803,ds1000#65,ds1000,3,0,1586.0000,2340
3804,ddxplus#1592,ddxplus,3,1,1586.0000,2341
3805,ds1000#974,ds1000,3,1,1586.0000,2342
3806,hotpotqa#1350,hotpotqa,3,1,1586.0000,2343
3807,hotpotqa#1351,hotpotqa,3,1,1586.0000,2344
3808,ds1000#611,ds1000,3,1,1586.0000,2345
3809,ds1000#583,ds1000,3,1,1586.0000,2346
3810,ddxplus#1593,ddxplus,3,0,1587.0000,2346
3811,ddxplus#1594,ddxplus,3,0,1588.0000,2346
3812,ds1000#948,ds1000,3,1,1588.0000,2347
3813,ddxplus#1595,ddxplus,3,1,1588.0000,2348
3814,ddxplus#1596,ddxplus,3,1,1588.0000,2349
3815,ddxplus#1597,ddxplus,3,1,1588.0000,2350
3816,hotpotqa#1352,hotpotqa,3,0,1589.0000,2350
3817,ds1000#69,ds1000,3,0,1590.0000,2350
3818,ddxplus#1598,ddxplus,3,1,1590.0000,2351
3819,hotpotqa#1353,hotpotqa,3,1,1590.0000,2352
3820,hotpotqa#1354,hotpotqa,3,1,1590.0000,2353
3821,ds1000#410,ds1000,3,0,1591.0000,2353
3822,ds1000#637,ds1000,3,1,1591.0000,2354
3823,ddxplus#1599,ddxplus,3,0,1592.0000,2354
3824,ddxplus#1600,ddxplus,3,1,1592.0000,2355
3825,ds1000#177,ds1000,3,0,1593.0000,2355
3826,ds1000#736,ds1000,3,0,1594.0000,2355
3827,ddxplus#1601,ddxplus,3,1,1594.0000,2356
3828,hotpotqa#1355,hotpotqa,3,1,1594.0000,2357
3829,ds1000#982,ds1000,3,1,1594.0000,2358
3830,ddxplus#1602,ddxplus,3,0,1595.0000,2358
3831,ddxplus#1603,ddxplus,3,1,1595.0000,2359
3832,hotpotqa#1356,hotpotqa,3,0,1596.0000,2359
3833,hotpotqa#1357,hotpotqa,3,0,1597.0000,2359
3834,hotpotqa#1358,hotpotqa,3,0,1598.0000,2359
3835,ds1000#117,ds1000,3,1,1598.0000,2360
3836,hotpotqa#1359,hotpotqa,3,1,1598.0000,2361
3837,ddxplus#1604,ddxplus,3,1,1598.0000,2362
3838,ddxplus#1605,ddxplus,3,0,1599.0000,2362
3839,hotpotqa#1360,hotpotqa,3,1,1599.0000,2363
3840,ds1000#586,ds1000,3,1,1599.0000,2364
3841,ddxplus#1606,ddxplus,3,1,1599.0000,2365
3842,ds1000#372,ds1000,3,0,1600.0000,2365
3843,ddxplus#1607,ddxplus,3,1,1600.0000,2366
3844,ddxplus#1608,ddxplus,3,0,1601.0000,2366
3845,hotpotqa#1361,hotpotqa,3,1,1601.0000,2367
3846,hotpotqa#1362,hotpotqa,3,0,1602.0000,2367
3847,ds1000#10,ds1000,3,0,1603.0000,2367
3848,ds1000#628,ds1000,3,1,1603.0000,2368
3849,hotpotqa#1363,hotpotqa,3,0,1604.0000,2368
3850,hotpotqa#1364,hotpotqa,3,0,1605.0000,2368
3851,ddxplus#1609,ddxplus,3,1,1605.0000,2369
3852,hotpotqa#1365,hotpotqa,3,0,1606.0000,2369
3853,ddxplus#1610,ddxplus,3,1,1606.0000,2370
3854,hotpotqa#1366,hotpotqa,3,1,1606.0000,2371
3855,ddxplus#1611,ddxplus,3,0,1607.0000,2371
3856,hotpotqa#1367,hotpotqa,3,1,1607.0000,2372
3857,hotpotqa#1368,hotpotqa,3,0,1608.0000,2372
3858,ds1000#927,ds1000,3,0,1609.0000,2372
3859,ddxplus#1612,ddxplus,3,1,1609.0000,2373
3860,hotpotqa#1369,hotpotqa,3,0,1610.0000,2373
3861,hotpotqa#1370,hotpotqa,3,1,1610.0000,2374
3862,hotpotqa#1371,hotpotqa,3,1,1610.0000,2375
3863,hotpotqa#1372,hotpotqa,3,1,1610.0000,2376
3864,ds1000#63,ds1000,3,1,1610.0000,2377
3865,hotpotqa#1373,hotpotqa,3,0,1611.0000,2377
3866,ddxplus#1613,ddxplus,3,1,1611.0000,2378
3867,ddxplus#1614,ddxplus,3,1,1611.0000,2379
3868,ddxplus#1615,ddxplus,3,0,1612.0000,2379
3869,ds1000#735,ds1000,3,0,1613.0000,2379
3870,ds1000#500,ds1000,3,1,1613.0000,2380
3871,ddxplus#1616,ddxplus,3,0,1614.0000,2380
3872,ddxplus#1617,ddxplus,3,1,1614.0000,2381
3873,ds1000#1,ds1000,3,0,1615.0000,2381
3874,ddxplus#1618,ddxplus,3,0,1616.0000,2381
3875,ddxplus#1619,ddxplus,3,1,1616.0000,2382
3876,hotpotqa#1374,hotpotqa,3,1,1616.0000,2383
3877,ddxplus#1620,ddxplus,3,1,1616.0000,2384
3878,ddxplus#1621,ddxplus,3,1,1616.0000,2385
3879,ddxplus#1622,ddxplus,3,0,1617.0000,2385
3880,ddxplus#1623,ddxplus,3,1,1617.0000,2386
3881,hotpotqa#1375,hotpotqa,3,1,1617.0000,2387
3882,hotpotqa#1376,hotpotqa,3,1,1617.0000,2388
3883,ddxplus#1624,ddxplus,3,1,1617.0000,2389
3884,hotpotqa#1377,hotpotqa,3,1,1617.0000,2390
3885,hotpotqa#1378,hotpotqa,3,1,1617.0000,2391
3886,hotpotqa#1379,hotpotqa,3,1,1617.0000,2392
3887,ddxplus#1625,ddxplus,3,0,1618.0000,2392
3888,ds1000#42,ds1000,3,0,1619.0000,2392
3889,ddxplus#1626,ddxplus,3,1,1619.0000,2393
3890,ds1000#634,ds1000,3,1,1619.0000,2395
3891,ds1000#529,ds1000,3,0,1620.0000,2395
3892,ddxplus#1627,ddxplus,3,0,1621.0000,2395
3893,ddxplus#1628,ddxplus,3,1,1621.0000,2396
3894,ds1000#167,ds1000,3,0,1622.0000,2396
3895,hotpotqa#1380,hotpotqa,3,0,1623.0000,2396
3896,hotpotqa#1381,hotpotqa,3,1,1623.0000,2397
3897,ddxplus#1629,ddxplus,3,1,1623.0000,2398
3898,hotpotqa#1382,hotpotqa,3,0,1624.0000,2398
3899,ddxplus#1630,ddxplus,3,0,1625.0000,2398
3900,ddxplus#1631,ddxplus,3,1,1625.0000,2399
3901,ddxplus#1632,ddxplus,3,1,1625.0000,2400
3902,ddxplus#1633,ddxplus,3,1,1625.0000,2401
3903,ddxplus#1634,ddxplus,3,1,1625.0000,2402
3904,ddxplus#1635,ddxplus,3,0,1626.0000,2402
3905,ddxplus#1636,ddxplus,3,0,1627.0000,2402
3906,ddxplus#1637,ddxplus,3,1,1627.0000,2403
3907,ddxplus#1638,ddxplus,3,1,1627.0000,2404
3908,ddxplus#1639,ddxplus,3,0,1628.0000,2404
3909,ddxplus#1640,ddxplus,3,1,1628.0000,2405
3910,hotpotqa#1383,hotpotqa,3,1,1628.0000,2406
3911,ddxplus#1641,ddxplus,3,0,1629.0000,2406
3912,ds1000#809,ds1000,3,0,1630.0000,2406
3913,ddxplus#1642,ddxplus,3,1,1630.0000,2407
3914,ddxplus#1643,ddxplus,3,0,1631.0000,2407
3915,ddxplus#1644,ddxplus,3,1,1631.0000,2408
3916,ddxplus#1645,ddxplus,3,0,1632.0000,2408
3917,ds1000#821,ds1000,3,1,1632.0000,2409
3918,ds1000#76,ds1000,3,0,1633.0000,2409
3919,ddxplus#1646,ddxplus,3,1,1633.0000,2410
3920,ddxplus#1647,ddxplus,3,1,1633.0000,2412
3921,hotpotqa#1384,hotpotqa,3,1,1633.0000,2413
3922,ddxplus#1648,ddxplus,3,1,1633.0000,2414
3923,hotpotqa#1385,hotpotqa,3,1,1633.0000,2415
3924,ddxplus#1649,ddxplus,3,1,1633.0000,2416
3925,ds1000#313,ds1000,3,1,1633.0000,2417
3926,ddxplus#1650,ddxplus,3,1,1633.0000,2418
3927,ddxplus#1651,ddxplus,3,1,1633.0000,2419
3928,ddxplus#1652,ddxplus,3,1,1633.0000,2420
3929,ddxplus#1653,ddxplus,3,1,1633.0000,2421
3930,ddxplus#1654,ddxplus,3,0,1634.0000,2421
3931,ddxplus#1655,ddxplus,3,0,1635.0000,2421
3932,ds1000#296,ds1000,3,1,1635.0000,2422
3933,ddxplus#1656,ddxplus,3,1,1635.0000,2423
3934,hotpotqa#1386,hotpotqa,3,1,1635.0000,2424
3935,hotpotqa#1387,hotpotqa,3,1,1635.0000,2425
3936,ddxplus#1657,ddxplus,3,1,1635.0000,2426
3937,hotpotqa#1388,hotpotqa,3,1,1635.0000,2427
3938,ddxplus#1658,ddxplus,3,1,1635.0000,2428
3939,hotpotqa#1389,hotpotqa,3,1,1635.0000,2429
3940,ds1000#502,ds1000,3,1,1635.0000,2430
3941,hotpotqa#1390,hotpotqa,3,1,1635.0000,2431
3942,hotpotqa#1391,hotpotqa,3,1,1635.0000,2432
3943,ds1000#490,ds1000,3,1,1635.0000,2433
3944,hotpotqa#1392,hotpotqa,3,1,1635.0000,2434
3945,ds1000#720,ds1000,3,1,1635.0000,2435
3946,hotpotqa#1393,hotpotqa,3,1,1635.0000,2436
3947,hotpotqa#1394,hotpotqa,3,1,1635.0000,2437
3948,hotpotqa#1395,hotpotqa,3,1,1635.0000,2438
3949,hotpotqa#1396,hotpotqa,3,0,1636.0000,2438
3950,hotpotqa#1397,hotpotqa,3,1,1636.0000,2439
3951,hotpotqa#1398,hotpotqa,3,1,1636.0000,2440
3952,ddxplus#1659,ddxplus,3,1,1636.0000,2441
3953,hotpotqa#1399,hotpotqa,3,1,1636.0000,2442
3954,hotpotqa#1400,hotpotqa,3,0,1637.0000,2442
3955,hotpotqa#1401,hotpotqa,3,1,1637.0000,2443
3956,ddxplus#1660,ddxplus,3,0,1638.0000,2443
3957,hotpotqa#1402,hotpotqa,3,1,1638.0000,2444
3958,ddxplus#1661,ddxplus,3,1,1638.0000,2445
3959,hotpotqa#1403,hotpotqa,3,1,1638.0000,2446
3960,hotpotqa#1404,hotpotqa,3,1,1638.0000,2448
3961,ddxplus#1662,ddxplus,3,1,1638.0000,2449
3962,hotpotqa#1405,hotpotqa,3,1,1638.0000,2450
3963,hotpotqa#1406,hotpotqa,3,1,1638.0000,2451
3964,ddxplus#1663,ddxplus,3,1,1638.0000,2452
3965,ddxplus#1664,ddxplus,3,0,1639.0000,2452
3966,ddxplus#1665,ddxplus,3,1,1639.0000,2453
3967,hotpotqa#1407,hotpotqa,3,1,1639.0000,2454
3968,ddxplus#1666,ddxplus,3,1,1639.0000,2455
3969,ddxplus#1667,ddxplus,3,1,1639.0000,2456
3970,hotpotqa#1408,hotpotqa,3,1,1639.0000,2457
3971,hotpotqa#1409,hotpotqa,3,0,1640.0000,2457
3972,hotpotqa#1410,hotpotqa,3,1,1640.0000,2458
3973,ds1000#837,ds1000,3,0,1641.0000,2458
3974,hotpotqa#1411,hotpotqa,3,1,1641.0000,2459
3975,ddxplus#1668,ddxplus,3,1,1641.0000,2460
3976,ddxplus#1669,ddxplus,3,1,1641.0000,2461
3977,hotpotqa#1412,hotpotqa,3,1,1641.0000,2462
3978,ds1000#543,ds1000,3,0,1642.0000,2462
3979,ddxplus#1670,ddxplus,3,1,1642.0000,2463
3980,ddxplus#1671,ddxplus,3,0,1643.0000,2464
3981,ds1000#641,ds1000,3,1,1643.0000,2465
3982,ddxplus#1672,ddxplus,3,0,1644.0000,2465
3983,hotpotqa#1413,hotpotqa,3,0,1645.0000,2465
3984,ddxplus#1673,ddxplus,3,1,1645.0000,2466
3985,ds1000#939,ds1000,3,1,1645.0000,2467
3986,hotpotqa#1414,hotpotqa,3,0,1646.0000,2467
3987,ddxplus#1674,ddxplus,3,1,1646.0000,2468
3988,hotpotqa#1415,hotpotqa,3,1,1646.0000,2469
3989,ddxplus#1675,ddxplus,3,0,1647.0000,2469
3990,hotpotqa#1416,hotpotqa,3,1,1647.0000,2470
3991,ds1000#617,ds1000,3,1,1647.0000,2471
3992,ds1000#290,ds1000,3,1,1647.0000,2472
3993,ddxplus#1676,ddxplus,3,0,1648.0000,2472
3994,ddxplus#1677,ddxplus,3,1,1648.0000,2473
3995,ddxplus#1678,ddxplus,3,0,1649.0000,2473
3996,hotpotqa#1417,hotpotqa,3,0,1650.0000,2473
3997,ds1000#779,ds1000,3,0,1651.0000,2473
3998,hotpotqa#1418,hotpotqa,3,1,1651.0000,2474
3999,hotpotqa#1419,hotpotqa,3,0,1652.0000,2474
4000,ds1000#910,ds1000,3,0,1653.0000,2474
4001,hotpotqa#1420,hotpotqa,3,1,1653.0000,2475
4002,ddxplus#1679,ddxplus,3,1,1653.0000,2476
4003,ddxplus#1680,ddxplus,3,1,1653.0000,2477
4004,ddxplus#1681,ddxplus,3,1,1653.0000,2478
4005,ds1000#212,ds1000,3,1,1653.0000,2479
4006,ddxplus#1682,ddxplus,3,1,1653.0000,2480
4007,ddxplus#1683,ddxplus,3,1,1653.0000,2481
4008,ds1000#555,ds1000,3,0,1654.0000,2481
4009,ds1000#967,ds1000,3,1,1654.0000,2482
4010,ddxplus#1684,ddxplus,3,1,1654.0000,2484
4011,hotpotqa#1421,hotpotqa,3,0,1655.0000,2484
4012,ddxplus#1685,ddxplus,3,1,1655.0000,2485
4013,ddxplus#1686,ddxplus,3,1,1655.0000,2486
4014,hotpotqa#1422,hotpotqa,3,1,1655.0000,2487
4015,hotpotqa#1423,hotpotqa,3,0,1656.0000,2487
4016,hotpotqa#1424,hotpotqa,3,0,1657.0000,2487
4017,hotpotqa#1425,hotpotqa,3,1,1657.0000,2488
4018,hotpotqa#1426,hotpotqa,3,0,1658.0000,2488
4019,ds1000#317,ds1000,3,1,1658.0000,2489
4020,ds1000#57,ds1000,3,0,1659.0000,2489
4021,ddxplus#1687,ddxplus,3,1,1659.0000,2490
4022,ds1000#791,ds1000,3,0,1660.0000,2490
4023,ddxplus#1688,ddxplus,3,1,1660.0000,2491
4024,ddxplus#1689,ddxplus,3,1,1660.0000,2492
4025,ds1000#535,ds1000,3,0,1661.0000,2492
4026,ddxplus#1690,ddxplus,3,0,1662.0000,2492
4027,ddxplus#1691,ddxplus,3,0,1663.0000,2492
4028,ddxplus#1692,ddxplus,3,1,1663.0000,2493
4029,hotpotqa#1427,hotpotqa,3,0,1664.0000,2493
4030,ds1000#932,ds1000,3,1,1664.0000,2494
4031,ddxplus#1693,ddxplus,3,1,1664.0000,2495
4032,ddxplus#1694,ddxplus,3,0,1665.0000,2495
4033,ddxplus#1695,ddxplus,3,0,1666.0000,2495
4034,hotpotqa#1428,hotpotqa,3,1,1666.0000,2496
4035,hotpotqa#1429,hotpotqa,3,1,1666.0000,2497
4036,ds1000#272,ds1000,3,0,1667.0000,2497
4037,ds1000#15,ds1000,3,0,1668.0000,2497
4038,ds1000#432,ds1000,3,0,1669.0000,2497
4039,hotpotqa#1430,hotpotqa,3,0,1670.0000,2497
4040,ddxplus#1696,ddxplus,3,1,1670.0000,2498
4041,ddxplus#1697,ddxplus,3,1,1670.0000,2499
4042,ds1000#503,ds1000,3,1,1670.0000,2500
4043,ddxplus#1698,ddxplus,3,0,1671.0000,2500
4044,ddxplus#1699,ddxplus,3,1,1671.0000,2501
4045,ddxplus#1700,ddxplus,3,1,1671.0000,2502
4046,ddxplus#1701,ddxplus,3,0,1672.0000,2502
4047,hotpotqa#1431,hotpotqa,3,1,1672.0000,2503
4048,ddxplus#1702,ddxplus,3,0,1673.0000,2503
4049,ddxplus#1703,ddxplus,3,0,1674.0000,2503
4050,ddxplus#1704,ddxplus,3,1,1674.0000,2504
4051,ddxplus#1705,ddxplus,3,1,1674.0000,2505
4052,hotpotqa#1432,hotpotqa,3,0,1675.0000,2505
4053,ds1000#828,ds1000,3,1,1675.0000,2506
4054,hotpotqa#1433,hotpotqa,3,0,1676.0000,2506
4055,hotpotqa#1434,hotpotqa,3,1,1676.0000,2507
4056,ddxplus#1706,ddxplus,3,1,1676.0000,2508
4057,ddxplus#1707,ddxplus,3,1,1676.0000,2509
4058,hotpotqa#1435,hotpotqa,3,1,1676.0000,2510
4059,hotpotqa#1436,hotpotqa,3,0,1677.0000,2510
4060,ds1000#621,ds1000,3,0,1678.0000,2510
4061,ddxplus#1708,ddxplus,3,0,1679.0000,2510
4062,ddxplus#1709,ddxplus,3,1,1679.0000,2511
4063,ddxplus#1710,ddxplus,3,1,1679.0000,2512
4064,ddxplus#1711,ddxplus,3,1,1679.0000,2513
4065,hotpotqa#1437,hotpotqa,3,0,1680.0000,2513
4066,hotpotqa#1438,hotpotqa,3,1,1680.0000,2514
4067,ddxplus#1712,ddxplus,3,0,1681.0000,2514
4068,ddxplus#1713,ddxplus,3,1,1681.0000,2515
4069,hotpotqa#1439,hotpotqa,3,1,1681.0000,2516
4070,hotpotqa#1440,hotpotqa,3,1,1681.0000,2517
4071,ddxplus#1714,ddxplus,3,1,1681.0000,2518
4072,ddxplus#1715,ddxplus,3,1,1681.0000,2519
4073,hotpotqa#1441,hotpotqa,3,0,1682.0000,2519
4074,ddxplus#1716,ddxplus,3,0,1683.0000,2519
4075,hotpotqa#1442,hotpotqa,3,1,1683.0000,2520
4076,ds1000#137,ds1000,3,0,1684.0000,2520
4077,ds1000#287,ds1000,3,0,1685.0000,2520
4078,hotpotqa#1443,hotpotqa,3,1,1685.0000,2521
4079,ds1000#451,ds1000,3,1,1685.0000,2522
4080,ddxplus#1717,ddxplus,3,1,1685.0000,2523
4081,ddxplus#1718,ddxplus,3,1,1685.0000,2524
4082,ddxplus#1719,ddxplus,3,1,1685.0000,2525
4083,hotpotqa#1444,hotpotqa,3,1,1685.0000,2526
4084,hotpotqa#1445,hotpotqa,3,0,1686.0000,2526
4085,ddxplus#1720,ddxplus,3,0,1687.0000,2526
4086,hotpotqa#1446,hotpotqa,3,1,1687.0000,2527
4087,hotpotqa#1447,hotpotqa,3,0,1688.0000,2527
4088,hotpotqa#1448,hotpotqa,3,0,1689.0000,2527
4089,ds1000#528,ds1000,3,0,1690.0000,2527
4090,ddxplus#1721,ddxplus,3,0,1691.0000,2527
4091,hotpotqa#1449,hotpotqa,3,1,1691.0000,2528
4092,ds1000#300,ds1000,3,1,1691.0000,2529
4093,hotpotqa#1450,hotpotqa,3,0,1692.0000,2529
4094,ds1000#752,ds1000,3,0,1693.0000,2529
4095,ds1000#622,ds1000,3,0,1694.0000,2529
4096,ds1000#943,ds1000,3,1,1694.0000,2530
4097,ds1000#195,ds1000,3,0,1695.0000,2530
4098,ds1000#34,ds1000,3,1,1695.0000,2531
4099,ds1000#286,ds1000,3,0,1696.0000,2531
4100,hotpotqa#1451,hotpotqa,3,0,1697.0000,2531
4101,ddxplus#1722,ddxplus,3,1,1697.0000,2532
4102,ddxplus#1723,ddxplus,3,1,1697.0000,2533
4103,hotpotqa#1452,hotpotqa,3,0,1698.0000,2533
4104,hotpotqa#1453,hotpotqa,3,0,1699.0000,2533
4105,ds1000#314,ds1000,3,1,1699.0000,2534
4106,ddxplus#1724,ddxplus,3,1,1699.0000,2535
4107,hotpotqa#1454,hotpotqa,3,1,1699.0000,2536
4108,ds1000#970,ds1000,3,0,1700.0000,2536
4109,hotpotqa#1455,hotpotqa,3,0,1701.0000,2536
4110,hotpotqa#1456,hotpotqa,3,0,1702.0000,2536
4111,ds1000#547,ds1000,3,0,1703.0000,2536
4112,hotpotqa#1457,hotpotqa,3,1,1703.0000,2537
4113,ds1000#333,ds1000,3,1,1703.0000,2538
4114,ddxplus#1725,ddxplus,3,1,1703.0000,2539
4115,ds1000#182,ds1000,3,1,1703.0000,2540
4116,hotpotqa#1458,hotpotqa,3,1,1703.0000,2541
4117,hotpotqa#1459,hotpotqa,3,1,1703.0000,2542
4118,ddxplus#1726,ddxplus,3,0,1704.0000,2542
4119,ddxplus#1727,ddxplus,3,1,1704.0000,2543
4120,ds1000#49,ds1000,3,0,1705.0000,2543
4121,hotpotqa#1460,hotpotqa,3,1,1705.0000,2544
4122,hotpotqa#1461,hotpotqa,3,1,1705.0000,2545
4123,ddxplus#1728,ddxplus,3,1,1705.0000,2546
4124,hotpotqa#1462,hotpotqa,3,0,1706.0000,2546
4125,hotpotqa#1463,hotpotqa,3,1,1706.0000,2547
4126,ddxplus#1729,ddxplus,3,1,1706.0000,2548
4127,ddxplus#1730,ddxplus,3,1,1706.0000,2549
4128,ds1000#518,ds1000,3,0,1707.0000,2549
4129,hotpotqa#1464,hotpotqa,3,0,1708.0000,2549
4130,hotpotqa#1465,hotpotqa,3,0,1709.0000,2550
4131,ds1000#102,ds1000,3,1,1709.0000,2551
4132,hotpotqa#1466,hotpotqa,3,0,1710.0000,2551
4133,hotpotqa#1467,hotpotqa,3,0,1711.0000,2551
4134,ddxplus#1731,ddxplus,3,1,1711.0000,2552
4135,hotpotqa#1468,hotpotqa,3,1,1711.0000,2553
4136,ddxplus#1732,ddxplus,3,1,1711.0000,2554
4137,ddxplus#1733,ddxplus,3,1,1711.0000,2555
4138,hotpotqa#1469,hotpotqa,3,1,1711.0000,2556
4139,ds1000#651,ds1000,3,0,1712.0000,2556
4140,ddxplus#1734,ddxplus,3,1,1712.0000,2557
4141,hotpotqa#1470,hotpotqa,3,1,1712.0000,2558
4142,ds1000#41,ds1000,3,0,1713.0000,2558
4143,ds1000#553,ds1000,3,0,1714.0000,2558
4144,ddxplus#1735,ddxplus,3,1,1714.0000,2559
4145,ddxplus#1736,ddxplus,3,1,1714.0000,2560
4146,hotpotqa#1471,hotpotqa,3,0,1715.0000,2560
4147,hotpotqa#1472,hotpotqa,3,0,1716.0000,2560
4148,hotpotqa#1473,hotpotqa,3,0,1717.0000,2560
4149,ddxplus#1737,ddxplus,3,0,1718.0000,2560
4150,ddxplus#1738,ddxplus,3,1,1718.0000,2561
4151,hotpotqa#1474,hotpotqa,3,0,1719.0000,2561
4152,hotpotqa#1475,hotpotqa,3,1,1719.0000,2562
4153,hotpotqa#1476,hotpotqa,3,1,1719.0000,2563
4154,ddxplus#1739,ddxplus,3,1,1719.0000,2564
4155,hotpotqa#1477,hotpotqa,3,1,1719.0000,2565
4156,ds1000#366,ds1000,3,0,1720.0000,2565
4157,hotpotqa#1478,hotpotqa,3,1,1720.0000,2566
4158,hotpotqa#1479,hotpotqa,3,1,1720.0000,2567
4159,hotpotqa#1480,hotpotqa,3,0,1721.0000,2567
4160,hotpotqa#1481,hotpotqa,3,0,1722.0000,2567
4161,hotpotqa#1482,hotpotqa,3,1,1722.0000,2568
4162,ds1000#534,ds1000,3,0,1723.0000,2568
4163,hotpotqa#1483,hotpotqa,3,1,1723.0000,2569
4164,hotpotqa#1484,hotpotqa,3,1,1723.0000,2570
4165,ds1000#275,ds1000,3,1,1723.0000,2571
4166,ddxplus#1740,ddxplus,3,1,1723.0000,2572
4167,ddxplus#1741,ddxplus,3,0,1724.0000,2572
4168,ddxplus#1742,ddxplus,3,1,1724.0000,2573
4169,ds1000#832,ds1000,3,1,1724.0000,2574
4170,ddxplus#1743,ddxplus,3,1,1724.0000,2575
4171,ds1000#303,ds1000,3,1,1724.0000,2576
4172,hotpotqa#1485,hotpotqa,3,0,1725.0000,2576
4173,ds1000#113,ds1000,3,0,1726.0000,2576
4174,ds1000#749,ds1000,3,0,1727.0000,2576
4175,ddxplus#1744,ddxplus,3,0,1728.0000,2576
4176,ddxplus#1745,ddxplus,3,1,1728.0000,2577
4177,hotpotqa#1486,hotpotqa,3,0,1729.0000,2577
4178,ddxplus#1746,ddxplus,3,0,1730.0000,2577
4179,ddxplus#1747,ddxplus,3,0,1731.0000,2577
4180,hotpotqa#1487,hotpotqa,3,0,1732.0000,2577
4181,ddxplus#1748,ddxplus,3,0,1733.0000,2577
4182,hotpotqa#1488,hotpotqa,3,1,1733.0000,2578
4183,ds1000#908,ds1000,3,0,1734.0000,2578
4184,ddxplus#1749,ddxplus,3,1,1734.0000,2579
4185,ddxplus#1750,ddxplus,3,0,1735.0000,2579
4186,ddxplus#1751,ddxplus,3,1,1735.0000,2580
4187,ds1000#437,ds1000,3,1,1735.0000,2581
4188,ds1000#491,ds1000,3,1,1735.0000,2582
4189,ddxplus#1752,ddxplus,3,1,1735.0000,2583
4190,ds1000#526,ds1000,3,0,1736.0000,2583
4191,ds1000#141,ds1000,3,0,1737.0000,2583
4192,ds1000#548,ds1000,3,0,1738.0000,2583
4193,ddxplus#1753,ddxplus,3,1,1738.0000,2584
4194,ddxplus#1754,ddxplus,3,1,1738.0000,2585
4195,ddxplus#1755,ddxplus,3,0,1739.0000,2585
4196,hotpotqa#1489,hotpotqa,3,0,1740.0000,2585
4197,hotpotqa#1490,hotpotqa,3,0,1741.0000,2585
4198,hotpotqa#1491,hotpotqa,3,0,1742.0000,2585
4199,ddxplus#1756,ddxplus,3,0,1743.0000,2585
4200,hotpotqa#1492,hotpotqa,3,1,1743.0000,2586
4201,ddxplus#1757,ddxplus,3,0,1744.0000,2586
4202,ddxplus#1758,ddxplus,3,1,1744.0000,2587
4203,ds1000#609,ds1000,3,1,1744.0000,2588
4204,hotpotqa#1493,hotpotqa,3,1,1744.0000,2589
4205,ddxplus#1759,ddxplus,3,1,1744.0000,2590
4206,hotpotqa#1494,hotpotqa,3,1,1744.0000,2591
4207,ddxplus#1760,ddxplus,3,0,1745.0000,2591
4208,ds1000#961,ds1000,3,1,1745.0000,2592
4209,hotpotqa#1495,hotpotqa,3,0,1746.0000,2592
4210,hotpotqa#1496,hotpotqa,3,1,1746.0000,2593
4211,hotpotqa#1497,hotpotqa,3,1,1746.0000,2594
4212,ddxplus#1761,ddxplus,3,1,1746.0000,2595
4213,ddxplus#1762,ddxplus,3,1,1746.0000,2596
4214,ds1000#973,ds1000,3,0,1747.0000,2596
4215,hotpotqa#1498,hotpotqa,3,1,1747.0000,2597
4216,hotpotqa#1499,hotpotqa,3,0,1748.0000,2597
4217,ddxplus#1763,ddxplus,3,0,1749.0000,2597
4218,ds1000#648,ds1000,3,0,1750.0000,2597
